STATION_ID,MMP_SITE_NAME,LONGITUDE,LATITUDE,LOGGER_SERIAL,SAMPLE_DAY,CHL_QA_AVG,NTU_QA_AVG
BUR13,Burdekin River mouth mooring,147.5822,-19.5875,1958,2015-03-22,1.91,3.901
BUR13,Burdekin River mouth mooring,147.5822,-19.5875,1958,2015-03-23,1.935,3.958
BUR13,Burdekin River mouth mooring,147.5822,-19.5875,1958,2015-03-24,1.867,2.408
BUR13,Burdekin River mouth mooring,147.5822,-19.5875,1958,2015-03-25,2.166,1.352
BUR13,Burdekin River mouth mooring,147.5822,-19.5875,1958,2015-03-26,1.911,1.058
BUR13,Burdekin River mouth mooring,147.5822,-19.5875,1958,2015-03-27,2.303,1.892
BUR13,Burdekin River mouth mooring,147.5822,-19.5875,1958,2015-03-28,1.719,4.909
BUR13,Burdekin River mouth mooring,147.5822,-19.5875,1958,2015-03-29,1.891,11.123
BUR13,Burdekin River mouth mooring,147.5822,-19.5875,1958,2015-03-30,1.627,9.644
BUR13,Burdekin River mouth mooring,147.5822,-19.5875,1958,2015-03-31,1.754,6.096
BUR13,Burdekin River mouth mooring,147.5822,-19.5875,1958,2015-04-01,1.634,7.812
BUR13,Burdekin River mouth mooring,147.5822,-19.5875,1958,2015-04-02,1.814,4.977
BUR13,Burdekin River mouth mooring,147.5822,-19.5875,1958,2015-04-03,1.364,3.24
BUR13,Burdekin River mouth mooring,147.5822,-19.5875,1958,2015-04-04,1.123,1.961
BUR13,Burdekin River mouth mooring,147.5822,-19.5875,1958,2015-04-05,0.752,0.682
BUR13,Burdekin River mouth mooring,147.5822,-19.5875,1958,2015-04-06,0.608,0.627
BUR13,Burdekin River mouth mooring,147.5822,-19.5875,1958,2015-04-07,0.492,0.636
BUR13,Burdekin River mouth mooring,147.5822,-19.5875,1958,2015-04-08,0.605,1.68
BUR13,Burdekin River mouth mooring,147.5822,-19.5875,1958,2015-04-09,0.914,6.025
BUR13,Burdekin River mouth mooring,147.5822,-19.5875,1958,2015-04-10,1.109,8.079
BUR13,Burdekin River mouth mooring,147.5822,-19.5875,1958,2015-04-11,1.131,7.413
BUR13,Burdekin River mouth mooring,147.5822,-19.5875,1958,2015-04-12,1.161,4.621
BUR13,Burdekin River mouth mooring,147.5822,-19.5875,1958,2015-04-13,1.026,3.721
BUR13,Burdekin River mouth mooring,147.5822,-19.5875,1958,2015-04-14,1.259,8.095
BUR13,Burdekin River mouth mooring,147.5822,-19.5875,1958,2015-04-15,1.248,9.065
BUR13,Burdekin River mouth mooring,147.5822,-19.5875,1958,2015-04-16,1.306,8.29
BUR13,Burdekin River mouth mooring,147.5822,-19.5875,1958,2015-04-17,1.458,8.464
BUR13,Burdekin River mouth mooring,147.5822,-19.5875,1958,2015-04-18,1.507,9.068
BUR13,Burdekin River mouth mooring,147.5822,-19.5875,1958,2015-04-19,1.454,6.679
BUR13,Burdekin River mouth mooring,147.5822,-19.5875,1958,2015-04-20,1.418,4.556
BUR13,Burdekin River mouth mooring,147.5822,-19.5875,1958,2015-04-21,1.484,4.733
BUR13,Burdekin River mouth mooring,147.5822,-19.5875,1958,2015-04-22,1.364,3.535
BUR13,Burdekin River mouth mooring,147.5822,-19.5875,1958,2015-04-23,1.41,2.522
BUR13,Burdekin River mouth mooring,147.5822,-19.5875,1958,2015-04-24,1.386,1.594
BUR13,Burdekin River mouth mooring,147.5822,-19.5875,1958,2015-04-25,0.684,0.814
BUR13,Burdekin River mouth mooring,147.5822,-19.5875,1958,2015-04-26,0.468,0.671
BUR13,Burdekin River mouth mooring,147.5822,-19.5875,1958,2015-04-27,0.525,1.37
BUR13,Burdekin River mouth mooring,147.5822,-19.5875,1958,2015-04-28,0.815,2.943
BUR13,Burdekin River mouth mooring,147.5822,-19.5875,1958,2015-04-29,1.171,4.607
BUR13,Burdekin River mouth mooring,147.5822,-19.5875,1958,2015-04-30,1.232,3.399
BUR13,Burdekin River mouth mooring,147.5822,-19.5875,1958,2015-05-01,0.949,2.379
BUR13,Burdekin River mouth mooring,147.5822,-19.5875,1958,2015-05-02,1.067,1.598
BUR13,Burdekin River mouth mooring,147.5822,-19.5875,1958,2015-05-03,1.028,1.216
BUR13,Burdekin River mouth mooring,147.5822,-19.5875,1958,2015-05-04,1.19,1.166
BUR13,Burdekin River mouth mooring,147.5822,-19.5875,1958,2015-05-05,1.243,1.241
BUR13,Burdekin River mouth mooring,147.5822,-19.5875,1958,2015-05-06,1.279,1.3
BUR13,Burdekin River mouth mooring,147.5822,-19.5875,1958,2015-05-07,1.454,1.805
BUR13,Burdekin River mouth mooring,147.5822,-19.5875,1958,2015-05-08,1.595,2.602
BUR13,Burdekin River mouth mooring,147.5822,-19.5875,1958,2015-05-09,1.558,3.791
BUR13,Burdekin River mouth mooring,147.5822,-19.5875,1958,2015-05-10,1.488,4.095
BUR13,Burdekin River mouth mooring,147.5822,-19.5875,1958,2015-05-11,1.347,2.552
BUR13,Burdekin River mouth mooring,147.5822,-19.5875,1958,2015-05-12,1.219,2.143
BUR13,Burdekin River mouth mooring,147.5822,-19.5875,1958,2015-05-13,1.134,1.811
BUR13,Burdekin River mouth mooring,147.5822,-19.5875,1958,2015-05-14,1.305,4.454
BUR13,Burdekin River mouth mooring,147.5822,-19.5875,1958,2015-05-15,1.241,11.667
BUR13,Burdekin River mouth mooring,147.5822,-19.5875,1958,2015-05-16,0.998,9.811
BUR13,Burdekin River mouth mooring,147.5822,-19.5875,1958,2015-05-17,1.122,10.994
BUR13,Burdekin River mouth mooring,147.5822,-19.5875,1958,2015-05-18,1.174,8.568
BUR13,Burdekin River mouth mooring,147.5822,-19.5875,1958,2015-05-19,1.106,6.003
BUR13,Burdekin River mouth mooring,147.5822,-19.5875,1958,2015-05-20,0.885,3.807
BUR13,Burdekin River mouth mooring,147.5822,-19.5875,1958,2015-05-21,0.715,2.634
BUR13,Burdekin River mouth mooring,147.5822,-19.5875,1958,2015-05-22,0.588,1.436
BUR13,Burdekin River mouth mooring,147.5822,-19.5875,1958,2015-05-23,0.865,3.224
BUR13,Burdekin River mouth mooring,147.5822,-19.5875,1958,2015-05-24,1.096,6.301
BUR13,Burdekin River mouth mooring,147.5822,-19.5875,1958,2015-05-25,1.033,9.925
BUR13,Burdekin River mouth mooring,147.5822,-19.5875,1958,2015-05-26,1.139,6.59
BUR13,Burdekin River mouth mooring,147.5822,-19.5875,1958,2015-05-27,1.121,5.682
BUR13,Burdekin River mouth mooring,147.5822,-19.5875,1958,2015-05-28,0.983,5.115
BUR13,Burdekin River mouth mooring,147.5822,-19.5875,1958,2015-05-29,1.13,4.309
BUR13,Burdekin River mouth mooring,147.5822,-19.5875,1958,2015-05-30,1.086,3.834
BUR13,Burdekin River mouth mooring,147.5822,-19.5875,1958,2015-05-31,0.983,3.327
BUR13,Burdekin River mouth mooring,147.5822,-19.5875,1958,2015-06-01,0.848,2.286
BUR13,Burdekin River mouth mooring,147.5822,-19.5875,837,2015-06-01,1.075,1.929
BUR13,Burdekin River mouth mooring,147.5822,-19.5875,837,2015-06-02,1.013,2.484
BUR13,Burdekin River mouth mooring,147.5822,-19.5875,837,2015-06-03,1.346,5.619
BUR13,Burdekin River mouth mooring,147.5822,-19.5875,837,2015-06-04,1.487,3.984
BUR13,Burdekin River mouth mooring,147.5822,-19.5875,837,2015-06-05,1.338,2.915
BUR13,Burdekin River mouth mooring,147.5822,-19.5875,837,2015-06-06,1.08,3.548
BUR13,Burdekin River mouth mooring,147.5822,-19.5875,837,2015-06-07,0.948,6.258
BUR13,Burdekin River mouth mooring,147.5822,-19.5875,837,2015-06-08,0.85,5.376
BUR13,Burdekin River mouth mooring,147.5822,-19.5875,837,2015-06-09,0.902,5.434
BUR13,Burdekin River mouth mooring,147.5822,-19.5875,837,2015-06-10,0.916,5.536
BUR13,Burdekin River mouth mooring,147.5822,-19.5875,837,2015-06-11,0.939,9.931
BUR13,Burdekin River mouth mooring,147.5822,-19.5875,837,2015-06-12,0.783,12.556
BUR13,Burdekin River mouth mooring,147.5822,-19.5875,837,2015-06-13,0.785,9.764
BUR13,Burdekin River mouth mooring,147.5822,-19.5875,837,2015-06-14,1.034,4.718
BUR13,Burdekin River mouth mooring,147.5822,-19.5875,837,2015-06-15,1.213,4.783
BUR13,Burdekin River mouth mooring,147.5822,-19.5875,837,2015-06-16,1.223,4.178
BUR13,Burdekin River mouth mooring,147.5822,-19.5875,837,2015-06-17,0.924,2.876
BUR13,Burdekin River mouth mooring,147.5822,-19.5875,837,2015-06-18,0.642,1.805
BUR13,Burdekin River mouth mooring,147.5822,-19.5875,837,2015-06-19,0.544,1.295
BUR13,Burdekin River mouth mooring,147.5822,-19.5875,837,2015-06-20,0.839,3.671
BUR13,Burdekin River mouth mooring,147.5822,-19.5875,837,2015-06-21,1.091,8.343
BUR13,Burdekin River mouth mooring,147.5822,-19.5875,837,2015-06-22,1.079,9.401
BUR13,Burdekin River mouth mooring,147.5822,-19.5875,837,2015-06-23,0.834,8.38
BUR13,Burdekin River mouth mooring,147.5822,-19.5875,837,2015-06-24,0.881,4.045
BUR13,Burdekin River mouth mooring,147.5822,-19.5875,837,2015-06-25,0.676,2.25
BUR13,Burdekin River mouth mooring,147.5822,-19.5875,837,2015-06-26,0.565,2.028
BUR13,Burdekin River mouth mooring,147.5822,-19.5875,837,2015-06-27,0.78,4.572
BUR13,Burdekin River mouth mooring,147.5822,-19.5875,837,2015-06-28,0.79,5.689
BUR13,Burdekin River mouth mooring,147.5822,-19.5875,837,2015-06-29,0.751,9.824
BUR13,Burdekin River mouth mooring,147.5822,-19.5875,837,2015-06-30,0.741,8.985
BUR13,Burdekin River mouth mooring,147.5822,-19.5875,837,2015-07-01,0.95,4.607
BUR13,Burdekin River mouth mooring,147.5822,-19.5875,837,2015-07-02,1.161,3.777
BUR13,Burdekin River mouth mooring,147.5822,-19.5875,837,2015-07-03,1.216,3.442
BUR13,Burdekin River mouth mooring,147.5822,-19.5875,837,2015-07-04,1.162,4.782
BUR13,Burdekin River mouth mooring,147.5822,-19.5875,837,2015-07-05,1.159,4.861
BUR13,Burdekin River mouth mooring,147.5822,-19.5875,837,2015-07-06,1.071,3.16
BUR13,Burdekin River mouth mooring,147.5822,-19.5875,837,2015-07-07,0.834,1.883
BUR13,Burdekin River mouth mooring,147.5822,-19.5875,837,2015-07-08,0.878,2.617
BUR13,Burdekin River mouth mooring,147.5822,-19.5875,837,2015-07-09,1.125,5.356
BUR13,Burdekin River mouth mooring,147.5822,-19.5875,837,2015-07-10,1.142,4.572
BUR13,Burdekin River mouth mooring,147.5822,-19.5875,837,2015-07-11,1.136,3.068
BUR13,Burdekin River mouth mooring,147.5822,-19.5875,837,2015-07-12,0.965,1.633
BUR13,Burdekin River mouth mooring,147.5822,-19.5875,837,2015-07-13,0.653,0.916
BUR13,Burdekin River mouth mooring,147.5822,-19.5875,837,2015-07-14,0.636,0.816
BUR13,Burdekin River mouth mooring,147.5822,-19.5875,837,2015-07-15,0.421,0.764
BUR13,Burdekin River mouth mooring,147.5822,-19.5875,837,2015-07-16,0.277,0.599
BUR13,Burdekin River mouth mooring,147.5822,-19.5875,837,2015-07-17,0.326,0.563
BUR13,Burdekin River mouth mooring,147.5822,-19.5875,837,2015-07-18,0.61,2.153
BUR13,Burdekin River mouth mooring,147.5822,-19.5875,837,2015-07-19,0.864,3.7
BUR13,Burdekin River mouth mooring,147.5822,-19.5875,837,2015-07-20,0.641,3.198
BUR13,Burdekin River mouth mooring,147.5822,-19.5875,837,2015-07-21,0.509,3.365
BUR13,Burdekin River mouth mooring,147.5822,-19.5875,837,2015-07-22,0.689,4.257
BUR13,Burdekin River mouth mooring,147.5822,-19.5875,837,2015-07-23,0.593,2.452
BUR13,Burdekin River mouth mooring,147.5822,-19.5875,837,2015-07-24,0.639,2.112
BUR13,Burdekin River mouth mooring,147.5822,-19.5875,837,2015-07-25,0.543,1.341
BUR13,Burdekin River mouth mooring,147.5822,-19.5875,837,2015-07-26,0.487,1.306
BUR13,Burdekin River mouth mooring,147.5822,-19.5875,837,2015-07-27,0.415,1.029
BUR13,Burdekin River mouth mooring,147.5822,-19.5875,837,2015-07-28,0.705,5.135
BUR13,Burdekin River mouth mooring,147.5822,-19.5875,837,2015-07-29,0.839,18.193
BUR13,Burdekin River mouth mooring,147.5822,-19.5875,837,2015-07-30,0.838,11.924
BUR13,Burdekin River mouth mooring,147.5822,-19.5875,837,2015-07-31,1.055,7.318
BUR13,Burdekin River mouth mooring,147.5822,-19.5875,837,2015-08-01,1.145,6.657
BUR13,Burdekin River mouth mooring,147.5822,-19.5875,837,2015-08-02,1.156,4.687
BUR13,Burdekin River mouth mooring,147.5822,-19.5875,837,2015-08-03,0.916,2.926
BUR13,Burdekin River mouth mooring,147.5822,-19.5875,837,2015-08-04,0.619,1.522
BUR13,Burdekin River mouth mooring,147.5822,-19.5875,837,2015-08-05,0.745,1.844
BUR13,Burdekin River mouth mooring,147.5822,-19.5875,837,2015-08-06,0.973,2.154
BUR13,Burdekin River mouth mooring,147.5822,-19.5875,837,2015-08-07,0.965,2.156
BUR13,Burdekin River mouth mooring,147.5822,-19.5875,837,2015-08-08,1.089,2.524
BUR13,Burdekin River mouth mooring,147.5822,-19.5875,837,2015-08-09,0.77,1.664
BUR13,Burdekin River mouth mooring,147.5822,-19.5875,837,2015-08-10,0.565,1.284
BUR13,Burdekin River mouth mooring,147.5822,-19.5875,837,2015-08-11,0.472,0.99
BUR13,Burdekin River mouth mooring,147.5822,-19.5875,837,2015-08-12,0.394,0.834
BUR13,Burdekin River mouth mooring,147.5822,-19.5875,837,2015-08-13,0.416,0.857
BUR13,Burdekin River mouth mooring,147.5822,-19.5875,837,2015-08-14,0.927,3.451
BUR13,Burdekin River mouth mooring,147.5822,-19.5875,837,2015-08-15,1.199,7.616
BUR13,Burdekin River mouth mooring,147.5822,-19.5875,837,2015-08-16,0.94,5.841
BUR13,Burdekin River mouth mooring,147.5822,-19.5875,837,2015-08-17,0.803,4.292
BUR13,Burdekin River mouth mooring,147.5822,-19.5875,837,2015-08-18,0.49,2.338
BUR13,Burdekin River mouth mooring,147.5822,-19.5875,837,2015-08-19,0.416,1.489
BUR13,Burdekin River mouth mooring,147.5822,-19.5875,837,2015-08-20,0.712,4.183
BUR13,Burdekin River mouth mooring,147.5822,-19.5875,837,2015-08-21,0.895,5.231
BUR13,Burdekin River mouth mooring,147.5822,-19.5875,837,2015-08-22,0.832,4.428
BUR13,Burdekin River mouth mooring,147.5822,-19.5875,837,2015-08-23,0.711,3.554
BUR13,Burdekin River mouth mooring,147.5822,-19.5875,837,2015-08-24,0.653,2.528
BUR13,Burdekin River mouth mooring,147.5822,-19.5875,837,2015-08-25,0.435,1.432
BUR13,Burdekin River mouth mooring,147.5822,-19.5875,837,2015-08-26,0.522,1.014
BUR13,Burdekin River mouth mooring,147.5822,-19.5875,837,2015-08-27,0.737,1.374
BUR13,Burdekin River mouth mooring,147.5822,-19.5875,837,2015-08-28,0.852,2.293
BUR13,Burdekin River mouth mooring,147.5822,-19.5875,837,2015-08-29,1.07,2.909
BUR13,Burdekin River mouth mooring,147.5822,-19.5875,837,2015-08-30,1.245,2.377
BUR13,Burdekin River mouth mooring,147.5822,-19.5875,837,2015-08-31,1.126,1.972
BUR13,Burdekin River mouth mooring,147.5822,-19.5875,837,2015-09-01,1.359,2.132
BUR13,Burdekin River mouth mooring,147.5822,-19.5875,837,2015-09-02,0.728,1.173
BUR13,Burdekin River mouth mooring,147.5822,-19.5875,837,2015-09-03,0.318,0.69
BUR13,Burdekin River mouth mooring,147.5822,-19.5875,837,2015-09-04,0.362,1.034
BUR13,Burdekin River mouth mooring,147.5822,-19.5875,837,2015-09-05,0.592,1.994
BUR13,Burdekin River mouth mooring,147.5822,-19.5875,837,2015-09-06,0.905,2.533
BUR13,Burdekin River mouth mooring,147.5822,-19.5875,837,2015-09-07,0.916,4.189
BUR13,Burdekin River mouth mooring,147.5822,-19.5875,837,2015-09-08,0.817,3.694
BUR13,Burdekin River mouth mooring,147.5822,-19.5875,837,2015-09-09,0.66,2.852
BUR13,Burdekin River mouth mooring,147.5822,-19.5875,837,2015-09-10,0.954,8.779
BUR13,Burdekin River mouth mooring,147.5822,-19.5875,837,2015-09-11,1.125,16.933
BUR13,Burdekin River mouth mooring,147.5822,-19.5875,837,2015-09-12,1.183,12.498
BUR13,Burdekin River mouth mooring,147.5822,-19.5875,837,2015-09-13,1.029,10.511
BUR13,Burdekin River mouth mooring,147.5822,-19.5875,837,2015-09-14,0.937,12.641
BUR13,Burdekin River mouth mooring,147.5822,-19.5875,837,2015-09-15,0.973,8.894
BUR13,Burdekin River mouth mooring,147.5822,-19.5875,837,2015-09-16,0.716,3.657
BUR13,Burdekin River mouth mooring,147.5822,-19.5875,837,2015-09-17,0.429,2.063
BUR13,Burdekin River mouth mooring,147.5822,-19.5875,837,2015-09-18,0.369,1.89
BUR13,Burdekin River mouth mooring,147.5822,-19.5875,837,2015-09-19,0.579,3.372
BUR13,Burdekin River mouth mooring,147.5822,-19.5875,837,2015-09-20,0.645,3.427
BUR13,Burdekin River mouth mooring,147.5822,-19.5875,837,2015-09-21,0.627,3.132
BUR13,Burdekin River mouth mooring,147.5822,-19.5875,837,2015-09-22,0.456,1.914
BUR13,Burdekin River mouth mooring,147.5822,-19.5875,837,2015-09-23,0.34,1.38
BUR13,Burdekin River mouth mooring,147.5822,-19.5875,818,2015-09-23,0.374,1.031
BUR13,Burdekin River mouth mooring,147.5822,-19.5875,818,2015-09-24,0.657,3.367
BUR13,Burdekin River mouth mooring,147.5822,-19.5875,818,2015-09-25,1.04,5.39
BUR13,Burdekin River mouth mooring,147.5822,-19.5875,818,2015-09-26,1.155,7.009
BUR13,Burdekin River mouth mooring,147.5822,-19.5875,818,2015-09-27,1.091,5.682
BUR13,Burdekin River mouth mooring,147.5822,-19.5875,818,2015-09-28,0.91,3.741
BUR13,Burdekin River mouth mooring,147.5822,-19.5875,818,2015-09-29,0.71,2.662
BUR13,Burdekin River mouth mooring,147.5822,-19.5875,818,2015-09-30,0.585,2.144
BUR13,Burdekin River mouth mooring,147.5822,-19.5875,818,2015-10-01,0.608,2.846
BUR13,Burdekin River mouth mooring,147.5822,-19.5875,818,2015-10-02,0.834,9.65
BUR13,Burdekin River mouth mooring,147.5822,-19.5875,818,2015-10-03,0.833,25.205
BUR13,Burdekin River mouth mooring,147.5822,-19.5875,818,2015-10-04,0.877,16.776
BUR13,Burdekin River mouth mooring,147.5822,-19.5875,818,2015-10-05,1.005,12.416
BUR13,Burdekin River mouth mooring,147.5822,-19.5875,818,2015-10-06,1.082,10.688
BUR13,Burdekin River mouth mooring,147.5822,-19.5875,818,2015-10-07,1.08,8.431
BUR13,Burdekin River mouth mooring,147.5822,-19.5875,818,2015-10-08,1.054,10.036
BUR13,Burdekin River mouth mooring,147.5822,-19.5875,818,2015-10-09,0.96,18.951
BUR13,Burdekin River mouth mooring,147.5822,-19.5875,818,2015-10-10,0.949,17.627
BUR13,Burdekin River mouth mooring,147.5822,-19.5875,818,2015-10-11,0.992,11.581
BUR13,Burdekin River mouth mooring,147.5822,-19.5875,818,2015-10-12,1.084,7.958
BUR13,Burdekin River mouth mooring,147.5822,-19.5875,818,2015-10-13,0.887,3.906
BUR13,Burdekin River mouth mooring,147.5822,-19.5875,818,2015-10-14,0.715,3.276
BUR13,Burdekin River mouth mooring,147.5822,-19.5875,818,2015-10-15,0.702,5.009
BUR13,Burdekin River mouth mooring,147.5822,-19.5875,818,2015-10-16,0.901,7.255
BUR13,Burdekin River mouth mooring,147.5822,-19.5875,818,2015-10-17,0.927,8.93
BUR13,Burdekin River mouth mooring,147.5822,-19.5875,818,2015-10-18,0.91,9.23
BUR13,Burdekin River mouth mooring,147.5822,-19.5875,818,2015-10-19,1.035,7.424
BUR13,Burdekin River mouth mooring,147.5822,-19.5875,818,2015-10-20,0.981,5.717
BUR13,Burdekin River mouth mooring,147.5822,-19.5875,818,2015-10-21,0.84,4.619
BUR13,Burdekin River mouth mooring,147.5822,-19.5875,818,2015-10-22,0.631,2.491
BUR13,Burdekin River mouth mooring,147.5822,-19.5875,818,2015-10-23,0.554,1.458
BUR13,Burdekin River mouth mooring,147.5822,-19.5875,818,2015-10-24,0.62,1.229
BUR13,Burdekin River mouth mooring,147.5822,-19.5875,818,2015-10-25,1.199,2.868
BUR13,Burdekin River mouth mooring,147.5822,-19.5875,818,2015-10-26,0.95,3.243
BUR13,Burdekin River mouth mooring,147.5822,-19.5875,818,2015-10-27,0.908,2.477
BUR13,Burdekin River mouth mooring,147.5822,-19.5875,818,2015-10-28,0.887,2.116
BUR13,Burdekin River mouth mooring,147.5822,-19.5875,818,2015-10-29,0.93,1.794
BUR13,Burdekin River mouth mooring,147.5822,-19.5875,818,2015-10-30,1.043,2.566
BUR13,Burdekin River mouth mooring,147.5822,-19.5875,818,2015-10-31,1.064,3.278
BUR13,Burdekin River mouth mooring,147.5822,-19.5875,818,2015-11-01,1.027,3.984
BUR13,Burdekin River mouth mooring,147.5822,-19.5875,818,2015-11-02,0.599,1.893
BUR13,Burdekin River mouth mooring,147.5822,-19.5875,818,2015-11-03,0.266,0.968
BUR13,Burdekin River mouth mooring,147.5822,-19.5875,818,2015-11-04,0.286,0.845
BUR13,Burdekin River mouth mooring,147.5822,-19.5875,818,2015-11-05,0.284,0.811
BUR13,Burdekin River mouth mooring,147.5822,-19.5875,818,2015-11-06,0.305,0.694
BUR13,Burdekin River mouth mooring,147.5822,-19.5875,818,2015-11-07,0.227,0.578
BUR13,Burdekin River mouth mooring,147.5822,-19.5875,818,2015-11-08,0.192,0.554
BUR13,Burdekin River mouth mooring,147.5822,-19.5875,818,2015-11-09,0.279,0.953
BUR13,Burdekin River mouth mooring,147.5822,-19.5875,818,2015-11-10,0.817,3.17
BUR13,Burdekin River mouth mooring,147.5822,-19.5875,818,2015-11-11,0.864,2.573
BUR13,Burdekin River mouth mooring,147.5822,-19.5875,818,2015-11-12,0.953,3.776
BUR13,Burdekin River mouth mooring,147.5822,-19.5875,818,2015-11-13,0.898,2.616
BUR13,Burdekin River mouth mooring,147.5822,-19.5875,818,2015-11-14,0.726,1.692
BUR13,Burdekin River mouth mooring,147.5822,-19.5875,818,2015-11-15,0.675,1.227
BUR13,Burdekin River mouth mooring,147.5822,-19.5875,818,2015-11-16,0.298,0.701
BUR13,Burdekin River mouth mooring,147.5822,-19.5875,818,2015-11-17,0.559,2.371
BUR13,Burdekin River mouth mooring,147.5822,-19.5875,818,2015-11-18,1.025,8.462
BUR13,Burdekin River mouth mooring,147.5822,-19.5875,818,2015-11-19,1.009,13.095
BUR13,Burdekin River mouth mooring,147.5822,-19.5875,818,2015-11-20,0.927,9.275
BUR13,Burdekin River mouth mooring,147.5822,-19.5875,818,2015-11-21,1.05,9.078
BUR13,Burdekin River mouth mooring,147.5822,-19.5875,818,2015-11-22,1.015,5.985
BUR13,Burdekin River mouth mooring,147.5822,-19.5875,818,2015-11-23,0.806,4.247
BUR13,Burdekin River mouth mooring,147.5822,-19.5875,818,2015-11-24,0.736,2.954
BUR13,Burdekin River mouth mooring,147.5822,-19.5875,818,2015-11-25,0.691,2.994
BUR13,Burdekin River mouth mooring,147.5822,-19.5875,818,2015-11-26,0.674,2.528
BUR13,Burdekin River mouth mooring,147.5822,-19.5875,818,2015-11-27,0.677,1.452
BUR13,Burdekin River mouth mooring,147.5822,-19.5875,818,2015-11-28,0.606,0.772
BUR13,Burdekin River mouth mooring,147.5822,-19.5875,818,2015-11-29,0.355,0.455
BUR13,Burdekin River mouth mooring,147.5822,-19.5875,818,2015-11-30,0.415,0.535
BUR13,Burdekin River mouth mooring,147.5822,-19.5875,818,2015-12-01,0.521,0.87
BUR13,Burdekin River mouth mooring,147.5822,-19.5875,818,2015-12-02,0.481,1.157
BUR13,Burdekin River mouth mooring,147.5822,-19.5875,818,2015-12-03,0.822,2.993
BUR13,Burdekin River mouth mooring,147.5822,-19.5875,818,2015-12-04,1.06,6.367
BUR13,Burdekin River mouth mooring,147.5822,-19.5875,818,2015-12-05,0.949,9.248
BUR13,Burdekin River mouth mooring,147.5822,-19.5875,818,2015-12-06,0.725,3.357
BUR13,Burdekin River mouth mooring,147.5822,-19.5875,818,2015-12-07,0.639,3.222
BUR13,Burdekin River mouth mooring,147.5822,-19.5875,818,2015-12-08,0.701,2.57
BUR13,Burdekin River mouth mooring,147.5822,-19.5875,818,2015-12-09,0.617,2.226
BUR13,Burdekin River mouth mooring,147.5822,-19.5875,818,2015-12-10,0.601,1.798
BUR13,Burdekin River mouth mooring,147.5822,-19.5875,818,2015-12-11,0.511,1.059
BUR13,Burdekin River mouth mooring,147.5822,-19.5875,818,2015-12-12,0.465,0.572
BUR13,Burdekin River mouth mooring,147.5822,-19.5875,818,2015-12-13,0.73,0.763
BUR13,Burdekin River mouth mooring,147.5822,-19.5875,818,2015-12-14,0.927,2.139
BUR13,Burdekin River mouth mooring,147.5822,-19.5875,818,2015-12-15,1.029,3.438
BUR13,Burdekin River mouth mooring,147.5822,-19.5875,818,2015-12-16,0.79,4.0
BUR13,Burdekin River mouth mooring,147.5822,-19.5875,818,2015-12-17,0.613,3.625
BUR13,Burdekin River mouth mooring,147.5822,-19.5875,818,2015-12-18,0.523,3.844
BUR13,Burdekin River mouth mooring,147.5822,-19.5875,818,2015-12-19,0.81,11.624
BUR13,Burdekin River mouth mooring,147.5822,-19.5875,818,2015-12-20,0.866,7.88
BUR13,Burdekin River mouth mooring,147.5822,-19.5875,818,2015-12-21,0.846,5.444
BUR13,Burdekin River mouth mooring,147.5822,-19.5875,818,2015-12-22,0.943,6.467
BUR13,Burdekin River mouth mooring,147.5822,-19.5875,818,2015-12-23,0.817,5.024
BUR13,Burdekin River mouth mooring,147.5822,-19.5875,818,2015-12-24,0.71,2.915
BUR13,Burdekin River mouth mooring,147.5822,-19.5875,818,2015-12-25,0.666,2.951
BUR13,Burdekin River mouth mooring,147.5822,-19.5875,818,2015-12-26,0.607,1.876
BUR13,Burdekin River mouth mooring,147.5822,-19.5875,818,2015-12-27,0.591,1.153
BUR13,Burdekin River mouth mooring,147.5822,-19.5875,818,2015-12-28,0.854,2.105
BUR13,Burdekin River mouth mooring,147.5822,-19.5875,818,2015-12-29,0.774,9.037
BUR13,Burdekin River mouth mooring,147.5822,-19.5875,818,2015-12-30,0.664,28.542
BUR13,Burdekin River mouth mooring,147.5822,-19.5875,818,2015-12-31,0.808,7.596
BUR13,Burdekin River mouth mooring,147.5822,-19.5875,818,2016-01-01,0.673,2.407
BUR13,Burdekin River mouth mooring,147.5822,-19.5875,818,2016-01-02,0.478,1.293
BUR13,Burdekin River mouth mooring,147.5822,-19.5875,818,2016-01-03,0.493,3.17
BUR13,Burdekin River mouth mooring,147.5822,-19.5875,818,2016-01-04,0.491,1.435
BUR13,Burdekin River mouth mooring,147.5822,-19.5875,818,2016-01-05,0.353,1.033
BUR13,Burdekin River mouth mooring,147.5822,-19.5875,818,2016-01-06,0.559,0.782
BUR13,Burdekin River mouth mooring,147.5822,-19.5875,818,2016-01-07,0.285,0.558
BUR13,Burdekin River mouth mooring,147.5822,-19.5875,818,2016-01-08,0.937,0.681
BUR13,Burdekin River mouth mooring,147.5822,-19.5875,818,2016-01-09,0.626,1.358
BUR13,Burdekin River mouth mooring,147.5822,-19.5875,818,2016-01-10,2.068,2.495
BUR13,Burdekin River mouth mooring,147.5822,-19.5875,818,2016-01-11,0.808,2.193
BUR13,Burdekin River mouth mooring,147.5822,-19.5875,818,2016-01-12,1.71,1.794
BUR13,Burdekin River mouth mooring,147.5822,-19.5875,818,2016-01-13,0.724,2.152
BUR13,Burdekin River mouth mooring,147.5822,-19.5875,818,2016-01-14,0.998,3.789
BUR13,Burdekin River mouth mooring,147.5822,-19.5875,818,2016-01-15,0.656,2.794
BUR13,Burdekin River mouth mooring,147.5822,-19.5875,818,2016-01-16,0.769,1.585
BUR13,Burdekin River mouth mooring,147.5822,-19.5875,818,2016-01-17,1.036,3.076
BUR13,Burdekin River mouth mooring,147.5822,-19.5875,818,2016-01-18,1.201,5.832
BUR13,Burdekin River mouth mooring,147.5822,-19.5875,818,2016-01-19,0.983,10.664
BUR13,Burdekin River mouth mooring,147.5822,-19.5875,818,2016-01-20,0.907,6.287
BUR13,Burdekin River mouth mooring,147.5822,-19.5875,818,2016-01-21,0.801,6.131
BUR13,Burdekin River mouth mooring,147.5822,-19.5875,818,2016-01-22,0.749,3.52
BUR13,Burdekin River mouth mooring,147.5822,-19.5875,818,2016-01-23,0.572,1.841
BUR13,Burdekin River mouth mooring,147.5822,-19.5875,818,2016-01-24,0.532,1.115
BUR13,Burdekin River mouth mooring,147.5822,-19.5875,818,2016-01-25,0.479,0.692
BUR13,Burdekin River mouth mooring,147.5822,-19.5875,818,2016-01-26,0.487,0.485
BUR13,Burdekin River mouth mooring,147.5822,-19.5875,818,2016-01-27,0.46,0.519
BUR13,Burdekin River mouth mooring,147.5822,-19.5875,818,2016-01-28,0.487,0.452
BUR13,Burdekin River mouth mooring,147.5822,-19.5875,818,2016-01-29,0.307,0.464
BUR13,Burdekin River mouth mooring,147.5822,-19.5875,818,2016-01-30,0.467,0.544
BUR13,Burdekin River mouth mooring,147.5822,-19.5875,818,2016-01-31,0.498,0.514
BUR13,Burdekin River mouth mooring,147.5822,-19.5875,818,2016-02-01,0.584,0.615
BUR13,Burdekin River mouth mooring,147.5822,-19.5875,818,2016-02-02,0.596,0.655
BUR13,Burdekin River mouth mooring,147.5822,-19.5875,818,2016-02-03,0.82,1.144
BUR13,Burdekin River mouth mooring,147.5822,-19.5875,818,2016-02-04,0.989,1.728
BUR13,Burdekin River mouth mooring,147.5822,-19.5875,818,2016-02-05,0.938,1.538
BUR13,Burdekin River mouth mooring,147.5822,-19.5875,818,2016-02-06,0.928,1.344
BUR13,Burdekin River mouth mooring,147.5822,-19.5875,818,2016-02-07,1.12,6.368
BUR13,Burdekin River mouth mooring,147.5822,-19.5875,818,2016-02-08,0.992,6.511
BUR13,Burdekin River mouth mooring,147.5822,-19.5875,818,2016-02-09,1.079,16.559
BUR13,Burdekin River mouth mooring,147.5822,-19.5875,818,2016-02-10,1.045,22.444
BUR13,Burdekin River mouth mooring,147.5822,-19.5875,818,2016-02-11,1.044,14.257
BUR13,Burdekin River mouth mooring,147.5822,-19.5875,818,2016-02-12,1.057,7.284
BUR13,Burdekin River mouth mooring,147.5822,-19.5875,818,2016-02-13,1.052,6.995
BUR13,Burdekin River mouth mooring,147.5822,-19.5875,818,2016-02-14,0.949,3.833
BUR13,Burdekin River mouth mooring,147.5822,-19.5875,818,2016-02-15,1.118,3.513
BUR13,Burdekin River mouth mooring,147.5822,-19.5875,818,2016-02-16,0.838,2.272
BUR13,Burdekin River mouth mooring,147.5822,-19.5875,818,2016-02-17,0.486,1.491
BUR13,Burdekin River mouth mooring,147.5822,-19.5875,818,2016-02-18,0.442,1.737
BUR13,Burdekin River mouth mooring,147.5822,-19.5875,818,2016-02-19,0.546,2.804
BUR13,Burdekin River mouth mooring,147.5822,-19.5875,818,2016-02-20,0.698,7.658
BUR13,Burdekin River mouth mooring,147.5822,-19.5875,818,2016-02-21,1.056,28.853
BUR13,Burdekin River mouth mooring,147.5822,-19.5875,818,2016-02-22,0.911,29.472
BUR13,Burdekin River mouth mooring,147.5822,-19.5875,818,2016-02-23,0.986,24.522
BUR13,Burdekin River mouth mooring,147.5822,-19.5875,818,2016-02-24,1.019,18.505
BUR13,Burdekin River mouth mooring,147.5822,-19.5875,818,2016-02-25,1.058,9.696
BUR13,Burdekin River mouth mooring,147.5822,-19.5875,818,2016-02-26,1.012,5.49
BUR13,Burdekin River mouth mooring,147.5822,-19.5875,818,2016-02-27,1.088,3.625
BUR13,Burdekin River mouth mooring,147.5822,-19.5875,818,2016-02-28,0.999,4.726
BUR13,Burdekin River mouth mooring,147.5822,-19.5875,818,2016-02-29,0.616,1.298
BUR13,Burdekin River mouth mooring,147.5822,-19.5875,818,2016-03-01,0.512,1.519
BUR13,Burdekin River mouth mooring,147.5822,-19.5875,818,2016-03-02,0.893,6.528
BUR13,Burdekin River mouth mooring,147.5822,-19.5875,818,2016-03-03,1.096,12.325
BUR13,Burdekin River mouth mooring,147.5822,-19.5875,844,2016-03-28,0.914,2.683
BUR13,Burdekin River mouth mooring,147.5822,-19.5875,844,2016-03-29,0.801,2.635
BUR13,Burdekin River mouth mooring,147.5822,-19.5875,844,2016-03-30,1.023,2.395
BUR13,Burdekin River mouth mooring,147.5822,-19.5875,844,2016-03-31,0.96,1.697
BUR13,Burdekin River mouth mooring,147.5822,-19.5875,844,2016-04-01,0.974,2.758
BUR13,Burdekin River mouth mooring,147.5822,-19.5875,844,2016-04-02,0.838,5.433
BUR13,Burdekin River mouth mooring,147.5822,-19.5875,844,2016-04-03,0.765,6.562
BUR13,Burdekin River mouth mooring,147.5822,-19.5875,844,2016-04-04,0.854,8.338
BUR13,Burdekin River mouth mooring,147.5822,-19.5875,844,2016-04-05,0.937,8.79
BUR13,Burdekin River mouth mooring,147.5822,-19.5875,844,2016-04-06,0.917,8.157
BUR13,Burdekin River mouth mooring,147.5822,-19.5875,844,2016-04-07,0.933,9.229
BUR13,Burdekin River mouth mooring,147.5822,-19.5875,844,2016-04-08,0.937,9.683
BUR13,Burdekin River mouth mooring,147.5822,-19.5875,844,2016-04-09,0.939,8.935
BUR13,Burdekin River mouth mooring,147.5822,-19.5875,844,2016-04-10,0.947,5.11
BUR13,Burdekin River mouth mooring,147.5822,-19.5875,844,2016-04-11,0.826,3.093
BUR13,Burdekin River mouth mooring,147.5822,-19.5875,844,2016-04-12,0.705,3.312
BUR13,Burdekin River mouth mooring,147.5822,-19.5875,844,2016-04-13,0.59,6.781
BUR13,Burdekin River mouth mooring,147.5822,-19.5875,844,2016-04-14,0.622,9.844
BUR13,Burdekin River mouth mooring,147.5822,-19.5875,844,2016-04-15,0.716,8.514
BUR13,Burdekin River mouth mooring,147.5822,-19.5875,844,2016-04-16,0.809,8.369
BUR13,Burdekin River mouth mooring,147.5822,-19.5875,844,2016-04-17,0.913,4.173
BUR13,Burdekin River mouth mooring,147.5822,-19.5875,844,2016-04-18,0.885,3.945
BUR13,Burdekin River mouth mooring,147.5822,-19.5875,844,2016-04-19,0.834,4.193
BUR13,Burdekin River mouth mooring,147.5822,-19.5875,844,2016-04-20,0.789,4.926
BUR13,Burdekin River mouth mooring,147.5822,-19.5875,844,2016-04-21,0.702,3.746
BUR13,Burdekin River mouth mooring,147.5822,-19.5875,844,2016-04-22,0.685,2.807
BUR13,Burdekin River mouth mooring,147.5822,-19.5875,844,2016-04-23,0.692,2.664
BUR13,Burdekin River mouth mooring,147.5822,-19.5875,844,2016-04-24,0.746,5.577
BUR13,Burdekin River mouth mooring,147.5822,-19.5875,844,2016-04-25,0.645,11.296
BUR13,Burdekin River mouth mooring,147.5822,-19.5875,844,2016-04-26,0.704,9.554
BUR13,Burdekin River mouth mooring,147.5822,-19.5875,844,2016-04-27,0.638,7.522
BUR13,Burdekin River mouth mooring,147.5822,-19.5875,844,2016-04-28,0.516,2.968
BUR13,Burdekin River mouth mooring,147.5822,-19.5875,844,2016-04-29,0.487,2.804
BUR13,Burdekin River mouth mooring,147.5822,-19.5875,844,2016-04-30,0.545,2.764
BUR13,Burdekin River mouth mooring,147.5822,-19.5875,844,2016-05-01,0.536,1.868
BUR13,Burdekin River mouth mooring,147.5822,-19.5875,844,2016-05-02,0.476,1.017
BUR13,Burdekin River mouth mooring,147.5822,-19.5875,844,2016-05-03,0.485,0.634
BUR13,Burdekin River mouth mooring,147.5822,-19.5875,844,2016-05-04,0.492,0.559
BUR13,Burdekin River mouth mooring,147.5822,-19.5875,844,2016-05-05,0.568,0.89
BUR13,Burdekin River mouth mooring,147.5822,-19.5875,844,2016-05-06,0.965,3.224
BUR13,Burdekin River mouth mooring,147.5822,-19.5875,844,2016-05-07,0.967,5.488
BUR13,Burdekin River mouth mooring,147.5822,-19.5875,844,2016-05-08,0.869,7.079
BUR13,Burdekin River mouth mooring,147.5822,-19.5875,844,2016-05-09,0.783,3.218
BUR13,Burdekin River mouth mooring,147.5822,-19.5875,844,2016-05-10,0.479,0.996
BUR13,Burdekin River mouth mooring,147.5822,-19.5875,844,2016-05-11,0.501,0.809
BUR13,Burdekin River mouth mooring,147.5822,-19.5875,844,2016-05-12,0.757,3.794
BUR13,Burdekin River mouth mooring,147.5822,-19.5875,844,2016-05-13,0.735,4.824
BUR13,Burdekin River mouth mooring,147.5822,-19.5875,844,2016-05-14,0.781,6.568
BUR13,Burdekin River mouth mooring,147.5822,-19.5875,844,2016-05-15,0.854,6.153
BUR13,Burdekin River mouth mooring,147.5822,-19.5875,844,2016-05-16,0.783,4.491
BUR13,Burdekin River mouth mooring,147.5822,-19.5875,844,2016-05-17,0.758,4.462
BUR13,Burdekin River mouth mooring,147.5822,-19.5875,844,2016-05-18,0.754,2.635
BUR13,Burdekin River mouth mooring,147.5822,-19.5875,844,2016-05-19,0.633,2.219
BUR13,Burdekin River mouth mooring,147.5822,-19.5875,844,2016-05-20,0.702,4.103
BUR13,Burdekin River mouth mooring,147.5822,-19.5875,844,2016-05-21,0.621,7.615
BUR13,Burdekin River mouth mooring,147.5822,-19.5875,844,2016-05-22,0.649,10.272
BUR13,Burdekin River mouth mooring,147.5822,-19.5875,844,2016-05-23,0.79,6.163
BUR13,Burdekin River mouth mooring,147.5822,-19.5875,844,2016-05-24,0.896,3.608
BUR13,Burdekin River mouth mooring,147.5822,-19.5875,844,2016-05-25,0.788,2.224
BUR13,Burdekin River mouth mooring,147.5822,-19.5875,844,2016-05-26,0.54,1.365
BUR13,Burdekin River mouth mooring,147.5822,-19.5875,844,2016-05-27,0.356,0.735
BUR13,Burdekin River mouth mooring,147.5822,-19.5875,844,2016-05-28,0.292,0.592
BUR13,Burdekin River mouth mooring,147.5822,-19.5875,844,2016-05-29,0.368,0.708
BUR13,Burdekin River mouth mooring,147.5822,-19.5875,844,2016-05-30,0.662,2.043
BUR13,Burdekin River mouth mooring,147.5822,-19.5875,844,2016-05-31,0.796,6.118
BUR13,Burdekin River mouth mooring,147.5822,-19.5875,844,2016-06-01,0.831,5.916
BUR13,Burdekin River mouth mooring,147.5822,-19.5875,844,2016-06-02,0.901,8.221
BUR13,Burdekin River mouth mooring,147.5822,-19.5875,844,2016-06-03,1.061,5.564
BUR13,Burdekin River mouth mooring,147.5822,-19.5875,844,2016-06-04,1.167,3.074
BUR13,Burdekin River mouth mooring,147.5822,-19.5875,844,2016-06-05,0.911,1.6
BUR13,Burdekin River mouth mooring,147.5822,-19.5875,844,2016-06-06,0.55,1.176
BUR13,Burdekin River mouth mooring,147.5822,-19.5875,844,2016-06-07,0.36,0.829
BUR13,Burdekin River mouth mooring,147.5822,-19.5875,844,2016-06-08,0.307,0.676
BUR13,Burdekin River mouth mooring,147.5822,-19.5875,844,2016-06-09,0.233,0.512
BUR13,Burdekin River mouth mooring,147.5822,-19.5875,844,2016-06-10,0.25,0.449
BUR13,Burdekin River mouth mooring,147.5822,-19.5875,844,2016-06-11,0.406,0.775
BUR13,Burdekin River mouth mooring,147.5822,-19.5875,844,2016-06-12,0.712,4.696
BUR13,Burdekin River mouth mooring,147.5822,-19.5875,844,2016-06-13,0.798,20.202
BUR13,Burdekin River mouth mooring,147.5822,-19.5875,844,2016-06-14,0.559,16.632
BUR13,Burdekin River mouth mooring,147.5822,-19.5875,844,2016-06-15,0.445,14.219
BUR13,Burdekin River mouth mooring,147.5822,-19.5875,844,2016-06-16,0.476,9.926
BUR13,Burdekin River mouth mooring,147.5822,-19.5875,844,2016-06-17,0.664,6.594
BUR13,Burdekin River mouth mooring,147.5822,-19.5875,844,2016-06-18,0.828,3.192
BUR13,Burdekin River mouth mooring,147.5822,-19.5875,844,2016-06-19,0.726,2.912
BUR13,Burdekin River mouth mooring,147.5822,-19.5875,844,2016-06-20,0.688,4.186
BUR13,Burdekin River mouth mooring,147.5822,-19.5875,844,2016-06-21,0.617,4.098
BUR13,Burdekin River mouth mooring,147.5822,-19.5875,819,2016-06-21,0.985,1.084
BUR13,Burdekin River mouth mooring,147.5822,-19.5875,819,2016-06-22,0.837,1.001
BUR13,Burdekin River mouth mooring,147.5822,-19.5875,819,2016-06-23,0.82,1.069
BUR13,Burdekin River mouth mooring,147.5822,-19.5875,819,2016-06-24,0.861,0.804
BUR13,Burdekin River mouth mooring,147.5822,-19.5875,819,2016-06-25,0.838,1.039
BUR13,Burdekin River mouth mooring,147.5822,-19.5875,819,2016-06-26,1.556,3.079
BUR13,Burdekin River mouth mooring,147.5822,-19.5875,819,2016-06-27,1.49,2.253
BUR13,Burdekin River mouth mooring,147.5822,-19.5875,819,2016-06-28,1.978,2.07
BUR13,Burdekin River mouth mooring,147.5822,-19.5875,819,2016-06-29,1.962,4.259
BUR13,Burdekin River mouth mooring,147.5822,-19.5875,819,2016-06-30,1.766,3.496
BUR13,Burdekin River mouth mooring,147.5822,-19.5875,819,2016-07-01,1.834,2.694
BUR13,Burdekin River mouth mooring,147.5822,-19.5875,819,2016-07-02,1.907,3.46
BUR13,Burdekin River mouth mooring,147.5822,-19.5875,819,2016-07-03,2.003,7.492
BUR13,Burdekin River mouth mooring,147.5822,-19.5875,819,2016-07-04,1.541,9.008
BUR13,Burdekin River mouth mooring,147.5822,-19.5875,819,2016-07-05,1.716,4.215
BUR13,Burdekin River mouth mooring,147.5822,-19.5875,819,2016-07-06,1.915,3.259
BUR13,Burdekin River mouth mooring,147.5822,-19.5875,819,2016-07-07,1.788,2.336
BUR13,Burdekin River mouth mooring,147.5822,-19.5875,819,2016-07-08,1.282,1.636
BUR13,Burdekin River mouth mooring,147.5822,-19.5875,819,2016-07-09,1.022,1.879
BUR13,Burdekin River mouth mooring,147.5822,-19.5875,819,2016-07-10,1.203,3.274
BUR13,Burdekin River mouth mooring,147.5822,-19.5875,819,2016-07-11,1.457,3.033
BUR13,Burdekin River mouth mooring,147.5822,-19.5875,819,2016-07-12,1.172,2.263
BUR13,Burdekin River mouth mooring,147.5822,-19.5875,819,2016-07-13,0.846,1.712
BUR13,Burdekin River mouth mooring,147.5822,-19.5875,819,2016-07-14,1.026,8.659
BUR13,Burdekin River mouth mooring,147.5822,-19.5875,819,2016-07-15,0.974,13.018
BUR13,Burdekin River mouth mooring,147.5822,-19.5875,819,2016-07-16,1.066,6.189
BUR13,Burdekin River mouth mooring,147.5822,-19.5875,819,2016-07-17,1.281,5.463
BUR13,Burdekin River mouth mooring,147.5822,-19.5875,819,2016-07-18,1.217,7.753
BUR13,Burdekin River mouth mooring,147.5822,-19.5875,819,2016-07-19,1.177,4.996
BUR13,Burdekin River mouth mooring,147.5822,-19.5875,819,2016-07-20,1.281,5.628
BUR13,Burdekin River mouth mooring,147.5822,-19.5875,819,2016-07-21,1.1,3.971
BUR13,Burdekin River mouth mooring,147.5822,-19.5875,819,2016-07-22,0.86,2.701
BUR13,Burdekin River mouth mooring,147.5822,-19.5875,819,2016-07-23,0.51,1.629
BUR13,Burdekin River mouth mooring,147.5822,-19.5875,819,2016-07-24,0.341,1.065
BUR13,Burdekin River mouth mooring,147.5822,-19.5875,819,2016-07-25,0.305,0.822
BUR13,Burdekin River mouth mooring,147.5822,-19.5875,819,2016-07-26,0.412,1.302
BUR13,Burdekin River mouth mooring,147.5822,-19.5875,819,2016-07-27,0.501,1.927
BUR13,Burdekin River mouth mooring,147.5822,-19.5875,819,2016-07-28,0.779,4.153
BUR13,Burdekin River mouth mooring,147.5822,-19.5875,819,2016-07-29,0.908,6.058
BUR13,Burdekin River mouth mooring,147.5822,-19.5875,819,2016-07-30,1.048,6.52
BUR13,Burdekin River mouth mooring,147.5822,-19.5875,819,2016-07-31,1.164,7.37
BUR13,Burdekin River mouth mooring,147.5822,-19.5875,819,2016-08-01,1.24,5.455
BUR13,Burdekin River mouth mooring,147.5822,-19.5875,819,2016-08-02,1.388,3.669
BUR13,Burdekin River mouth mooring,147.5822,-19.5875,819,2016-08-03,1.015,2.643
BUR13,Burdekin River mouth mooring,147.5822,-19.5875,819,2016-08-04,0.921,2.229
BUR13,Burdekin River mouth mooring,147.5822,-19.5875,819,2016-08-05,1.015,9.551
BUR13,Burdekin River mouth mooring,147.5822,-19.5875,819,2016-08-06,0.924,13.222
BUR13,Burdekin River mouth mooring,147.5822,-19.5875,819,2016-08-07,0.863,8.655
BUR13,Burdekin River mouth mooring,147.5822,-19.5875,819,2016-08-08,0.922,7.322
BUR13,Burdekin River mouth mooring,147.5822,-19.5875,819,2016-08-09,0.891,5.722
BUR13,Burdekin River mouth mooring,147.5822,-19.5875,819,2016-08-10,0.987,4.202
BUR13,Burdekin River mouth mooring,147.5822,-19.5875,819,2016-08-11,0.896,2.24
BUR13,Burdekin River mouth mooring,147.5822,-19.5875,819,2016-08-12,0.805,1.685
BUR13,Burdekin River mouth mooring,147.5822,-19.5875,819,2016-08-13,0.792,2.27
BUR13,Burdekin River mouth mooring,147.5822,-19.5875,819,2016-08-14,1.019,4.74
BUR13,Burdekin River mouth mooring,147.5822,-19.5875,819,2016-08-15,1.101,14.977
BUR13,Burdekin River mouth mooring,147.5822,-19.5875,819,2016-08-16,0.966,25.774
BUR13,Burdekin River mouth mooring,147.5822,-19.5875,819,2016-08-17,0.877,17.419
BUR13,Burdekin River mouth mooring,147.5822,-19.5875,819,2016-08-18,1.008,11.788
BUR13,Burdekin River mouth mooring,147.5822,-19.5875,819,2016-08-19,1.153,7.092
BUR13,Burdekin River mouth mooring,147.5822,-19.5875,819,2016-08-20,1.2,4.389
BUR13,Burdekin River mouth mooring,147.5822,-19.5875,819,2016-08-21,1.009,3.951
BUR13,Burdekin River mouth mooring,147.5822,-19.5875,819,2016-08-22,1.001,4.6
BUR13,Burdekin River mouth mooring,147.5822,-19.5875,819,2016-08-23,0.674,1.888
BUR13,Burdekin River mouth mooring,147.5822,-19.5875,819,2016-08-24,0.716,1.077
BUR13,Burdekin River mouth mooring,147.5822,-19.5875,819,2016-08-25,0.73,1.308
BUR13,Burdekin River mouth mooring,147.5822,-19.5875,819,2016-08-26,0.854,1.567
BUR13,Burdekin River mouth mooring,147.5822,-19.5875,819,2016-08-27,1.022,2.715
BUR13,Burdekin River mouth mooring,147.5822,-19.5875,819,2016-08-28,0.878,3.051
BUR13,Burdekin River mouth mooring,147.5822,-19.5875,819,2016-08-29,1.118,4.438
BUR13,Burdekin River mouth mooring,147.5822,-19.5875,819,2016-08-30,1.171,5.716
BUR13,Burdekin River mouth mooring,147.5822,-19.5875,819,2016-08-31,1.24,5.786
BUR13,Burdekin River mouth mooring,147.5822,-19.5875,819,2016-09-01,1.175,5.587
BUR13,Burdekin River mouth mooring,147.5822,-19.5875,819,2016-09-02,0.982,3.537
BUR13,Burdekin River mouth mooring,147.5822,-19.5875,819,2016-09-03,0.682,2.812
BUR13,Burdekin River mouth mooring,147.5822,-19.5875,819,2016-09-04,0.917,6.14
BUR13,Burdekin River mouth mooring,147.5822,-19.5875,819,2016-09-05,1.104,15.394
BUR13,Burdekin River mouth mooring,147.5822,-19.5875,828,2016-09-28,0.797,1.755
BUR13,Burdekin River mouth mooring,147.5822,-19.5875,828,2016-09-29,0.733,1.835
BUR13,Burdekin River mouth mooring,147.5822,-19.5875,828,2016-09-30,0.464,1.388
BUR13,Burdekin River mouth mooring,147.5822,-19.5875,828,2016-10-01,0.459,1.13
BUR13,Burdekin River mouth mooring,147.5822,-19.5875,828,2016-10-02,0.444,1.054
BUR13,Burdekin River mouth mooring,147.5822,-19.5875,828,2016-10-03,0.302,0.813
BUR13,Burdekin River mouth mooring,147.5822,-19.5875,828,2016-10-04,0.401,1.211
BUR13,Burdekin River mouth mooring,147.5822,-19.5875,828,2016-10-05,0.913,4.332
BUR13,Burdekin River mouth mooring,147.5822,-19.5875,828,2016-10-06,1.134,8.969
BUR13,Burdekin River mouth mooring,147.5822,-19.5875,828,2016-10-07,1.112,9.586
BUR13,Burdekin River mouth mooring,147.5822,-19.5875,828,2016-10-08,1.096,7.832
BUR13,Burdekin River mouth mooring,147.5822,-19.5875,828,2016-10-09,0.736,3.937
BUR13,Burdekin River mouth mooring,147.5822,-19.5875,828,2016-10-10,0.491,2.046
BUR13,Burdekin River mouth mooring,147.5822,-19.5875,828,2016-10-11,0.476,1.433
BUR13,Burdekin River mouth mooring,147.5822,-19.5875,828,2016-10-12,0.517,1.071
BUR13,Burdekin River mouth mooring,147.5822,-19.5875,828,2016-10-13,0.729,1.244
BUR13,Burdekin River mouth mooring,147.5822,-19.5875,828,2016-10-14,0.939,3.72
BUR13,Burdekin River mouth mooring,147.5822,-19.5875,828,2016-10-15,1.195,15.715
BUR13,Burdekin River mouth mooring,147.5822,-19.5875,828,2016-10-16,1.345,14.404
BUR13,Burdekin River mouth mooring,147.5822,-19.5875,828,2016-10-17,1.335,6.18
BUR13,Burdekin River mouth mooring,147.5822,-19.5875,828,2016-10-18,0.956,2.492
BUR13,Burdekin River mouth mooring,147.5822,-19.5875,828,2016-10-19,0.797,1.802
BUR13,Burdekin River mouth mooring,147.5822,-19.5875,828,2016-10-20,0.848,3.184
BUR13,Burdekin River mouth mooring,147.5822,-19.5875,828,2016-10-21,1.057,6.669
BUR13,Burdekin River mouth mooring,147.5822,-19.5875,828,2016-10-22,0.993,4.014
BUR13,Burdekin River mouth mooring,147.5822,-19.5875,828,2016-10-23,0.702,1.698
BUR13,Burdekin River mouth mooring,147.5822,-19.5875,828,2016-10-24,1.003,3.607
BUR13,Burdekin River mouth mooring,147.5822,-19.5875,828,2016-10-25,1.079,5.252
BUR13,Burdekin River mouth mooring,147.5822,-19.5875,828,2016-10-26,1.089,5.906
BUR13,Burdekin River mouth mooring,147.5822,-19.5875,828,2016-10-27,1.02,4.499
BUR13,Burdekin River mouth mooring,147.5822,-19.5875,828,2016-10-28,0.848,2.681
BUR13,Burdekin River mouth mooring,147.5822,-19.5875,828,2016-10-29,0.872,2.949
BUR13,Burdekin River mouth mooring,147.5822,-19.5875,828,2016-10-30,1.029,4.292
BUR13,Burdekin River mouth mooring,147.5822,-19.5875,828,2016-10-31,0.824,2.362
BUR13,Burdekin River mouth mooring,147.5822,-19.5875,828,2016-11-01,0.526,0.882
BUR13,Burdekin River mouth mooring,147.5822,-19.5875,828,2016-11-02,0.527,0.592
BUR13,Burdekin River mouth mooring,147.5822,-19.5875,828,2016-11-03,0.505,0.458
BUR13,Burdekin River mouth mooring,147.5822,-19.5875,828,2016-11-04,0.542,0.672
BUR13,Burdekin River mouth mooring,147.5822,-19.5875,828,2016-11-05,0.606,2.102
BUR13,Burdekin River mouth mooring,147.5822,-19.5875,828,2016-11-06,0.494,0.768
BUR13,Burdekin River mouth mooring,147.5822,-19.5875,828,2016-11-07,0.436,0.445
BUR13,Burdekin River mouth mooring,147.5822,-19.5875,828,2016-11-08,0.479,0.431
BUR13,Burdekin River mouth mooring,147.5822,-19.5875,828,2016-11-09,0.531,0.544
BUR13,Burdekin River mouth mooring,147.5822,-19.5875,828,2016-11-10,0.556,0.442
BUR13,Burdekin River mouth mooring,147.5822,-19.5875,828,2016-11-11,0.591,0.444
BUR13,Burdekin River mouth mooring,147.5822,-19.5875,828,2016-11-12,0.668,0.43
BUR13,Burdekin River mouth mooring,147.5822,-19.5875,828,2016-11-13,0.715,0.48
BUR13,Burdekin River mouth mooring,147.5822,-19.5875,828,2016-11-14,1.2,0.943
BUR13,Burdekin River mouth mooring,147.5822,-19.5875,828,2016-11-15,1.526,2.037
BUR13,Burdekin River mouth mooring,147.5822,-19.5875,828,2016-11-16,1.479,7.624
BUR13,Burdekin River mouth mooring,147.5822,-19.5875,828,2016-11-17,1.184,16.379
BUR13,Burdekin River mouth mooring,147.5822,-19.5875,828,2016-11-18,1.154,15.711
BUR13,Burdekin River mouth mooring,147.5822,-19.5875,828,2016-11-19,1.07,10.041
BUR13,Burdekin River mouth mooring,147.5822,-19.5875,828,2016-11-20,1.001,8.113
BUR13,Burdekin River mouth mooring,147.5822,-19.5875,828,2016-11-21,0.882,7.806
BUR13,Burdekin River mouth mooring,147.5822,-19.5875,828,2016-11-22,0.903,3.92
BUR13,Burdekin River mouth mooring,147.5822,-19.5875,828,2016-11-23,0.71,2.714
BUR13,Burdekin River mouth mooring,147.5822,-19.5875,828,2016-11-24,0.577,1.302
BUR13,Burdekin River mouth mooring,147.5822,-19.5875,828,2016-11-25,0.544,1.027
BUR13,Burdekin River mouth mooring,147.5822,-19.5875,828,2016-11-26,0.97,2.22
BUR13,Burdekin River mouth mooring,147.5822,-19.5875,828,2016-11-27,1.208,4.985
BUR13,Burdekin River mouth mooring,147.5822,-19.5875,828,2016-11-28,1.264,5.102
BUR13,Burdekin River mouth mooring,147.5822,-19.5875,828,2016-11-29,0.969,3.919
BUR13,Burdekin River mouth mooring,147.5822,-19.5875,828,2016-11-30,1.13,1.676
BUR13,Burdekin River mouth mooring,147.5822,-19.5875,828,2016-12-01,0.811,1.025
BUR13,Burdekin River mouth mooring,147.5822,-19.5875,828,2016-12-02,1.081,1.025
BUR13,Burdekin River mouth mooring,147.5822,-19.5875,828,2016-12-03,1.055,0.737
BUR13,Burdekin River mouth mooring,147.5822,-19.5875,828,2016-12-04,0.91,0.682
BUR13,Burdekin River mouth mooring,147.5822,-19.5875,828,2016-12-05,1.094,0.819
BUR13,Burdekin River mouth mooring,147.5822,-19.5875,828,2016-12-06,1.388,1.048
BUR13,Burdekin River mouth mooring,147.5822,-19.5875,828,2016-12-07,1.476,1.832
BUR13,Burdekin River mouth mooring,147.5822,-19.5875,828,2016-12-08,0.753,0.839
BUR13,Burdekin River mouth mooring,147.5822,-19.5875,828,2016-12-09,0.708,0.703
BUR13,Burdekin River mouth mooring,147.5822,-19.5875,828,2016-12-10,1.558,1.811
BUR13,Burdekin River mouth mooring,147.5822,-19.5875,828,2016-12-11,1.357,9.711
BUR13,Burdekin River mouth mooring,147.5822,-19.5875,828,2016-12-12,1.33,11.381
BUR13,Burdekin River mouth mooring,147.5822,-19.5875,828,2016-12-13,1.256,8.946
BUR13,Burdekin River mouth mooring,147.5822,-19.5875,828,2016-12-14,1.312,5.393
BUR13,Burdekin River mouth mooring,147.5822,-19.5875,828,2016-12-15,1.19,3.982
BUR13,Burdekin River mouth mooring,147.5822,-19.5875,828,2016-12-16,1.131,2.448
BUR13,Burdekin River mouth mooring,147.5822,-19.5875,828,2016-12-17,1.153,1.562
BUR13,Burdekin River mouth mooring,147.5822,-19.5875,828,2016-12-18,1.057,0.912
BUR13,Burdekin River mouth mooring,147.5822,-19.5875,828,2016-12-19,1.056,1.938
BUR13,Burdekin River mouth mooring,147.5822,-19.5875,828,2016-12-20,1.093,6.348
BUR13,Burdekin River mouth mooring,147.5822,-19.5875,828,2016-12-21,0.837,3.525
BUR13,Burdekin River mouth mooring,147.5822,-19.5875,828,2016-12-22,0.684,1.815
BUR13,Burdekin River mouth mooring,147.5822,-19.5875,828,2016-12-23,0.885,6.034
BUR13,Burdekin River mouth mooring,147.5822,-19.5875,828,2016-12-24,0.986,5.231
BUR13,Burdekin River mouth mooring,147.5822,-19.5875,828,2016-12-25,1.162,7.282
BUR13,Burdekin River mouth mooring,147.5822,-19.5875,828,2016-12-26,1.136,5.217
BUR13,Burdekin River mouth mooring,147.5822,-19.5875,828,2016-12-27,1.125,7.023
BUR13,Burdekin River mouth mooring,147.5822,-19.5875,828,2016-12-28,1.332,5.375
BUR13,Burdekin River mouth mooring,147.5822,-19.5875,828,2016-12-29,1.119,8.198
BUR13,Burdekin River mouth mooring,147.5822,-19.5875,828,2016-12-30,1.643,3.516
BUR13,Burdekin River mouth mooring,147.5822,-19.5875,828,2016-12-31,1.049,1.876
BUR13,Burdekin River mouth mooring,147.5822,-19.5875,828,2017-01-01,1.225,4.982
BUR13,Burdekin River mouth mooring,147.5822,-19.5875,828,2017-01-02,1.279,5.916
BUR13,Burdekin River mouth mooring,147.5822,-19.5875,828,2017-01-03,1.2,9.642
BUR13,Burdekin River mouth mooring,147.5822,-19.5875,828,2017-01-04,1.014,7.083
BUR13,Burdekin River mouth mooring,147.5822,-19.5875,828,2017-01-05,1.421,11.871
BUR13,Burdekin River mouth mooring,147.5822,-19.5875,828,2017-01-06,1.086,18.982
BUR13,Burdekin River mouth mooring,147.5822,-19.5875,828,2017-01-07,1.375,30.801
BUR13,Burdekin River mouth mooring,147.5822,-19.5875,828,2017-01-08,1.067,57.688
BUR13,Burdekin River mouth mooring,147.5822,-19.5875,828,2017-01-09,1.106,29.439
BUR13,Burdekin River mouth mooring,147.5822,-19.5875,828,2017-01-10,1.081,5.791
BUR13,Burdekin River mouth mooring,147.5822,-19.5875,828,2017-01-11,1.11,5.674
BUR13,Burdekin River mouth mooring,147.5822,-19.5875,828,2017-01-12,1.13,5.871
BUR13,Burdekin River mouth mooring,147.5822,-19.5875,828,2017-01-13,1.224,2.901
BUR13,Burdekin River mouth mooring,147.5822,-19.5875,828,2017-01-14,1.317,2.707
BUR13,Burdekin River mouth mooring,147.5822,-19.5875,828,2017-01-15,1.25,1.473
BUR13,Burdekin River mouth mooring,147.5822,-19.5875,828,2017-01-16,1.013,1.203
BUR13,Burdekin River mouth mooring,147.5822,-19.5875,828,2017-01-17,0.955,1.67
BUR13,Burdekin River mouth mooring,147.5822,-19.5875,828,2017-01-18,0.894,2.242
BUR13,Burdekin River mouth mooring,147.5822,-19.5875,828,2017-01-19,0.525,1.146
BUR13,Burdekin River mouth mooring,147.5822,-19.5875,828,2017-01-20,0.499,0.947
BUR13,Burdekin River mouth mooring,147.5822,-19.5875,828,2017-01-21,0.506,0.632
BUR13,Burdekin River mouth mooring,147.5822,-19.5875,828,2017-01-22,0.749,0.72
BUR13,Burdekin River mouth mooring,147.5822,-19.5875,828,2017-01-23,1.093,1.882
BUR13,Burdekin River mouth mooring,147.5822,-19.5875,828,2017-01-24,0.897,3.819
BUR13,Burdekin River mouth mooring,147.5822,-19.5875,828,2017-01-25,1.158,4.872
BUR13,Burdekin River mouth mooring,147.5822,-19.5875,828,2017-01-26,0.931,3.365
BUR13,Burdekin River mouth mooring,147.5822,-19.5875,828,2017-01-27,1.043,2.288
BUR13,Burdekin River mouth mooring,147.5822,-19.5875,828,2017-01-28,1.065,2.368
BUR13,Burdekin River mouth mooring,147.5822,-19.5875,828,2017-01-29,1.08,5.233
BUR13,Burdekin River mouth mooring,147.5822,-19.5875,828,2017-01-30,1.001,7.646
BUR13,Burdekin River mouth mooring,147.5822,-19.5875,828,2017-01-31,1.228,5.866
BUR13,Burdekin River mouth mooring,147.5822,-19.5875,828,2017-02-01,1.245,5.93
BUR13,Burdekin River mouth mooring,147.5822,-19.5875,828,2017-02-02,1.202,4.091
BUR13,Burdekin River mouth mooring,147.5822,-19.5875,828,2017-02-03,1.083,4.207
BUR13,Burdekin River mouth mooring,147.5822,-19.5875,828,2017-02-04,0.955,6.907
BUR13,Burdekin River mouth mooring,147.5822,-19.5875,828,2017-02-05,0.922,8.924
BUR13,Burdekin River mouth mooring,147.5822,-19.5875,828,2017-02-06,1.052,6.387
BUR13,Burdekin River mouth mooring,147.5822,-19.5875,828,2017-02-07,1.009,7.551
BUR13,Burdekin River mouth mooring,147.5822,-19.5875,828,2017-02-08,1.071,9.948
BUR13,Burdekin River mouth mooring,147.5822,-19.5875,828,2017-02-09,1.055,10.486
BUR13,Burdekin River mouth mooring,147.5822,-19.5875,828,2017-02-10,1.079,7.898
BUR13,Burdekin River mouth mooring,147.5822,-19.5875,828,2017-02-11,1.077,5.608
BUR13,Burdekin River mouth mooring,147.5822,-19.5875,828,2017-02-12,0.974,3.041
BUR13,Burdekin River mouth mooring,147.5822,-19.5875,828,2017-02-13,0.869,2.975
BUR13,Burdekin River mouth mooring,147.5822,-19.5875,828,2017-02-14,0.529,5.462
BUR13,Burdekin River mouth mooring,147.5822,-19.5875,828,2017-02-15,0.448,13.507
BUR13,Burdekin River mouth mooring,147.5822,-19.5875,828,2017-02-16,0.948,9.764
BUR13,Burdekin River mouth mooring,147.5822,-19.5875,828,2017-02-17,1.108,3.472
BUR13,Burdekin River mouth mooring,147.5822,-19.5875,828,2017-02-18,0.929,1.713
BUR13,Burdekin River mouth mooring,147.5822,-19.5875,828,2017-02-19,0.786,1.041
BUR13,Burdekin River mouth mooring,147.5822,-19.5875,828,2017-02-20,0.7,0.947
BUR13,Burdekin River mouth mooring,147.5822,-19.5875,828,2017-02-21,0.748,0.791
BUR13,Burdekin River mouth mooring,147.5822,-19.5875,828,2017-02-22,0.829,1.237
BUR13,Burdekin River mouth mooring,147.5822,-19.5875,828,2017-02-23,1.072,3.7
BUR13,Burdekin River mouth mooring,147.5822,-19.5875,828,2017-02-24,1.203,5.64
BUR13,Burdekin River mouth mooring,147.5822,-19.5875,828,2017-02-25,1.12,5.883
BUR13,Burdekin River mouth mooring,147.5822,-19.5875,828,2017-02-26,1.048,6.653
BUR13,Burdekin River mouth mooring,147.5822,-19.5875,828,2017-02-27,1.0,6.008
BUR13,Burdekin River mouth mooring,147.5822,-19.5875,828,2017-02-28,1.045,5.922
BUR13,Burdekin River mouth mooring,147.5822,-19.5875,828,2017-03-01,1.057,6.469
BUR13,Burdekin River mouth mooring,147.5822,-19.5875,828,2017-03-02,1.035,6.404
BUR13,Burdekin River mouth mooring,147.5822,-19.5875,828,2017-03-03,1.168,4.716
BUR13,Burdekin River mouth mooring,147.5822,-19.5875,828,2017-03-04,1.067,2.681
BUR13,Burdekin River mouth mooring,147.5822,-19.5875,828,2017-03-05,1.008,2.489
BUR13,Burdekin River mouth mooring,147.5822,-19.5875,828,2017-03-06,0.786,1.025
BUR13,Burdekin River mouth mooring,147.5822,-19.5875,828,2017-03-07,0.897,0.823
BUR13,Burdekin River mouth mooring,147.5822,-19.5875,828,2017-03-08,0.835,0.87
BUR13,Burdekin River mouth mooring,147.5822,-19.5875,828,2017-03-09,1.305,2.688
BUR13,Burdekin River mouth mooring,147.5822,-19.5875,828,2017-03-10,1.253,3.433
BUR13,Burdekin River mouth mooring,147.5822,-19.5875,828,2017-03-11,1.307,2.344
BUR13,Burdekin River mouth mooring,147.5822,-19.5875,828,2017-03-12,0.963,2.432
BUR13,Burdekin River mouth mooring,147.5822,-19.5875,828,2017-03-13,0.975,3.009
BUR13,Burdekin River mouth mooring,147.5822,-19.5875,828,2017-03-14,0.938,3.257
BUR13,Burdekin River mouth mooring,147.5822,-19.5875,828,2017-03-15,0.689,1.706
BUR13,Burdekin River mouth mooring,147.5822,-19.5875,828,2017-03-16,0.586,0.937
BUR13,Burdekin River mouth mooring,147.5822,-19.5875,828,2017-03-17,0.631,0.469
BUR13,Burdekin River mouth mooring,147.5822,-19.5875,828,2017-03-18,0.43,0.472
BUR13,Burdekin River mouth mooring,147.5822,-19.5875,828,2017-03-19,0.615,0.882
BUR13,Burdekin River mouth mooring,147.5822,-19.5875,828,2017-03-20,0.753,1.387
BUR13,Burdekin River mouth mooring,147.5822,-19.5875,828,2017-03-21,0.852,1.276
BUR13,Burdekin River mouth mooring,147.5822,-19.5875,828,2017-03-22,0.789,2.276
BUR13,Burdekin River mouth mooring,147.5822,-19.5875,1464,2017-03-23,1.118,1.67
BUR13,Burdekin River mouth mooring,147.5822,-19.5875,828,2017-03-23,0.866,2.926
BUR13,Burdekin River mouth mooring,147.5822,-19.5875,1464,2017-03-24,0.865,3.168
BUR13,Burdekin River mouth mooring,147.5822,-19.5875,1464,2017-03-25,0.908,7.109
BUR13,Burdekin River mouth mooring,147.5822,-19.5875,1464,2017-03-26,0.821,10.529
BUR13,Burdekin River mouth mooring,147.5822,-19.5875,1464,2017-03-27,0.781,11.939
BUR13,Burdekin River mouth mooring,147.5822,-19.5875,1464,2017-03-28,1.084,36.755
BUR13,Burdekin River mouth mooring,147.5822,-19.5875,1464,2017-03-29,1.255,47.856
BUR13,Burdekin River mouth mooring,147.5822,-19.5875,1464,2017-03-30,1.197,28.146
BUR13,Burdekin River mouth mooring,147.5822,-19.5875,1464,2017-03-31,1.109,12.989
BUR13,Burdekin River mouth mooring,147.5822,-19.5875,1464,2017-04-01,1.261,6.101
BUR13,Burdekin River mouth mooring,147.5822,-19.5875,1464,2017-04-02,1.823,7.907
BUR13,Burdekin River mouth mooring,147.5822,-19.5875,1464,2017-04-03,1.514,6.663
BUR13,Burdekin River mouth mooring,147.5822,-19.5875,1464,2017-04-04,1.257,10.375
BUR13,Burdekin River mouth mooring,147.5822,-19.5875,1464,2017-04-05,1.401,14.35
BUR13,Burdekin River mouth mooring,147.5822,-19.5875,1464,2017-04-06,1.38,15.785
BUR13,Burdekin River mouth mooring,147.5822,-19.5875,1464,2017-04-07,1.446,19.058
BUR13,Burdekin River mouth mooring,147.5822,-19.5875,1464,2017-04-08,1.406,15.055
BUR13,Burdekin River mouth mooring,147.5822,-19.5875,1464,2017-04-09,1.513,12.362
BUR13,Burdekin River mouth mooring,147.5822,-19.5875,1464,2017-04-10,1.334,7.61
BUR13,Burdekin River mouth mooring,147.5822,-19.5875,1464,2017-04-11,1.318,7.496
BUR13,Burdekin River mouth mooring,147.5822,-19.5875,1464,2017-04-12,1.488,12.389
BUR13,Burdekin River mouth mooring,147.5822,-19.5875,1464,2017-04-13,1.47,11.564
BUR13,Burdekin River mouth mooring,147.5822,-19.5875,1464,2017-04-14,1.286,13.527
BUR13,Burdekin River mouth mooring,147.5822,-19.5875,1464,2017-04-15,1.181,13.179
BUR13,Burdekin River mouth mooring,147.5822,-19.5875,1464,2017-04-16,1.205,15.057
BUR13,Burdekin River mouth mooring,147.5822,-19.5875,1464,2017-04-17,1.247,16.706
BUR13,Burdekin River mouth mooring,147.5822,-19.5875,1464,2017-04-18,1.144,16.249
BUR13,Burdekin River mouth mooring,147.5822,-19.5875,1464,2017-04-19,0.994,16.894
BUR13,Burdekin River mouth mooring,147.5822,-19.5875,1464,2017-04-20,1.045,19.679
BUR13,Burdekin River mouth mooring,147.5822,-19.5875,1464,2017-04-21,1.068,14.79
BUR13,Burdekin River mouth mooring,147.5822,-19.5875,1464,2017-04-22,1.098,13.526
BUR13,Burdekin River mouth mooring,147.5822,-19.5875,1464,2017-04-23,1.15,8.759
BUR13,Burdekin River mouth mooring,147.5822,-19.5875,1464,2017-04-24,1.231,8.527
BUR13,Burdekin River mouth mooring,147.5822,-19.5875,1464,2017-04-25,1.297,7.584
BUR13,Burdekin River mouth mooring,147.5822,-19.5875,1464,2017-04-26,1.273,4.075
BUR13,Burdekin River mouth mooring,147.5822,-19.5875,1464,2017-04-27,1.132,2.259
BUR13,Burdekin River mouth mooring,147.5822,-19.5875,1464,2017-04-28,1.27,3.729
BUR13,Burdekin River mouth mooring,147.5822,-19.5875,1464,2017-04-29,1.273,4.171
BUR13,Burdekin River mouth mooring,147.5822,-19.5875,1464,2017-04-30,1.079,5.102
BUR13,Burdekin River mouth mooring,147.5822,-19.5875,1464,2017-05-01,0.92,5.879
BUR13,Burdekin River mouth mooring,147.5822,-19.5875,1464,2017-05-02,0.813,5.783
BUR13,Burdekin River mouth mooring,147.5822,-19.5875,1464,2017-05-03,0.776,3.696
BUR13,Burdekin River mouth mooring,147.5822,-19.5875,1464,2017-05-04,0.789,7.642
BUR13,Burdekin River mouth mooring,147.5822,-19.5875,1464,2017-05-05,0.89,11.74
BUR13,Burdekin River mouth mooring,147.5822,-19.5875,1464,2017-05-06,0.969,14.365
BUR13,Burdekin River mouth mooring,147.5822,-19.5875,1464,2017-05-07,0.884,14.106
BUR13,Burdekin River mouth mooring,147.5822,-19.5875,1464,2017-05-08,1.067,8.77
BUR13,Burdekin River mouth mooring,147.5822,-19.5875,1464,2017-05-09,1.058,8.012
BUR13,Burdekin River mouth mooring,147.5822,-19.5875,1464,2017-05-10,1.059,11.191
BUR13,Burdekin River mouth mooring,147.5822,-19.5875,1464,2017-05-11,1.167,9.893
BUR13,Burdekin River mouth mooring,147.5822,-19.5875,1464,2017-05-12,1.117,9.406
BUR13,Burdekin River mouth mooring,147.5822,-19.5875,1464,2017-05-13,1.074,9.556
BUR13,Burdekin River mouth mooring,147.5822,-19.5875,1464,2017-05-14,1.02,5.028
BUR13,Burdekin River mouth mooring,147.5822,-19.5875,1464,2017-05-15,0.795,2.185
BUR13,Burdekin River mouth mooring,147.5822,-19.5875,1464,2017-05-16,0.649,1.384
BUR13,Burdekin River mouth mooring,147.5822,-19.5875,1464,2017-05-17,0.88,8.21
BUR13,Burdekin River mouth mooring,147.5822,-19.5875,1464,2017-05-18,0.871,20.286
BUR13,Burdekin River mouth mooring,147.5822,-19.5875,1464,2017-05-19,0.786,22.583
BUR13,Burdekin River mouth mooring,147.5822,-19.5875,1464,2017-05-20,0.747,8.745
BUR13,Burdekin River mouth mooring,147.5822,-19.5875,1464,2017-05-21,0.917,5.865
BUR13,Burdekin River mouth mooring,147.5822,-19.5875,1464,2017-05-22,1.115,5.013
BUR13,Burdekin River mouth mooring,147.5822,-19.5875,1464,2017-05-23,1.431,7.685
BUR13,Burdekin River mouth mooring,147.5822,-19.5875,1464,2017-05-24,1.332,6.573
BUR13,Burdekin River mouth mooring,147.5822,-19.5875,1464,2017-05-25,1.322,6.778
BUR13,Burdekin River mouth mooring,147.5822,-19.5875,1464,2017-05-26,1.411,6.554
BUR13,Burdekin River mouth mooring,147.5822,-19.5875,1464,2017-05-27,1.217,6.468
BUR13,Burdekin River mouth mooring,147.5822,-19.5875,1464,2017-05-28,1.118,5.194
BUR13,Burdekin River mouth mooring,147.5822,-19.5875,1464,2017-05-29,0.918,3.379
BUR13,Burdekin River mouth mooring,147.5822,-19.5875,1464,2017-05-30,1.019,3.118
BUR13,Burdekin River mouth mooring,147.5822,-19.5875,1464,2017-05-31,1.168,11.07
BUR13,Burdekin River mouth mooring,147.5822,-19.5875,1464,2017-06-01,1.101,19.81
BUR13,Burdekin River mouth mooring,147.5822,-19.5875,1464,2017-06-02,0.976,19.21
BUR13,Burdekin River mouth mooring,147.5822,-19.5875,1464,2017-06-03,1.144,13.551
BUR13,Burdekin River mouth mooring,147.5822,-19.5875,1464,2017-06-04,1.16,9.586
BUR13,Burdekin River mouth mooring,147.5822,-19.5875,1464,2017-06-05,1.141,11.219
BUR13,Burdekin River mouth mooring,147.5822,-19.5875,1464,2017-06-06,1.071,7.867
BUR13,Burdekin River mouth mooring,147.5822,-19.5875,1464,2017-06-07,1.036,5.997
BUR13,Burdekin River mouth mooring,147.5822,-19.5875,1464,2017-06-08,1.126,3.609
BUR13,Burdekin River mouth mooring,147.5822,-19.5875,1464,2017-06-09,1.207,3.397
BUR13,Burdekin River mouth mooring,147.5822,-19.5875,1464,2017-06-10,1.23,2.842
BUR13,Burdekin River mouth mooring,147.5822,-19.5875,1464,2017-06-11,1.356,3.329
BUR13,Burdekin River mouth mooring,147.5822,-19.5875,1464,2017-06-12,1.243,3.432
BUR13,Burdekin River mouth mooring,147.5822,-19.5875,1464,2017-06-13,1.345,3.569
BUR13,Burdekin River mouth mooring,147.5822,-19.5875,1464,2017-06-14,1.429,2.278
BUR13,Burdekin River mouth mooring,147.5822,-19.5875,1464,2017-06-15,1.51,2.918
BUR13,Burdekin River mouth mooring,147.5822,-19.5875,1464,2017-06-16,1.611,4.757
BUR13,Burdekin River mouth mooring,147.5822,-19.5875,1464,2017-06-17,1.372,3.351
BUR13,Burdekin River mouth mooring,147.5822,-19.5875,1464,2017-06-18,0.882,2.083
BUR13,Burdekin River mouth mooring,147.5822,-19.5875,1464,2017-06-19,0.894,3.441
BUR13,Burdekin River mouth mooring,147.5822,-19.5875,1464,2017-06-20,1.231,7.287
BUR13,Burdekin River mouth mooring,147.5822,-19.5875,1464,2017-06-21,1.157,12.711
BUR13,Burdekin River mouth mooring,147.5822,-19.5875,1464,2017-06-22,1.133,12.513
BUR13,Burdekin River mouth mooring,147.5822,-19.5875,1464,2017-06-23,1.201,10.149
BUR13,Burdekin River mouth mooring,147.5822,-19.5875,1464,2017-06-24,1.314,8.787
BUR13,Burdekin River mouth mooring,147.5822,-19.5875,1464,2017-06-25,1.368,7.359
BUR13,Burdekin River mouth mooring,147.5822,-19.5875,1464,2017-06-26,1.451,6.686
BUR13,Burdekin River mouth mooring,147.5822,-19.5875,1464,2017-06-27,1.331,5.84
BUR13,Burdekin River mouth mooring,147.5822,-19.5875,1464,2017-06-28,0.963,7.662
BUR13,Burdekin River mouth mooring,147.5822,-19.5875,1464,2017-06-29,0.853,6.133
BUR13,Burdekin River mouth mooring,147.5822,-19.5875,1464,2017-06-30,0.774,3.6
BUR13,Burdekin River mouth mooring,147.5822,-19.5875,1464,2017-07-01,0.852,12.05
BUR13,Burdekin River mouth mooring,147.5822,-19.5875,1464,2017-07-02,0.834,20.798
BUR13,Burdekin River mouth mooring,147.5822,-19.5875,1464,2017-07-03,0.796,13.67
BUR13,Burdekin River mouth mooring,147.5822,-19.5875,1464,2017-07-04,0.917,6.139
BUR13,Burdekin River mouth mooring,147.5822,-19.5875,1464,2017-07-05,1.182,3.57
BUR13,Burdekin River mouth mooring,147.5822,-19.5875,1464,2017-07-06,1.068,2.947
BUR13,Burdekin River mouth mooring,147.5822,-19.5875,1464,2017-07-07,0.793,2.095
BUR13,Burdekin River mouth mooring,147.5822,-19.5875,1464,2017-07-08,0.433,0.851
BUR13,Burdekin River mouth mooring,147.5822,-19.5875,1464,2017-07-09,0.616,1.016
BUR13,Burdekin River mouth mooring,147.5822,-19.5875,1464,2017-07-10,1.019,2.251
BUR13,Burdekin River mouth mooring,147.5822,-19.5875,1464,2017-07-11,1.396,6.378
BUR13,Burdekin River mouth mooring,147.5822,-19.5875,1464,2017-07-12,1.334,14.358
BUR13,Burdekin River mouth mooring,147.5822,-19.5875,1464,2017-07-13,1.06,15.861
BUR13,Burdekin River mouth mooring,147.5822,-19.5875,1464,2017-07-14,1.082,9.605
BUR13,Burdekin River mouth mooring,147.5822,-19.5875,1464,2017-07-15,1.156,6.853
BUR13,Burdekin River mouth mooring,147.5822,-19.5875,1464,2017-07-16,1.052,4.29
BUR13,Burdekin River mouth mooring,147.5822,-19.5875,1464,2017-07-17,0.961,4.332
BUR13,Burdekin River mouth mooring,147.5822,-19.5875,1464,2017-07-18,0.967,4.487
BUR13,Burdekin River mouth mooring,147.5822,-19.5875,1464,2017-07-19,0.95,20.166
BUR13,Burdekin River mouth mooring,147.5822,-19.5875,1464,2017-07-20,1.169,34.018
BUR13,Burdekin River mouth mooring,147.5822,-19.5875,1464,2017-07-21,1.297,32.838
BUR13,Burdekin River mouth mooring,147.5822,-19.5875,1464,2017-07-22,1.145,54.603
BUR13,Burdekin River mouth mooring,147.5822,-19.5875,1464,2017-07-23,0.981,69.386
BUR13,Burdekin River mouth mooring,147.5822,-19.5875,1464,2017-07-24,0.898,101.981
BUR13,Burdekin River mouth mooring,147.5822,-19.5875,1464,2017-07-25,0.814,114.193
BUR13,Burdekin River mouth mooring,147.5822,-19.5875,1464,2017-07-26,0.807,117.259
BUR13,Burdekin River mouth mooring,147.5822,-19.5875,1464,2017-07-27,0.669,110.851
BUR13,Burdekin River mouth mooring,147.5822,-19.5875,1464,2017-07-28,0.38,92.984
BUR13,Burdekin River mouth mooring,147.5822,-19.5875,1464,2017-07-29,0.401,87.286
BUR13,Burdekin River mouth mooring,147.5822,-19.5875,1464,2017-07-30,0.863,75.041
BUR13,Burdekin River mouth mooring,147.5822,-19.5875,1464,2017-07-31,0.941,4.731
BUR13,Burdekin River mouth mooring,147.5822,-19.5875,1464,2017-08-01,0.886,2.909
BUR13,Burdekin River mouth mooring,147.5822,-19.5875,1464,2017-08-02,0.907,6.43
BUR13,Burdekin River mouth mooring,147.5822,-19.5875,1464,2017-08-03,0.915,4.27
BUR13,Burdekin River mouth mooring,147.5822,-19.5875,1464,2017-08-04,1.203,2.365
BUR13,Burdekin River mouth mooring,147.5822,-19.5875,1464,2017-08-05,1.051,1.786
BUR13,Burdekin River mouth mooring,147.5822,-19.5875,1464,2017-08-06,1.116,1.613
BUR13,Burdekin River mouth mooring,147.5822,-19.5875,1464,2017-08-07,1.066,1.661
BUR13,Burdekin River mouth mooring,147.5822,-19.5875,1464,2017-08-08,0.911,1.903
BUR13,Burdekin River mouth mooring,147.5822,-19.5875,1464,2017-08-09,1.801,6.329
BUR13,Burdekin River mouth mooring,147.5822,-19.5875,1464,2017-08-10,1.657,6.479
BUR13,Burdekin River mouth mooring,147.5822,-19.5875,1464,2017-08-11,1.553,5.36
BUR13,Burdekin River mouth mooring,147.5822,-19.5875,1464,2017-08-12,1.53,6.676
BUR13,Burdekin River mouth mooring,147.5822,-19.5875,1464,2017-08-13,1.284,10.056
BUR13,Burdekin River mouth mooring,147.5822,-19.5875,1464,2017-08-14,1.058,35.982
BUR13,Burdekin River mouth mooring,147.5822,-19.5875,1464,2017-08-15,0.915,83.002
BUR13,Burdekin River mouth mooring,147.5822,-19.5875,1464,2017-08-16,0.838,115.353
BUR13,Burdekin River mouth mooring,147.5822,-19.5875,1464,2017-08-17,0.829,117.268
BUR13,Burdekin River mouth mooring,147.5822,-19.5875,1464,2017-08-18,0.781,117.268
BUR13,Burdekin River mouth mooring,147.5822,-19.5875,1464,2017-08-19,0.702,87.149
BUR13,Burdekin River mouth mooring,147.5822,-19.5875,1464,2017-08-20,1.415,10.196
BUR13,Burdekin River mouth mooring,147.5822,-19.5875,1464,2017-08-21,1.39,9.399
BUR13,Burdekin River mouth mooring,147.5822,-19.5875,1464,2017-08-22,1.372,4.598
BUR13,Burdekin River mouth mooring,147.5822,-19.5875,1464,2017-08-23,1.27,4.164
BUR13,Burdekin River mouth mooring,147.5822,-19.5875,1464,2017-08-24,1.12,3.713
BUR13,Burdekin River mouth mooring,147.5822,-19.5875,1464,2017-08-25,0.919,3.683
BUR13,Burdekin River mouth mooring,147.5822,-19.5875,1464,2017-08-26,1.129,9.987
BUR13,Burdekin River mouth mooring,147.5822,-19.5875,1464,2017-08-27,1.163,8.498
BUR13,Burdekin River mouth mooring,147.5822,-19.5875,1464,2017-08-28,1.235,5.002
BUR13,Burdekin River mouth mooring,147.5822,-19.5875,1464,2017-08-29,1.082,3.442
BUR13,Burdekin River mouth mooring,147.5822,-19.5875,1464,2017-08-30,1.281,5.979
BUR13,Burdekin River mouth mooring,147.5822,-19.5875,1464,2017-08-31,1.454,9.134
BUR13,Burdekin River mouth mooring,147.5822,-19.5875,1464,2017-09-01,1.435,10.86
BUR13,Burdekin River mouth mooring,147.5822,-19.5875,1464,2017-09-02,1.536,10.29
BUR13,Burdekin River mouth mooring,147.5822,-19.5875,1464,2017-09-03,1.541,6.7
BUR13,Burdekin River mouth mooring,147.5822,-19.5875,1464,2017-09-04,1.232,3.965
BUR13,Burdekin River mouth mooring,147.5822,-19.5875,1464,2017-09-05,0.871,2.645
BUR13,Burdekin River mouth mooring,147.5822,-19.5875,1464,2017-09-06,0.827,2.578
BUR13,Burdekin River mouth mooring,147.5822,-19.5875,1464,2017-09-07,0.813,2.213
BUR13,Burdekin River mouth mooring,147.5822,-19.5875,1464,2017-09-08,0.8,2.478
BUR13,Burdekin River mouth mooring,147.5822,-19.5875,1464,2017-09-09,0.899,4.957
BUR13,Burdekin River mouth mooring,147.5822,-19.5875,1464,2017-09-10,1.076,7.984
BUR13,Burdekin River mouth mooring,147.5822,-19.5875,1464,2017-09-11,1.298,8.446
BUR13,Burdekin River mouth mooring,147.5822,-19.5875,1464,2017-09-12,1.016,9.696
BUR13,Burdekin River mouth mooring,147.5822,-19.5875,1464,2017-09-13,0.859,10.183
BUR13,Burdekin River mouth mooring,147.5822,-19.5875,1464,2017-09-14,0.668,12.723
BUR13,Burdekin River mouth mooring,147.5822,-19.5875,1464,2017-09-15,0.521,18.553
BUR13,Burdekin River mouth mooring,147.5822,-19.5875,1464,2017-09-16,0.349,21.375
BUR13,Burdekin River mouth mooring,147.5822,-19.5875,1464,2017-09-17,0.356,32.518
BUR13,Burdekin River mouth mooring,147.5822,-19.5875,1464,2017-09-18,0.21,58.678
BUR13,Burdekin River mouth mooring,147.5822,-19.5875,1464,2017-09-19,1.008,20.24
BUR13,Burdekin River mouth mooring,147.5822,-19.5875,1464,2017-09-20,1.168,6.988
BUR13,Burdekin River mouth mooring,147.5822,-19.5875,1464,2017-09-21,1.292,4.778
BUR13,Burdekin River mouth mooring,147.5822,-19.5875,1464,2017-09-22,0.957,3.275
BUR13,Burdekin River mouth mooring,147.5822,-19.5875,1464,2017-09-23,0.717,2.46
BUR13,Burdekin River mouth mooring,147.5822,-19.5875,1464,2017-09-24,0.481,1.797
BUR13,Burdekin River mouth mooring,147.5822,-19.5875,1464,2017-09-25,0.431,1.465
BUR13,Burdekin River mouth mooring,147.5822,-19.5875,1464,2017-09-26,0.229,1.208
BUR13,Burdekin River mouth mooring,147.5822,-19.5875,1464,2017-09-27,0.128,1.032
BUR13,Burdekin River mouth mooring,147.5822,-19.5875,1464,2017-09-28,0.156,1.017
BUR13,Burdekin River mouth mooring,147.5822,-19.5875,1464,2017-09-29,0.175,1.428
BUR13,Burdekin River mouth mooring,147.5822,-19.5875,2332,2017-09-30,0.401,0.827
BUR13,Burdekin River mouth mooring,147.5822,-19.5875,1464,2017-09-30,0.232,3.729
BUR13,Burdekin River mouth mooring,147.5822,-19.5875,2332,2017-10-01,0.459,0.896
BUR13,Burdekin River mouth mooring,147.5822,-19.5875,2332,2017-10-02,0.87,2.885
BUR13,Burdekin River mouth mooring,147.5822,-19.5875,2332,2017-10-03,0.937,2.792
BUR13,Burdekin River mouth mooring,147.5822,-19.5875,2332,2017-10-04,0.841,1.95
BUR13,Burdekin River mouth mooring,147.5822,-19.5875,2332,2017-10-05,1.046,1.712
BUR13,Burdekin River mouth mooring,147.5822,-19.5875,2332,2017-10-06,1.413,2.166
BUR13,Burdekin River mouth mooring,147.5822,-19.5875,2332,2017-10-07,1.44,2.406
BUR13,Burdekin River mouth mooring,147.5822,-19.5875,2332,2017-10-08,1.517,3.265
BUR13,Burdekin River mouth mooring,147.5822,-19.5875,2332,2017-10-09,1.33,2.234
BUR13,Burdekin River mouth mooring,147.5822,-19.5875,2332,2017-10-10,1.157,1.571
BUR13,Burdekin River mouth mooring,147.5822,-19.5875,2332,2017-10-11,1.238,1.992
BUR13,Burdekin River mouth mooring,147.5822,-19.5875,2332,2017-10-12,1.456,3.181
BUR13,Burdekin River mouth mooring,147.5822,-19.5875,2332,2017-10-13,1.389,2.477
BUR13,Burdekin River mouth mooring,147.5822,-19.5875,2332,2017-10-14,1.447,2.876
BUR13,Burdekin River mouth mooring,147.5822,-19.5875,2332,2017-10-15,1.42,2.933
BUR13,Burdekin River mouth mooring,147.5822,-19.5875,2332,2017-10-16,1.813,3.369
BUR13,Burdekin River mouth mooring,147.5822,-19.5875,2332,2017-10-17,1.997,3.033
BUR13,Burdekin River mouth mooring,147.5822,-19.5875,2332,2017-10-18,1.619,16.725
BUR13,Burdekin River mouth mooring,147.5822,-19.5875,2332,2017-10-19,1.319,24.061
BUR13,Burdekin River mouth mooring,147.5822,-19.5875,2332,2017-10-20,1.298,18.093
BUR13,Burdekin River mouth mooring,147.5822,-19.5875,2332,2017-10-21,1.79,6.547
BUR13,Burdekin River mouth mooring,147.5822,-19.5875,2332,2017-10-22,1.644,2.615
BUR13,Burdekin River mouth mooring,147.5822,-19.5875,2332,2017-10-23,0.904,1.704
BUR13,Burdekin River mouth mooring,147.5822,-19.5875,2332,2017-10-24,0.602,1.073
BUR13,Burdekin River mouth mooring,147.5822,-19.5875,2332,2017-10-25,0.945,2.791
BUR13,Burdekin River mouth mooring,147.5822,-19.5875,2332,2017-10-26,0.714,1.528
BUR13,Burdekin River mouth mooring,147.5822,-19.5875,2332,2017-10-27,0.598,1.02
BUR13,Burdekin River mouth mooring,147.5822,-19.5875,2332,2017-10-28,0.549,1.041
BUR13,Burdekin River mouth mooring,147.5822,-19.5875,2332,2017-10-29,0.379,0.726
BUR13,Burdekin River mouth mooring,147.5822,-19.5875,2332,2017-10-30,0.375,0.721
BUR13,Burdekin River mouth mooring,147.5822,-19.5875,2332,2017-10-31,0.376,0.804
BUR13,Burdekin River mouth mooring,147.5822,-19.5875,2332,2017-11-01,0.412,0.828
BUR13,Burdekin River mouth mooring,147.5822,-19.5875,2332,2017-11-02,0.417,0.683
BUR13,Burdekin River mouth mooring,147.5822,-19.5875,2332,2017-11-03,0.821,1.224
BUR13,Burdekin River mouth mooring,147.5822,-19.5875,2332,2017-11-04,0.87,1.879
BUR13,Burdekin River mouth mooring,147.5822,-19.5875,2332,2017-11-05,0.941,2.273
BUR13,Burdekin River mouth mooring,147.5822,-19.5875,2332,2017-11-06,1.11,3.596
BUR13,Burdekin River mouth mooring,147.5822,-19.5875,2332,2017-11-07,0.97,2.108
BUR13,Burdekin River mouth mooring,147.5822,-19.5875,2332,2017-11-08,0.98,2.988
BUR13,Burdekin River mouth mooring,147.5822,-19.5875,2332,2017-11-09,1.406,22.0
BUR13,Burdekin River mouth mooring,147.5822,-19.5875,2332,2017-11-10,1.332,23.475
BUR13,Burdekin River mouth mooring,147.5822,-19.5875,2332,2017-11-11,1.275,18.28
BUR13,Burdekin River mouth mooring,147.5822,-19.5875,2332,2017-11-12,1.057,11.506
BUR13,Burdekin River mouth mooring,147.5822,-19.5875,2332,2017-11-13,1.006,12.917
BUR13,Burdekin River mouth mooring,147.5822,-19.5875,2332,2017-11-14,1.043,12.304
BUR13,Burdekin River mouth mooring,147.5822,-19.5875,2332,2017-11-15,1.123,8.471
BUR13,Burdekin River mouth mooring,147.5822,-19.5875,2332,2017-11-16,1.175,7.922
BUR13,Burdekin River mouth mooring,147.5822,-19.5875,2332,2017-11-17,1.009,7.173
BUR13,Burdekin River mouth mooring,147.5822,-19.5875,2332,2017-11-18,0.875,4.703
BUR13,Burdekin River mouth mooring,147.5822,-19.5875,2332,2017-11-19,0.697,3.093
BUR13,Burdekin River mouth mooring,147.5822,-19.5875,2332,2017-11-20,0.841,4.817
BUR13,Burdekin River mouth mooring,147.5822,-19.5875,2332,2017-11-21,0.847,10.753
BUR13,Burdekin River mouth mooring,147.5822,-19.5875,2332,2017-11-22,0.948,6.823
BUR13,Burdekin River mouth mooring,147.5822,-19.5875,2332,2017-11-23,1.003,5.838
BUR13,Burdekin River mouth mooring,147.5822,-19.5875,2332,2017-11-24,0.754,4.148
BUR13,Burdekin River mouth mooring,147.5822,-19.5875,2332,2017-11-25,0.591,3.499
BUR13,Burdekin River mouth mooring,147.5822,-19.5875,2332,2017-11-26,0.562,3.007
BUR13,Burdekin River mouth mooring,147.5822,-19.5875,2332,2017-11-27,0.753,4.634
BUR13,Burdekin River mouth mooring,147.5822,-19.5875,2332,2017-11-28,0.939,5.918
BUR13,Burdekin River mouth mooring,147.5822,-19.5875,2332,2017-11-29,0.901,2.746
BUR13,Burdekin River mouth mooring,147.5822,-19.5875,2332,2017-11-30,1.082,5.286
BUR13,Burdekin River mouth mooring,147.5822,-19.5875,2332,2017-12-01,0.988,3.817
BUR13,Burdekin River mouth mooring,147.5822,-19.5875,2332,2017-12-02,1.035,3.506
BUR13,Burdekin River mouth mooring,147.5822,-19.5875,2332,2017-12-03,0.886,1.735
BUR13,Burdekin River mouth mooring,147.5822,-19.5875,2332,2017-12-04,1.047,1.665
BUR13,Burdekin River mouth mooring,147.5822,-19.5875,2332,2017-12-05,1.057,1.766
BUR13,Burdekin River mouth mooring,147.5822,-19.5875,2332,2017-12-06,0.917,1.719
BUR13,Burdekin River mouth mooring,147.5822,-19.5875,2332,2017-12-07,0.749,0.933
BUR13,Burdekin River mouth mooring,147.5822,-19.5875,2332,2017-12-08,0.858,1.285
BUR13,Burdekin River mouth mooring,147.5822,-19.5875,2332,2017-12-09,0.933,1.766
BUR13,Burdekin River mouth mooring,147.5822,-19.5875,2332,2017-12-10,1.07,4.129
BUR13,Burdekin River mouth mooring,147.5822,-19.5875,2332,2017-12-11,0.962,8.22
BUR13,Burdekin River mouth mooring,147.5822,-19.5875,2332,2017-12-12,0.951,4.647
BUR13,Burdekin River mouth mooring,147.5822,-19.5875,2332,2017-12-13,1.051,5.59
BUR13,Burdekin River mouth mooring,147.5822,-19.5875,2332,2017-12-14,1.094,5.646
BUR13,Burdekin River mouth mooring,147.5822,-19.5875,2332,2017-12-15,0.985,4.12
BUR13,Burdekin River mouth mooring,147.5822,-19.5875,2332,2017-12-16,0.981,3.789
BUR13,Burdekin River mouth mooring,147.5822,-19.5875,2332,2017-12-17,1.152,7.518
BUR13,Burdekin River mouth mooring,147.5822,-19.5875,2332,2017-12-18,1.048,6.832
BUR13,Burdekin River mouth mooring,147.5822,-19.5875,2332,2017-12-19,0.978,4.009
BUR13,Burdekin River mouth mooring,147.5822,-19.5875,2332,2017-12-20,0.841,2.568
BUR13,Burdekin River mouth mooring,147.5822,-19.5875,2332,2017-12-21,1.034,3.002
BUR13,Burdekin River mouth mooring,147.5822,-19.5875,2332,2017-12-22,1.01,3.06
BUR13,Burdekin River mouth mooring,147.5822,-19.5875,2332,2017-12-23,0.976,2.971
BUR13,Burdekin River mouth mooring,147.5822,-19.5875,2332,2017-12-24,0.91,1.785
BUR13,Burdekin River mouth mooring,147.5822,-19.5875,2332,2017-12-25,0.897,1.168
BUR13,Burdekin River mouth mooring,147.5822,-19.5875,2332,2017-12-26,0.698,0.987
BUR13,Burdekin River mouth mooring,147.5822,-19.5875,2332,2017-12-27,0.756,0.912
BUR13,Burdekin River mouth mooring,147.5822,-19.5875,2332,2017-12-28,0.706,0.804
BUR13,Burdekin River mouth mooring,147.5822,-19.5875,2332,2017-12-29,1.548,2.318
BUR13,Burdekin River mouth mooring,147.5822,-19.5875,2332,2017-12-30,1.006,2.131
BUR13,Burdekin River mouth mooring,147.5822,-19.5875,2332,2017-12-31,0.929,1.366
BUR13,Burdekin River mouth mooring,147.5822,-19.5875,2332,2018-01-01,0.567,0.874
BUR13,Burdekin River mouth mooring,147.5822,-19.5875,2332,2018-01-02,0.808,1.485
BUR13,Burdekin River mouth mooring,147.5822,-19.5875,2332,2018-01-03,0.688,1.446
BUR13,Burdekin River mouth mooring,147.5822,-19.5875,2332,2018-01-04,0.817,2.131
BUR13,Burdekin River mouth mooring,147.5822,-19.5875,2332,2018-01-05,1.582,4.275
BUR13,Burdekin River mouth mooring,147.5822,-19.5875,2332,2018-01-06,1.861,5.039
BUR13,Burdekin River mouth mooring,147.5822,-19.5875,2332,2018-01-07,1.549,8.433
BUR13,Burdekin River mouth mooring,147.5822,-19.5875,2332,2018-01-08,1.067,12.099
BUR13,Burdekin River mouth mooring,147.5822,-19.5875,2332,2018-01-09,0.958,5.65
BUR13,Burdekin River mouth mooring,147.5822,-19.5875,2332,2018-01-10,0.906,4.655
BUR13,Burdekin River mouth mooring,147.5822,-19.5875,2332,2018-01-11,0.971,7.612
BUR13,Burdekin River mouth mooring,147.5822,-19.5875,2332,2018-01-12,0.939,7.451
BUR13,Burdekin River mouth mooring,147.5822,-19.5875,2332,2018-01-13,0.762,3.754
BUR13,Burdekin River mouth mooring,147.5822,-19.5875,2332,2018-01-14,0.621,1.814
BUR13,Burdekin River mouth mooring,147.5822,-19.5875,2332,2018-01-15,0.602,1.039
BUR13,Burdekin River mouth mooring,147.5822,-19.5875,2332,2018-01-16,1.014,6.427
BUR13,Burdekin River mouth mooring,147.5822,-19.5875,2332,2018-01-17,1.174,22.39
BUR13,Burdekin River mouth mooring,147.5822,-19.5875,2332,2018-01-18,1.16,22.742
BUR13,Burdekin River mouth mooring,147.5822,-19.5875,2332,2018-01-19,1.307,12.997
BUR13,Burdekin River mouth mooring,147.5822,-19.5875,2332,2018-01-20,1.484,7.97
BUR13,Burdekin River mouth mooring,147.5822,-19.5875,2332,2018-01-21,1.285,6.764
BUR13,Burdekin River mouth mooring,147.5822,-19.5875,2332,2018-01-22,1.174,5.289
BUR13,Burdekin River mouth mooring,147.5822,-19.5875,2332,2018-01-23,1.107,7.095
BUR13,Burdekin River mouth mooring,147.5822,-19.5875,2332,2018-01-24,1.08,8.523
BUR13,Burdekin River mouth mooring,147.5822,-19.5875,2332,2018-01-25,1.19,9.887
BUR13,Burdekin River mouth mooring,147.5822,-19.5875,2332,2018-01-26,1.123,10.719
BUR13,Burdekin River mouth mooring,147.5822,-19.5875,2332,2018-01-27,1.15,9.27
BUR13,Burdekin River mouth mooring,147.5822,-19.5875,2332,2018-01-28,1.094,11.089
BUR13,Burdekin River mouth mooring,147.5822,-19.5875,2332,2018-01-29,1.011,7.368
BUR13,Burdekin River mouth mooring,147.5822,-19.5875,2332,2018-01-30,0.966,4.147
BUR13,Burdekin River mouth mooring,147.5822,-19.5875,2332,2018-01-31,1.075,3.028
BUR13,Burdekin River mouth mooring,147.5822,-19.5875,2332,2018-02-01,1.18,2.688
BUR13,Burdekin River mouth mooring,147.5822,-19.5875,2332,2018-02-02,1.264,3.292
BUR13,Burdekin River mouth mooring,147.5822,-19.5875,2332,2018-02-03,1.244,4.423
BUR13,Burdekin River mouth mooring,147.5822,-19.5875,2332,2018-02-04,1.21,11.754
BUR13,Burdekin River mouth mooring,147.5822,-19.5875,2332,2018-02-05,1.06,23.508
BUR13,Burdekin River mouth mooring,147.5822,-19.5875,2332,2018-02-06,1.028,24.063
BUR13,Burdekin River mouth mooring,147.5822,-19.5875,2332,2018-02-07,1.178,19.64
BUR13,Burdekin River mouth mooring,147.5822,-19.5875,2332,2018-02-08,1.187,12.476
BUR13,Burdekin River mouth mooring,147.5822,-19.5875,2332,2018-02-09,1.072,6.487
BUR13,Burdekin River mouth mooring,147.5822,-19.5875,2332,2018-02-10,0.996,3.931
BUR13,Burdekin River mouth mooring,147.5822,-19.5875,2332,2018-02-11,0.625,1.418
BUR13,Burdekin River mouth mooring,147.5822,-19.5875,2332,2018-02-12,0.536,0.885
BUR13,Burdekin River mouth mooring,147.5822,-19.5875,2332,2018-02-13,0.487,0.719
BUR13,Burdekin River mouth mooring,147.5822,-19.5875,2332,2018-02-14,0.462,0.701
BUR13,Burdekin River mouth mooring,147.5822,-19.5875,2332,2018-02-15,0.471,0.685
BUR13,Burdekin River mouth mooring,147.5822,-19.5875,2332,2018-02-16,0.521,0.791
BUR13,Burdekin River mouth mooring,147.5822,-19.5875,2332,2018-02-17,0.681,1.201
BUR13,Burdekin River mouth mooring,147.5822,-19.5875,2332,2018-02-18,0.634,1.177
BUR13,Burdekin River mouth mooring,147.5822,-19.5875,2332,2018-02-19,0.639,1.01
BUR13,Burdekin River mouth mooring,147.5822,-19.5875,2332,2018-02-20,0.512,0.703
BUR13,Burdekin River mouth mooring,147.5822,-19.5875,2332,2018-02-21,0.795,2.046
BUR13,Burdekin River mouth mooring,147.5822,-19.5875,2332,2018-02-22,1.153,2.927
BUR13,Burdekin River mouth mooring,147.5822,-19.5875,2332,2018-02-23,1.228,1.929
BUR13,Burdekin River mouth mooring,147.5822,-19.5875,2332,2018-02-24,1.34,2.196
BUR13,Burdekin River mouth mooring,147.5822,-19.5875,2332,2018-02-25,1.326,2.055
BUR13,Burdekin River mouth mooring,147.5822,-19.5875,2332,2018-02-26,1.306,2.011
BUR13,Burdekin River mouth mooring,147.5822,-19.5875,2332,2018-02-27,1.283,1.935
BUR13,Burdekin River mouth mooring,147.5822,-19.5875,2332,2018-02-28,1.179,2.587
BUR13,Burdekin River mouth mooring,147.5822,-19.5875,2332,2018-03-01,1.443,6.965
BUR13,Burdekin River mouth mooring,147.5822,-19.5875,2332,2018-03-02,1.311,3.702
BUR13,Burdekin River mouth mooring,147.5822,-19.5875,2332,2018-03-03,1.159,6.113
BUR13,Burdekin River mouth mooring,147.5822,-19.5875,2332,2018-03-04,1.109,12.49
BUR13,Burdekin River mouth mooring,147.5822,-19.5875,2332,2018-03-05,1.155,16.276
BUR13,Burdekin River mouth mooring,147.5822,-19.5875,2332,2018-03-06,1.116,17.067
BUR13,Burdekin River mouth mooring,147.5822,-19.5875,2332,2018-03-07,1.812,22.834
BUR13,Burdekin River mouth mooring,147.5822,-19.5875,2332,2018-03-08,1.804,23.943
BUR13,Burdekin River mouth mooring,147.5822,-19.5875,2332,2018-03-09,1.693,23.945
BUR13,Burdekin River mouth mooring,147.5822,-19.5875,2332,2018-03-10,1.482,21.233
BUR13,Burdekin River mouth mooring,147.5822,-19.5875,2332,2018-03-11,1.512,21.855
BUR13,Burdekin River mouth mooring,147.5822,-19.5875,2332,2018-03-12,1.364,16.26
BUR13,Burdekin River mouth mooring,147.5822,-19.5875,2332,2018-03-13,1.298,15.385
BUR13,Burdekin River mouth mooring,147.5822,-19.5875,2332,2018-03-14,1.149,12.347
BUR13,Burdekin River mouth mooring,147.5822,-19.5875,2332,2018-03-15,1.222,10.803
BUR13,Burdekin River mouth mooring,147.5822,-19.5875,2332,2018-03-16,1.384,11.229
BUR13,Burdekin River mouth mooring,147.5822,-19.5875,2332,2018-03-17,1.227,14.522
BUR13,Burdekin River mouth mooring,147.5822,-19.5875,2332,2018-03-18,1.257,12.798
BUR13,Burdekin River mouth mooring,147.5822,-19.5875,2332,2018-03-19,1.518,12.344
BUR13,Burdekin River mouth mooring,147.5822,-19.5875,2332,2018-03-20,1.896,11.528
BUR13,Burdekin River mouth mooring,147.5822,-19.5875,2332,2018-03-21,1.99,17.523
BUR13,Burdekin River mouth mooring,147.5822,-19.5875,2332,2018-03-22,1.555,14.081
BUR13,Burdekin River mouth mooring,147.5822,-19.5875,2332,2018-03-23,1.36,11.206
BUR13,Burdekin River mouth mooring,147.5822,-19.5875,2332,2018-03-24,1.682,18.188
BUR13,Burdekin River mouth mooring,147.5822,-19.5875,2332,2018-03-25,1.327,17.331
BUR13,Burdekin River mouth mooring,147.5822,-19.5875,2332,2018-03-26,0.847,22.36
BUR13,Burdekin River mouth mooring,147.5822,-19.5875,2332,2018-03-27,0.667,24.096
BUR13,Burdekin River mouth mooring,147.5822,-19.5875,2332,2018-03-28,0.687,24.096
BUR13,Burdekin River mouth mooring,147.5822,-19.5875,2332,2018-03-29,0.667,24.096
BUR13,Burdekin River mouth mooring,147.5822,-19.5875,2332,2018-03-30,0.708,24.096
BUR13,Burdekin River mouth mooring,147.5822,-19.5875,2332,2018-03-31,0.697,24.096
BUR13,Burdekin River mouth mooring,147.5822,-19.5875,2332,2018-04-01,0.712,24.096
BUR13,Burdekin River mouth mooring,147.5822,-19.5875,2332,2018-04-02,0.723,24.096
BUR13,Burdekin River mouth mooring,147.5822,-19.5875,2332,2018-04-03,0.367,24.041
BUR13,Burdekin River mouth mooring,147.5822,-19.5875,2332,2018-04-05,1.136,5.699
BUR13,Burdekin River mouth mooring,147.5822,-19.5875,2332,2018-04-06,1.086,3.358
BUR13,Burdekin River mouth mooring,147.5822,-19.5875,2332,2018-04-07,1.42,5.707
BUR13,Burdekin River mouth mooring,147.5822,-19.5875,2332,2018-04-08,1.286,6.715
BUR13,Burdekin River mouth mooring,147.5822,-19.5875,2332,2018-04-09,1.196,9.923
BUR13,Burdekin River mouth mooring,147.5822,-19.5875,2332,2018-04-10,1.014,9.634
BUR13,Burdekin River mouth mooring,147.5822,-19.5875,2332,2018-04-11,1.014,14.058
BUR13,Burdekin River mouth mooring,147.5822,-19.5875,2332,2018-04-12,0.993,11.368
BUR13,Burdekin River mouth mooring,147.5822,-19.5875,2332,2018-04-13,1.062,11.647
BUR13,Burdekin River mouth mooring,147.5822,-19.5875,2332,2018-04-14,1.113,6.984
BUR13,Burdekin River mouth mooring,147.5822,-19.5875,2332,2018-04-15,1.278,7.055
BUR13,Burdekin River mouth mooring,147.5822,-19.5875,2332,2018-04-16,1.271,6.287
BUR13,Burdekin River mouth mooring,147.5822,-19.5875,2332,2018-04-17,1.344,6.371
BUR13,Burdekin River mouth mooring,147.5822,-19.5875,2332,2018-04-18,1.277,8.396
BUR13,Burdekin River mouth mooring,147.5822,-19.5875,2332,2018-04-19,1.163,8.559
BUR13,Burdekin River mouth mooring,147.5822,-19.5875,2332,2018-04-20,1.056,7.935
BUR13,Burdekin River mouth mooring,147.5822,-19.5875,2332,2018-04-21,0.999,6.379
BUR13,Burdekin River mouth mooring,147.5822,-19.5875,2332,2018-04-22,1.045,6.516
BUR13,Burdekin River mouth mooring,147.5822,-19.5875,2332,2018-04-23,1.036,5.882
BUR13,Burdekin River mouth mooring,147.5822,-19.5875,2332,2018-04-24,1.031,5.392
BUR13,Burdekin River mouth mooring,147.5822,-19.5875,2332,2018-04-25,0.965,5.405
BUR13,Burdekin River mouth mooring,147.5822,-19.5875,2332,2018-04-26,0.888,3.023
BUR13,Burdekin River mouth mooring,147.5822,-19.5875,2332,2018-04-27,0.96,2.461
BUR13,Burdekin River mouth mooring,147.5822,-19.5875,2332,2018-04-28,1.131,7.498
BUR13,Burdekin River mouth mooring,147.5822,-19.5875,2332,2018-04-29,1.085,14.082
BUR13,Burdekin River mouth mooring,147.5822,-19.5875,2332,2018-04-30,1.135,11.886
BUR13,Burdekin River mouth mooring,147.5822,-19.5875,2332,2018-05-01,1.118,13.901
BUR13,Burdekin River mouth mooring,147.5822,-19.5875,2332,2018-05-02,1.079,10.469
BUR13,Burdekin River mouth mooring,147.5822,-19.5875,2332,2018-05-03,1.061,7.671
BUR13,Burdekin River mouth mooring,147.5822,-19.5875,2332,2018-05-04,0.913,4.462
BUR13,Burdekin River mouth mooring,147.5822,-19.5875,2332,2018-05-05,0.94,5.13
BUR13,Burdekin River mouth mooring,147.5822,-19.5875,2332,2018-05-06,0.996,12.724
BUR13,Burdekin River mouth mooring,147.5822,-19.5875,2332,2018-05-07,0.947,12.336
BUR13,Burdekin River mouth mooring,147.5822,-19.5875,2332,2018-05-08,0.932,6.848
BUR13,Burdekin River mouth mooring,147.5822,-19.5875,2332,2018-05-09,0.865,3.847
BUR13,Burdekin River mouth mooring,147.5822,-19.5875,2332,2018-05-10,0.892,3.571
BUR13,Burdekin River mouth mooring,147.5822,-19.5875,2332,2018-05-11,0.752,1.934
BUR13,Burdekin River mouth mooring,147.5822,-19.5875,2332,2018-05-12,0.553,1.283
BUR13,Burdekin River mouth mooring,147.5822,-19.5875,822,2018-05-12,0.829,2.407
BUR13,Burdekin River mouth mooring,147.5822,-19.5875,822,2018-05-13,1.395,5.07
BUR13,Burdekin River mouth mooring,147.5822,-19.5875,822,2018-05-14,1.375,4.998
BUR13,Burdekin River mouth mooring,147.5822,-19.5875,822,2018-05-15,1.431,7.394
BUR13,Burdekin River mouth mooring,147.5822,-19.5875,822,2018-05-16,0.979,8.187
BUR13,Burdekin River mouth mooring,147.5822,-19.5875,822,2018-05-17,0.986,11.203
BUR13,Burdekin River mouth mooring,147.5822,-19.5875,822,2018-05-18,1.069,10.228
BUR13,Burdekin River mouth mooring,147.5822,-19.5875,822,2018-05-19,0.982,10.467
BUR13,Burdekin River mouth mooring,147.5822,-19.5875,822,2018-05-20,1.013,14.452
BUR13,Burdekin River mouth mooring,147.5822,-19.5875,822,2018-05-21,1.057,11.957
BUR13,Burdekin River mouth mooring,147.5822,-19.5875,822,2018-05-22,1.173,10.56
BUR13,Burdekin River mouth mooring,147.5822,-19.5875,822,2018-05-23,1.079,8.519
BUR13,Burdekin River mouth mooring,147.5822,-19.5875,822,2018-05-24,0.969,11.078
BUR13,Burdekin River mouth mooring,147.5822,-19.5875,822,2018-05-25,0.962,7.269
BUR13,Burdekin River mouth mooring,147.5822,-19.5875,822,2018-05-26,1.026,11.273
BUR13,Burdekin River mouth mooring,147.5822,-19.5875,822,2018-05-27,0.998,11.898
BUR13,Burdekin River mouth mooring,147.5822,-19.5875,822,2018-05-28,0.984,8.215
BUR13,Burdekin River mouth mooring,147.5822,-19.5875,822,2018-05-29,1.036,9.114
BUR13,Burdekin River mouth mooring,147.5822,-19.5875,822,2018-05-30,0.943,6.474
BUR13,Burdekin River mouth mooring,147.5822,-19.5875,822,2018-05-31,0.811,5.094
BUR13,Burdekin River mouth mooring,147.5822,-19.5875,822,2018-06-01,0.83,6.205
BUR13,Burdekin River mouth mooring,147.5822,-19.5875,822,2018-06-02,0.789,4.54
BUR13,Burdekin River mouth mooring,147.5822,-19.5875,822,2018-06-03,0.772,2.537
BUR13,Burdekin River mouth mooring,147.5822,-19.5875,822,2018-06-04,0.607,1.743
BUR13,Burdekin River mouth mooring,147.5822,-19.5875,822,2018-06-05,0.686,2.294
BUR13,Burdekin River mouth mooring,147.5822,-19.5875,822,2018-06-06,0.617,6.047
BUR13,Burdekin River mouth mooring,147.5822,-19.5875,822,2018-06-07,0.553,6.362
BUR13,Burdekin River mouth mooring,147.5822,-19.5875,822,2018-06-08,0.586,6.428
BUR13,Burdekin River mouth mooring,147.5822,-19.5875,822,2018-06-09,0.689,6.352
BUR13,Burdekin River mouth mooring,147.5822,-19.5875,822,2018-06-10,0.802,4.515
BUR13,Burdekin River mouth mooring,147.5822,-19.5875,822,2018-06-11,0.714,2.617
BUR13,Burdekin River mouth mooring,147.5822,-19.5875,822,2018-06-12,0.477,1.489
BUR13,Burdekin River mouth mooring,147.5822,-19.5875,822,2018-06-13,0.41,1.278
BUR13,Burdekin River mouth mooring,147.5822,-19.5875,822,2018-06-14,0.578,1.322
BUR13,Burdekin River mouth mooring,147.5822,-19.5875,822,2018-06-15,0.611,1.3
BUR13,Burdekin River mouth mooring,147.5822,-19.5875,822,2018-06-16,0.809,1.54
BUR13,Burdekin River mouth mooring,147.5822,-19.5875,822,2018-06-17,1.108,1.713
BUR13,Burdekin River mouth mooring,147.5822,-19.5875,822,2018-06-18,0.951,2.095
BUR13,Burdekin River mouth mooring,147.5822,-19.5875,822,2018-06-19,0.821,2.875
BUR13,Burdekin River mouth mooring,147.5822,-19.5875,822,2018-06-20,0.864,2.538
BUR13,Burdekin River mouth mooring,147.5822,-19.5875,822,2018-06-21,1.049,3.029
BUR13,Burdekin River mouth mooring,147.5822,-19.5875,822,2018-06-22,0.971,3.958
BUR13,Burdekin River mouth mooring,147.5822,-19.5875,822,2018-06-23,0.664,6.946
BUR13,Burdekin River mouth mooring,147.5822,-19.5875,822,2018-06-24,0.783,10.819
BUR13,Burdekin River mouth mooring,147.5822,-19.5875,822,2018-06-25,0.799,14.21
BUR13,Burdekin River mouth mooring,147.5822,-19.5875,822,2018-06-26,0.903,9.971
BUR13,Burdekin River mouth mooring,147.5822,-19.5875,822,2018-06-27,1.045,7.085
BUR13,Burdekin River mouth mooring,147.5822,-19.5875,822,2018-06-28,1.04,5.534
BUR13,Burdekin River mouth mooring,147.5822,-19.5875,822,2018-06-29,0.998,4.997
BUR13,Burdekin River mouth mooring,147.5822,-19.5875,822,2018-06-30,0.94,5.913
BUR13,Burdekin River mouth mooring,147.5822,-19.5875,822,2018-07-01,0.973,8.589
BUR13,Burdekin River mouth mooring,147.5822,-19.5875,822,2018-07-02,1.028,5.177
BUR13,Burdekin River mouth mooring,147.5822,-19.5875,822,2018-07-03,0.997,5.732
BUR13,Burdekin River mouth mooring,147.5822,-19.5875,822,2018-07-04,0.819,6.279
BUR13,Burdekin River mouth mooring,147.5822,-19.5875,822,2018-07-05,0.942,5.996
BUR13,Burdekin River mouth mooring,147.5822,-19.5875,822,2018-07-06,0.819,3.71
BUR13,Burdekin River mouth mooring,147.5822,-19.5875,822,2018-07-07,0.848,4.085
BUR13,Burdekin River mouth mooring,147.5822,-19.5875,822,2018-07-08,1.05,5.585
BUR13,Burdekin River mouth mooring,147.5822,-19.5875,822,2018-07-09,1.102,6.464
BUR13,Burdekin River mouth mooring,147.5822,-19.5875,822,2018-07-10,1.394,5.392
BUR13,Burdekin River mouth mooring,147.5822,-19.5875,822,2018-07-11,1.314,6.233
BUR13,Burdekin River mouth mooring,147.5822,-19.5875,822,2018-07-12,1.268,5.834
BUR13,Burdekin River mouth mooring,147.5822,-19.5875,822,2018-07-13,1.333,6.869
BUR13,Burdekin River mouth mooring,147.5822,-19.5875,822,2018-07-14,1.315,8.988
BUR13,Burdekin River mouth mooring,147.5822,-19.5875,822,2018-07-15,1.175,7.911
BUR13,Burdekin River mouth mooring,147.5822,-19.5875,822,2018-07-16,1.295,4.269
BUR13,Burdekin River mouth mooring,147.5822,-19.5875,822,2018-07-17,1.224,3.129
BUR13,Burdekin River mouth mooring,147.5822,-19.5875,822,2018-07-18,1.298,5.253
BUR13,Burdekin River mouth mooring,147.5822,-19.5875,822,2018-07-19,1.309,4.831
BUR13,Burdekin River mouth mooring,147.5822,-19.5875,822,2018-07-20,1.155,3.057
BUR13,Burdekin River mouth mooring,147.5822,-19.5875,822,2018-07-21,1.127,2.343
BUR13,Burdekin River mouth mooring,147.5822,-19.5875,822,2018-07-22,1.323,5.969
BUR13,Burdekin River mouth mooring,147.5822,-19.5875,822,2018-07-23,1.3,7.152
BUR13,Burdekin River mouth mooring,147.5822,-19.5875,822,2018-07-24,1.355,5.817
BUR13,Burdekin River mouth mooring,147.5822,-19.5875,822,2018-07-25,1.516,4.938
BUR13,Burdekin River mouth mooring,147.5822,-19.5875,822,2018-07-26,1.049,2.63
BUR13,Burdekin River mouth mooring,147.5822,-19.5875,822,2018-07-27,0.982,3.399
BUR13,Burdekin River mouth mooring,147.5822,-19.5875,822,2018-07-28,0.885,3.016
BUR13,Burdekin River mouth mooring,147.5822,-19.5875,822,2018-07-29,0.679,1.972
BUR13,Burdekin River mouth mooring,147.5822,-19.5875,822,2018-07-30,0.575,1.839
BUR13,Burdekin River mouth mooring,147.5822,-19.5875,822,2018-07-31,0.797,3.699
BUR13,Burdekin River mouth mooring,147.5822,-19.5875,822,2018-08-01,0.941,4.795
BUR13,Burdekin River mouth mooring,147.5822,-19.5875,822,2018-08-02,0.968,7.13
BUR13,Burdekin River mouth mooring,147.5822,-19.5875,822,2018-08-03,1.048,9.309
BUR13,Burdekin River mouth mooring,147.5822,-19.5875,822,2018-08-04,0.858,3.558
BUR13,Burdekin River mouth mooring,147.5822,-19.5875,822,2018-08-05,0.839,3.312
BUR13,Burdekin River mouth mooring,147.5822,-19.5875,822,2018-08-06,0.691,2.441
BUR13,Burdekin River mouth mooring,147.5822,-19.5875,822,2018-08-07,0.644,1.754
BUR13,Burdekin River mouth mooring,147.5822,-19.5875,822,2018-08-08,0.946,4.62
BUR13,Burdekin River mouth mooring,147.5822,-19.5875,822,2018-08-09,1.12,9.004
BUR13,Burdekin River mouth mooring,147.5822,-19.5875,822,2018-08-10,1.215,11.9
BUR13,Burdekin River mouth mooring,147.5822,-19.5875,822,2018-08-11,1.279,10.143
BUR13,Burdekin River mouth mooring,147.5822,-19.5875,822,2018-08-12,1.036,4.609
BUR13,Burdekin River mouth mooring,147.5822,-19.5875,822,2018-08-13,0.921,7.5
BUR13,Burdekin River mouth mooring,147.5822,-19.5875,822,2018-08-14,1.157,13.712
BUR13,Burdekin River mouth mooring,147.5822,-19.5875,822,2018-08-15,1.14,12.492
BUR13,Burdekin River mouth mooring,147.5822,-19.5875,822,2018-08-16,1.09,5.438
BUR13,Burdekin River mouth mooring,147.5822,-19.5875,822,2018-08-17,0.896,3.746
BUR13,Burdekin River mouth mooring,147.5822,-19.5875,822,2018-08-18,0.758,2.545
BUR13,Burdekin River mouth mooring,147.5822,-19.5875,822,2018-08-19,0.605,2.064
BUR13,Burdekin River mouth mooring,147.5822,-19.5875,822,2018-08-20,0.83,5.996
BUR13,Burdekin River mouth mooring,147.5822,-19.5875,822,2018-08-21,0.998,7.72
BUR13,Burdekin River mouth mooring,147.5822,-19.5875,822,2018-08-22,0.988,4.017
BUR13,Burdekin River mouth mooring,147.5822,-19.5875,822,2018-08-23,0.595,2.422
BUR13,Burdekin River mouth mooring,147.5822,-19.5875,822,2018-08-24,0.466,1.954
BUR13,Burdekin River mouth mooring,147.5822,-19.5875,822,2018-08-25,0.812,5.288
BUR13,Burdekin River mouth mooring,147.5822,-19.5875,822,2018-08-26,0.905,3.846
BUR13,Burdekin River mouth mooring,147.5822,-19.5875,822,2018-08-27,0.805,4.613
BUR13,Burdekin River mouth mooring,147.5822,-19.5875,822,2018-08-28,0.96,6.106
BUR13,Burdekin River mouth mooring,147.5822,-19.5875,822,2018-08-29,0.857,4.218
BUR13,Burdekin River mouth mooring,147.5822,-19.5875,822,2018-08-30,0.711,3.039
BUR13,Burdekin River mouth mooring,147.5822,-19.5875,822,2018-08-31,0.485,1.977
BUR13,Burdekin River mouth mooring,147.5822,-19.5875,822,2018-09-01,0.188,1.071
BUR13,Burdekin River mouth mooring,147.5822,-19.5875,822,2018-09-02,0.243,1.145
BUR13,Burdekin River mouth mooring,147.5822,-19.5875,822,2018-09-03,0.213,1.364
BUR13,Burdekin River mouth mooring,147.5822,-19.5875,822,2018-09-04,0.297,2.33
BUR13,Burdekin River mouth mooring,147.5822,-19.5875,822,2018-09-05,0.421,6.301
BUR13,Burdekin River mouth mooring,147.5822,-19.5875,822,2018-09-06,0.64,13.362
BUR13,Burdekin River mouth mooring,147.5822,-19.5875,822,2018-09-07,0.633,18.962
BUR13,Burdekin River mouth mooring,147.5822,-19.5875,822,2018-09-08,0.458,27.168
BUR13,Burdekin River mouth mooring,147.5822,-19.5875,822,2018-09-09,0.383,90.611
BUR13,Burdekin River mouth mooring,147.5822,-19.5875,822,2018-09-10,0.295,80.125
BUR13,Burdekin River mouth mooring,147.5822,-19.5875,822,2018-09-11,0.137,59.363
BUR13,Burdekin River mouth mooring,147.5822,-19.5875,822,2018-09-12,0.365,64.809
BUR13,Burdekin River mouth mooring,147.5822,-19.5875,822,2018-09-13,1.035,9.201
BUR13,Burdekin River mouth mooring,147.5822,-19.5875,822,2018-09-14,0.903,6.961
BUR13,Burdekin River mouth mooring,147.5822,-19.5875,822,2018-09-15,0.843,6.27
BUR13,Burdekin River mouth mooring,147.5822,-19.5875,822,2018-09-16,0.493,2.231
BUR13,Burdekin River mouth mooring,147.5822,-19.5875,822,2018-09-17,0.399,2.002
BUR13,Burdekin River mouth mooring,147.5822,-19.5875,822,2018-09-18,0.788,10.498
BUR13,Burdekin River mouth mooring,147.5822,-19.5875,822,2018-09-19,1.017,7.843
BUR13,Burdekin River mouth mooring,147.5822,-19.5875,822,2018-09-20,0.891,3.887
BUR13,Burdekin River mouth mooring,147.5822,-19.5875,822,2018-09-21,0.833,18.575
BUR13,Burdekin River mouth mooring,147.5822,-19.5875,822,2018-09-22,1.031,35.813
BUR13,Burdekin River mouth mooring,147.5822,-19.5875,822,2018-09-23,1.047,14.29
BUR13,Burdekin River mouth mooring,147.5822,-19.5875,822,2018-09-24,1.192,12.985
BUR13,Burdekin River mouth mooring,147.5822,-19.5875,822,2018-09-25,0.958,13.624
BUR13,Burdekin River mouth mooring,147.5822,-19.5875,822,2018-09-26,0.985,10.541
BUR13,Burdekin River mouth mooring,147.5822,-19.5875,822,2018-09-27,0.771,5.531
BUR13,Burdekin River mouth mooring,147.5822,-19.5875,822,2018-09-28,0.529,4.788
BUR13,Burdekin River mouth mooring,147.5822,-19.5875,822,2018-09-29,0.553,5.939
BUR13,Burdekin River mouth mooring,147.5822,-19.5875,822,2018-09-30,0.548,7.734
BUR13,Burdekin River mouth mooring,147.5822,-19.5875,822,2018-10-01,0.513,29.65
BUR13,Burdekin River mouth mooring,147.5822,-19.5875,822,2018-10-02,0.72,35.097
BUR13,Burdekin River mouth mooring,147.5822,-19.5875,822,2018-10-03,0.824,12.838
BUR13,Burdekin River mouth mooring,147.5822,-19.5875,822,2018-10-04,0.997,5.102
BUR13,Burdekin River mouth mooring,147.5822,-19.5875,822,2018-10-05,0.603,2.766
BUR13,Burdekin River mouth mooring,147.5822,-19.5875,822,2018-10-06,0.392,1.934
BUR13,Burdekin River mouth mooring,147.5822,-19.5875,822,2018-10-07,0.24,1.561
BUR13,Burdekin River mouth mooring,147.5822,-19.5875,822,2018-10-08,0.327,1.844
BUR13,Burdekin River mouth mooring,147.5822,-19.5875,822,2018-10-09,0.385,1.781
BUR13,Burdekin River mouth mooring,147.5822,-19.5875,822,2018-10-10,0.258,1.278
BUR13,Burdekin River mouth mooring,147.5822,-19.5875,822,2018-10-11,0.201,1.078
BUR13,Burdekin River mouth mooring,147.5822,-19.5875,822,2018-10-12,0.183,1.073
BUR13,Burdekin River mouth mooring,147.5822,-19.5875,822,2018-10-13,0.451,3.663
BUR13,Burdekin River mouth mooring,147.5822,-19.5875,822,2018-10-14,0.392,2.773
BUR13,Burdekin River mouth mooring,147.5822,-19.5875,824,2018-10-14,0.535,2.591
BUR13,Burdekin River mouth mooring,147.5822,-19.5875,824,2018-10-15,0.561,3.539
BUR13,Burdekin River mouth mooring,147.5822,-19.5875,824,2018-10-16,0.361,1.478
BUR13,Burdekin River mouth mooring,147.5822,-19.5875,824,2018-10-17,0.444,1.487
BUR13,Burdekin River mouth mooring,147.5822,-19.5875,824,2018-10-18,0.423,1.307
BUR13,Burdekin River mouth mooring,147.5822,-19.5875,824,2018-10-19,0.525,2.479
BUR13,Burdekin River mouth mooring,147.5822,-19.5875,824,2018-10-20,0.747,2.757
BUR13,Burdekin River mouth mooring,147.5822,-19.5875,824,2018-10-21,0.591,1.469
BUR13,Burdekin River mouth mooring,147.5822,-19.5875,824,2018-10-22,0.406,0.949
BUR13,Burdekin River mouth mooring,147.5822,-19.5875,824,2018-10-23,0.401,1.019
BUR13,Burdekin River mouth mooring,147.5822,-19.5875,824,2018-10-24,0.487,1.743
BUR13,Burdekin River mouth mooring,147.5822,-19.5875,824,2018-10-25,0.603,3.352
BUR13,Burdekin River mouth mooring,147.5822,-19.5875,824,2018-10-26,0.751,3.746
BUR13,Burdekin River mouth mooring,147.5822,-19.5875,824,2018-10-27,0.719,2.337
BUR13,Burdekin River mouth mooring,147.5822,-19.5875,824,2018-10-28,0.453,1.54
BUR13,Burdekin River mouth mooring,147.5822,-19.5875,824,2018-10-29,0.342,1.395
BUR13,Burdekin River mouth mooring,147.5822,-19.5875,824,2018-10-30,0.322,1.112
BUR13,Burdekin River mouth mooring,147.5822,-19.5875,824,2018-10-31,0.37,1.598
BUR13,Burdekin River mouth mooring,147.5822,-19.5875,824,2018-11-01,0.505,2.762
BUR13,Burdekin River mouth mooring,147.5822,-19.5875,824,2018-11-02,0.943,17.847
BUR13,Burdekin River mouth mooring,147.5822,-19.5875,824,2018-11-03,1.158,11.807
BUR13,Burdekin River mouth mooring,147.5822,-19.5875,824,2018-11-04,1.074,5.295
BUR13,Burdekin River mouth mooring,147.5822,-19.5875,824,2018-11-05,0.797,2.624
BUR13,Burdekin River mouth mooring,147.5822,-19.5875,824,2018-11-06,0.686,2.398
BUR13,Burdekin River mouth mooring,147.5822,-19.5875,824,2018-11-07,0.962,1.98
BUR13,Burdekin River mouth mooring,147.5822,-19.5875,824,2018-11-08,0.456,1.016
BUR13,Burdekin River mouth mooring,147.5822,-19.5875,824,2018-11-09,0.715,7.013
BUR13,Burdekin River mouth mooring,147.5822,-19.5875,824,2018-11-10,1.205,18.4
BUR13,Burdekin River mouth mooring,147.5822,-19.5875,824,2018-11-11,1.063,14.153
BUR13,Burdekin River mouth mooring,147.5822,-19.5875,824,2018-11-12,0.965,15.183
BUR13,Burdekin River mouth mooring,147.5822,-19.5875,824,2018-11-13,0.931,12.448
BUR13,Burdekin River mouth mooring,147.5822,-19.5875,824,2018-11-14,0.941,8.235
BUR13,Burdekin River mouth mooring,147.5822,-19.5875,824,2018-11-15,0.694,4.197
BUR13,Burdekin River mouth mooring,147.5822,-19.5875,824,2018-11-16,0.512,2.78
BUR13,Burdekin River mouth mooring,147.5822,-19.5875,824,2018-11-17,0.449,2.244
BUR13,Burdekin River mouth mooring,147.5822,-19.5875,824,2018-11-18,0.426,1.418
BUR13,Burdekin River mouth mooring,147.5822,-19.5875,824,2018-11-19,0.551,2.233
BUR13,Burdekin River mouth mooring,147.5822,-19.5875,824,2018-11-20,0.568,2.732
BUR13,Burdekin River mouth mooring,147.5822,-19.5875,824,2018-11-21,0.393,1.488
BUR13,Burdekin River mouth mooring,147.5822,-19.5875,824,2018-11-22,0.319,0.816
BUR13,Burdekin River mouth mooring,147.5822,-19.5875,824,2018-11-23,0.348,0.612
BUR13,Burdekin River mouth mooring,147.5822,-19.5875,824,2018-11-24,0.326,0.592
BUR13,Burdekin River mouth mooring,147.5822,-19.5875,824,2018-11-25,0.337,0.894
BUR13,Burdekin River mouth mooring,147.5822,-19.5875,824,2018-11-26,0.38,1.335
BUR13,Burdekin River mouth mooring,147.5822,-19.5875,824,2018-11-27,0.394,1.234
BUR13,Burdekin River mouth mooring,147.5822,-19.5875,824,2018-11-28,0.543,1.328
BUR13,Burdekin River mouth mooring,147.5822,-19.5875,824,2018-11-29,0.517,1.322
BUR13,Burdekin River mouth mooring,147.5822,-19.5875,824,2018-11-30,0.422,1.511
BUR13,Burdekin River mouth mooring,147.5822,-19.5875,824,2018-12-01,0.417,1.293
BUR13,Burdekin River mouth mooring,147.5822,-19.5875,824,2018-12-02,0.346,1.004
BUR13,Burdekin River mouth mooring,147.5822,-19.5875,824,2018-12-03,0.33,0.709
BUR13,Burdekin River mouth mooring,147.5822,-19.5875,824,2018-12-04,0.46,1.025
BUR13,Burdekin River mouth mooring,147.5822,-19.5875,824,2018-12-05,0.552,4.502
BUR13,Burdekin River mouth mooring,147.5822,-19.5875,824,2018-12-06,0.877,19.318
BUR13,Burdekin River mouth mooring,147.5822,-19.5875,824,2018-12-07,1.12,18.307
BUR13,Burdekin River mouth mooring,147.5822,-19.5875,824,2018-12-08,1.102,18.314
BUR13,Burdekin River mouth mooring,147.5822,-19.5875,824,2018-12-09,1.087,22.621
BUR13,Burdekin River mouth mooring,147.5822,-19.5875,824,2018-12-10,1.029,18.121
BUR13,Burdekin River mouth mooring,147.5822,-19.5875,824,2018-12-11,1.028,7.394
BUR13,Burdekin River mouth mooring,147.5822,-19.5875,824,2018-12-12,1.038,4.949
BUR13,Burdekin River mouth mooring,147.5822,-19.5875,824,2018-12-13,0.702,3.347
BUR13,Burdekin River mouth mooring,147.5822,-19.5875,824,2018-12-14,0.497,1.638
BUR13,Burdekin River mouth mooring,147.5822,-19.5875,824,2018-12-15,0.509,0.782
BUR13,Burdekin River mouth mooring,147.5822,-19.5875,824,2018-12-16,0.697,5.641
BUR13,Burdekin River mouth mooring,147.5822,-19.5875,824,2018-12-17,0.949,4.173
BUR13,Burdekin River mouth mooring,147.5822,-19.5875,824,2018-12-18,0.852,1.64
BUR13,Burdekin River mouth mooring,147.5822,-19.5875,824,2018-12-19,0.954,2.437
BUR13,Burdekin River mouth mooring,147.5822,-19.5875,824,2018-12-20,0.854,3.364
BUR13,Burdekin River mouth mooring,147.5822,-19.5875,824,2018-12-21,1.018,4.217
BUR13,Burdekin River mouth mooring,147.5822,-19.5875,824,2018-12-22,0.889,3.429
BUR13,Burdekin River mouth mooring,147.5822,-19.5875,824,2018-12-23,1.107,5.123
BUR13,Burdekin River mouth mooring,147.5822,-19.5875,824,2018-12-24,1.038,23.21
BUR13,Burdekin River mouth mooring,147.5822,-19.5875,824,2018-12-25,1.046,22.878
BUR13,Burdekin River mouth mooring,147.5822,-19.5875,824,2018-12-26,1.016,18.509
BUR13,Burdekin River mouth mooring,147.5822,-19.5875,824,2018-12-27,1.058,20.68
BUR13,Burdekin River mouth mooring,147.5822,-19.5875,824,2018-12-28,0.923,21.099
BUR13,Burdekin River mouth mooring,147.5822,-19.5875,824,2018-12-29,0.896,20.262
BUR13,Burdekin River mouth mooring,147.5822,-19.5875,824,2018-12-30,0.868,22.104
BUR13,Burdekin River mouth mooring,147.5822,-19.5875,824,2018-12-31,0.938,19.5
BUR13,Burdekin River mouth mooring,147.5822,-19.5875,824,2019-01-01,1.019,11.903
BUR13,Burdekin River mouth mooring,147.5822,-19.5875,824,2019-01-02,1.092,10.978
BUR13,Burdekin River mouth mooring,147.5822,-19.5875,824,2019-01-03,1.046,9.593
BUR13,Burdekin River mouth mooring,147.5822,-19.5875,824,2019-01-04,0.889,8.436
BUR13,Burdekin River mouth mooring,147.5822,-19.5875,824,2019-01-05,0.914,7.729
BUR13,Burdekin River mouth mooring,147.5822,-19.5875,824,2019-01-06,0.846,6.026
BUR13,Burdekin River mouth mooring,147.5822,-19.5875,824,2019-01-07,0.846,8.571
BUR13,Burdekin River mouth mooring,147.5822,-19.5875,824,2019-01-08,0.857,8.588
BUR13,Burdekin River mouth mooring,147.5822,-19.5875,824,2019-01-09,0.984,4.536
BUR13,Burdekin River mouth mooring,147.5822,-19.5875,824,2019-01-10,1.001,4.099
BUR13,Burdekin River mouth mooring,147.5822,-19.5875,824,2019-01-11,0.997,12.027
BUR13,Burdekin River mouth mooring,147.5822,-19.5875,824,2019-01-12,0.821,8.683
BUR13,Burdekin River mouth mooring,147.5822,-19.5875,824,2019-01-13,1.045,7.945
BUR13,Burdekin River mouth mooring,147.5822,-19.5875,824,2019-01-14,1.055,8.127
BUR13,Burdekin River mouth mooring,147.5822,-19.5875,824,2019-01-15,1.078,11.431
BUR13,Burdekin River mouth mooring,147.5822,-19.5875,824,2019-01-16,1.359,11.293
BUR13,Burdekin River mouth mooring,147.5822,-19.5875,824,2019-01-17,1.43,8.019
BUR13,Burdekin River mouth mooring,147.5822,-19.5875,824,2019-01-18,1.332,15.689
BUR13,Burdekin River mouth mooring,147.5822,-19.5875,824,2019-01-19,1.531,15.328
BUR13,Burdekin River mouth mooring,147.5822,-19.5875,824,2019-01-20,1.435,15.618
BUR13,Burdekin River mouth mooring,147.5822,-19.5875,824,2019-01-21,1.407,15.201
BUR13,Burdekin River mouth mooring,147.5822,-19.5875,824,2019-01-22,1.434,18.241
BUR13,Burdekin River mouth mooring,147.5822,-19.5875,824,2019-01-23,1.396,13.823
BUR13,Burdekin River mouth mooring,147.5822,-19.5875,824,2019-01-24,1.435,10.014
BUR13,Burdekin River mouth mooring,147.5822,-19.5875,824,2019-01-25,1.494,8.435
BUR13,Burdekin River mouth mooring,147.5822,-19.5875,824,2019-01-26,1.252,12.818
BUR13,Burdekin River mouth mooring,147.5822,-19.5875,824,2019-01-27,1.161,19.206
BUR13,Burdekin River mouth mooring,147.5822,-19.5875,824,2019-01-28,1.397,24.593
BUR13,Burdekin River mouth mooring,147.5822,-19.5875,824,2019-01-29,1.01,9.178
BUR13,Burdekin River mouth mooring,147.5822,-19.5875,824,2019-01-30,1.17,8.688
BUR13,Burdekin River mouth mooring,147.5822,-19.5875,824,2019-01-31,1.349,11.025
BUR13,Burdekin River mouth mooring,147.5822,-19.5875,824,2019-02-01,1.551,23.428
BUR13,Burdekin River mouth mooring,147.5822,-19.5875,824,2019-02-02,1.974,62.17
BUR13,Burdekin River mouth mooring,147.5822,-19.5875,824,2019-02-03,1.721,52.763
BUR13,Burdekin River mouth mooring,147.5822,-19.5875,824,2019-02-04,1.445,47.636
BUR13,Burdekin River mouth mooring,147.5822,-19.5875,824,2019-02-05,1.026,26.935
BUR13,Burdekin River mouth mooring,147.5822,-19.5875,824,2019-02-06,0.989,24.861
BUR13,Burdekin River mouth mooring,147.5822,-19.5875,824,2019-02-07,0.959,24.27
BUR13,Burdekin River mouth mooring,147.5822,-19.5875,824,2019-02-08,0.818,24.502
BUR13,Burdekin River mouth mooring,147.5822,-19.5875,824,2019-02-09,0.765,20.184
BUR13,Burdekin River mouth mooring,147.5822,-19.5875,824,2019-02-10,0.693,18.092
BUR13,Burdekin River mouth mooring,147.5822,-19.5875,824,2019-02-11,0.943,17.04
BUR13,Burdekin River mouth mooring,147.5822,-19.5875,824,2019-02-12,1.021,17.647
BUR13,Burdekin River mouth mooring,147.5822,-19.5875,824,2019-02-13,0.542,5.606
BUR13,Burdekin River mouth mooring,147.5822,-19.5875,824,2019-02-14,0.893,11.979
BUR13,Burdekin River mouth mooring,147.5822,-19.5875,824,2019-02-15,1.425,12.81
BUR13,Burdekin River mouth mooring,147.5822,-19.5875,824,2019-02-16,0.818,7.799
BUR13,Burdekin River mouth mooring,147.5822,-19.5875,824,2019-02-17,1.038,6.736
BUR13,Burdekin River mouth mooring,147.5822,-19.5875,824,2019-02-18,0.854,6.978
BUR13,Burdekin River mouth mooring,147.5822,-19.5875,824,2019-02-19,0.836,7.531
BUR13,Burdekin River mouth mooring,147.5822,-19.5875,824,2019-02-20,0.851,6.898
BUR13,Burdekin River mouth mooring,147.5822,-19.5875,824,2019-02-21,0.93,5.341
BUR13,Burdekin River mouth mooring,147.5822,-19.5875,824,2019-02-22,0.843,4.218
BUR13,Burdekin River mouth mooring,147.5822,-19.5875,824,2019-02-23,0.72,5.09
BUR13,Burdekin River mouth mooring,147.5822,-19.5875,824,2019-02-24,0.702,10.361
BUR13,Burdekin River mouth mooring,147.5822,-19.5875,824,2019-02-25,0.679,12.59
BUR13,Burdekin River mouth mooring,147.5822,-19.5875,824,2019-02-26,0.802,11.027
BUR13,Burdekin River mouth mooring,147.5822,-19.5875,824,2019-02-27,0.781,11.763
BUR13,Burdekin River mouth mooring,147.5822,-19.5875,824,2019-02-28,0.749,10.219
BUR13,Burdekin River mouth mooring,147.5822,-19.5875,824,2019-03-01,0.771,11.352
BUR13,Burdekin River mouth mooring,147.5822,-19.5875,824,2019-03-02,0.778,12.344
BUR13,Burdekin River mouth mooring,147.5822,-19.5875,824,2019-03-03,0.846,15.423
BUR13,Burdekin River mouth mooring,147.5822,-19.5875,824,2019-03-04,0.805,13.287
BUR13,Burdekin River mouth mooring,147.5822,-19.5875,824,2019-03-05,0.759,9.595
BUR13,Burdekin River mouth mooring,147.5822,-19.5875,824,2019-03-06,0.73,7.876
BUR13,Burdekin River mouth mooring,147.5822,-19.5875,824,2019-03-07,0.624,7.57
BUR13,Burdekin River mouth mooring,147.5822,-19.5875,824,2019-03-08,0.816,4.686
BUR13,Burdekin River mouth mooring,147.5822,-19.5875,824,2019-03-09,0.821,6.763
BUR13,Burdekin River mouth mooring,147.5822,-19.5875,824,2019-03-10,0.918,6.569
BUR13,Burdekin River mouth mooring,147.5822,-19.5875,824,2019-03-11,0.751,4.333
BUR13,Burdekin River mouth mooring,147.5822,-19.5875,824,2019-03-12,0.455,2.117
BUR13,Burdekin River mouth mooring,147.5822,-19.5875,824,2019-03-13,0.809,2.313
BUR13,Burdekin River mouth mooring,147.5822,-19.5875,824,2019-03-14,0.693,1.429
BUR13,Burdekin River mouth mooring,147.5822,-19.5875,824,2019-03-15,0.602,1.027
BUR13,Burdekin River mouth mooring,147.5822,-19.5875,824,2019-03-16,0.508,0.868
BUR13,Burdekin River mouth mooring,147.5822,-19.5875,824,2019-03-17,0.883,2.333
BUR13,Burdekin River mouth mooring,147.5822,-19.5875,824,2019-03-18,1.207,4.748
BUR13,Burdekin River mouth mooring,147.5822,-19.5875,824,2019-03-19,1.021,5.673
BUR13,Burdekin River mouth mooring,147.5822,-19.5875,824,2019-03-20,0.923,5.726
BUR13,Burdekin River mouth mooring,147.5822,-19.5875,824,2019-03-21,0.766,6.698
BUR13,Burdekin River mouth mooring,147.5822,-19.5875,824,2019-03-22,0.822,6.85
BUR13,Burdekin River mouth mooring,147.5822,-19.5875,824,2019-03-23,0.884,9.608
BUR13,Burdekin River mouth mooring,147.5822,-19.5875,824,2019-03-24,0.884,5.486
BUR13,Burdekin River mouth mooring,147.5822,-19.5875,824,2019-03-25,0.797,4.534
BUR13,Burdekin River mouth mooring,147.5822,-19.5875,824,2019-03-26,0.713,3.119
BUR13,Burdekin River mouth mooring,147.5822,-19.5875,824,2019-03-27,0.615,2.588
BUR13,Burdekin River mouth mooring,147.5822,-19.5875,1958,2019-03-28,0.893,3.499
BUR13,Burdekin River mouth mooring,147.5822,-19.5875,824,2019-03-28,0.703,3.48
BUR13,Burdekin River mouth mooring,147.5822,-19.5875,1958,2019-03-29,0.7,1.875
BUR13,Burdekin River mouth mooring,147.5822,-19.5875,1958,2019-03-30,0.941,2.399
BUR13,Burdekin River mouth mooring,147.5822,-19.5875,1958,2019-03-31,1.18,3.756
BUR13,Burdekin River mouth mooring,147.5822,-19.5875,1958,2019-04-01,0.999,5.595
BUR13,Burdekin River mouth mooring,147.5822,-19.5875,1958,2019-04-02,1.04,9.745
BUR13,Burdekin River mouth mooring,147.5822,-19.5875,1958,2019-04-03,1.152,14.73
BUR13,Burdekin River mouth mooring,147.5822,-19.5875,1958,2019-04-04,1.057,13.528
BUR13,Burdekin River mouth mooring,147.5822,-19.5875,1958,2019-04-05,1.117,16.163
BUR13,Burdekin River mouth mooring,147.5822,-19.5875,1958,2019-04-06,1.049,13.705
BUR13,Burdekin River mouth mooring,147.5822,-19.5875,1958,2019-04-07,1.168,12.585
BUR13,Burdekin River mouth mooring,147.5822,-19.5875,1958,2019-04-08,1.176,10.634
BUR13,Burdekin River mouth mooring,147.5822,-19.5875,1958,2019-04-09,1.274,8.803
BUR13,Burdekin River mouth mooring,147.5822,-19.5875,1958,2019-04-10,1.358,6.761
BUR13,Burdekin River mouth mooring,147.5822,-19.5875,1958,2019-04-11,1.159,3.854
BUR13,Burdekin River mouth mooring,147.5822,-19.5875,1958,2019-04-12,1.13,7.552
BUR13,Burdekin River mouth mooring,147.5822,-19.5875,1958,2019-04-13,1.001,13.344
BUR13,Burdekin River mouth mooring,147.5822,-19.5875,1958,2019-04-14,1.038,12.727
BUR13,Burdekin River mouth mooring,147.5822,-19.5875,1958,2019-04-15,1.048,8.5
BUR13,Burdekin River mouth mooring,147.5822,-19.5875,1958,2019-04-16,1.183,10.035
BUR13,Burdekin River mouth mooring,147.5822,-19.5875,1958,2019-04-17,1.248,8.449
BUR13,Burdekin River mouth mooring,147.5822,-19.5875,1958,2019-04-18,1.268,9.864
BUR13,Burdekin River mouth mooring,147.5822,-19.5875,1958,2019-04-19,1.297,12.73
BUR13,Burdekin River mouth mooring,147.5822,-19.5875,1958,2019-04-20,1.347,9.68
BUR13,Burdekin River mouth mooring,147.5822,-19.5875,1958,2019-04-21,1.309,7.345
BUR13,Burdekin River mouth mooring,147.5822,-19.5875,1958,2019-04-22,1.181,5.009
BUR13,Burdekin River mouth mooring,147.5822,-19.5875,1958,2019-04-23,1.091,6.399
BUR13,Burdekin River mouth mooring,147.5822,-19.5875,1958,2019-04-24,1.018,3.64
BUR13,Burdekin River mouth mooring,147.5822,-19.5875,1958,2019-04-25,0.966,2.229
BUR13,Burdekin River mouth mooring,147.5822,-19.5875,1958,2019-04-26,0.896,1.779
BUR13,Burdekin River mouth mooring,147.5822,-19.5875,1958,2019-04-27,1.09,4.282
BUR13,Burdekin River mouth mooring,147.5822,-19.5875,1958,2019-04-28,0.891,8.376
BUR13,Burdekin River mouth mooring,147.5822,-19.5875,1958,2019-04-29,1.015,10.052
BUR13,Burdekin River mouth mooring,147.5822,-19.5875,1958,2019-04-30,1.158,11.137
BUR13,Burdekin River mouth mooring,147.5822,-19.5875,1958,2019-05-01,1.023,7.728
BUR13,Burdekin River mouth mooring,147.5822,-19.5875,1958,2019-05-02,1.124,9.496
BUR13,Burdekin River mouth mooring,147.5822,-19.5875,1958,2019-05-03,1.154,10.831
BUR13,Burdekin River mouth mooring,147.5822,-19.5875,1958,2019-05-04,1.112,6.341
BUR13,Burdekin River mouth mooring,147.5822,-19.5875,1958,2019-05-05,1.034,3.863
BUR13,Burdekin River mouth mooring,147.5822,-19.5875,1958,2019-05-06,0.967,4.188
BUR13,Burdekin River mouth mooring,147.5822,-19.5875,1958,2019-05-07,1.002,3.682
BUR13,Burdekin River mouth mooring,147.5822,-19.5875,1958,2019-05-08,1.057,3.418
BUR13,Burdekin River mouth mooring,147.5822,-19.5875,1958,2019-05-09,1.134,8.746
BUR13,Burdekin River mouth mooring,147.5822,-19.5875,1958,2019-05-10,1.141,6.67
BUR13,Burdekin River mouth mooring,147.5822,-19.5875,1958,2019-05-11,1.127,7.25
BUR13,Burdekin River mouth mooring,147.5822,-19.5875,1958,2019-05-12,1.165,10.593
BUR13,Burdekin River mouth mooring,147.5822,-19.5875,1958,2019-05-13,1.064,10.082
BUR13,Burdekin River mouth mooring,147.5822,-19.5875,1958,2019-05-14,1.074,16.071
BUR13,Burdekin River mouth mooring,147.5822,-19.5875,1958,2019-05-15,1.017,17.89
BUR13,Burdekin River mouth mooring,147.5822,-19.5875,1958,2019-05-16,0.96,11.49
BUR13,Burdekin River mouth mooring,147.5822,-19.5875,1958,2019-05-17,1.143,9.349
BUR13,Burdekin River mouth mooring,147.5822,-19.5875,1958,2019-05-18,1.194,11.709
BUR13,Burdekin River mouth mooring,147.5822,-19.5875,1958,2019-05-19,1.102,13.07
BUR13,Burdekin River mouth mooring,147.5822,-19.5875,1958,2019-05-20,1.011,12.363
BUR13,Burdekin River mouth mooring,147.5822,-19.5875,1958,2019-05-21,0.878,10.174
BUR13,Burdekin River mouth mooring,147.5822,-19.5875,1958,2019-05-22,0.931,10.838
BUR13,Burdekin River mouth mooring,147.5822,-19.5875,1958,2019-05-23,0.924,9.353
BUR13,Burdekin River mouth mooring,147.5822,-19.5875,1958,2019-05-24,0.945,8.643
BUR13,Burdekin River mouth mooring,147.5822,-19.5875,1958,2019-05-25,0.96,8.205
BUR13,Burdekin River mouth mooring,147.5822,-19.5875,1958,2019-05-26,1.034,6.248
BUR13,Burdekin River mouth mooring,147.5822,-19.5875,1958,2019-05-27,0.969,3.316
BUR13,Burdekin River mouth mooring,147.5822,-19.5875,1958,2019-05-28,0.974,2.799
BUR13,Burdekin River mouth mooring,147.5822,-19.5875,1958,2019-05-29,1.095,3.827
BUR13,Burdekin River mouth mooring,147.5822,-19.5875,1958,2019-05-30,1.096,2.784
BUR13,Burdekin River mouth mooring,147.5822,-19.5875,1958,2019-05-31,0.942,4.921
BUR13,Burdekin River mouth mooring,147.5822,-19.5875,1958,2019-06-01,0.971,8.757
BUR13,Burdekin River mouth mooring,147.5822,-19.5875,1958,2019-06-02,1.006,7.627
BUR13,Burdekin River mouth mooring,147.5822,-19.5875,1958,2019-06-03,1.216,5.24
BUR13,Burdekin River mouth mooring,147.5822,-19.5875,1958,2019-06-04,1.333,5.716
BUR13,Burdekin River mouth mooring,147.5822,-19.5875,1958,2019-06-05,1.053,3.307
BUR13,Burdekin River mouth mooring,147.5822,-19.5875,1958,2019-06-06,0.827,7.214
BUR13,Burdekin River mouth mooring,147.5822,-19.5875,1958,2019-06-07,0.791,12.806
BUR13,Burdekin River mouth mooring,147.5822,-19.5875,1958,2019-06-08,0.873,12.787
BUR13,Burdekin River mouth mooring,147.5822,-19.5875,1958,2019-06-09,0.874,6.587
BUR13,Burdekin River mouth mooring,147.5822,-19.5875,1958,2019-06-10,0.91,4.678
BUR13,Burdekin River mouth mooring,147.5822,-19.5875,1958,2019-06-11,0.976,5.507
BUR13,Burdekin River mouth mooring,147.5822,-19.5875,1958,2019-06-12,0.978,6.395
BUR13,Burdekin River mouth mooring,147.5822,-19.5875,1958,2019-06-13,1.059,5.439
BUR13,Burdekin River mouth mooring,147.5822,-19.5875,1958,2019-06-14,1.238,5.563
BUR13,Burdekin River mouth mooring,147.5822,-19.5875,1958,2019-06-15,1.345,4.304
BUR13,Burdekin River mouth mooring,147.5822,-19.5875,1958,2019-06-16,1.256,4.114
BUR13,Burdekin River mouth mooring,147.5822,-19.5875,1958,2019-06-17,0.978,2.772
BUR13,Burdekin River mouth mooring,147.5822,-19.5875,1958,2019-06-18,0.737,1.695
BUR13,Burdekin River mouth mooring,147.5822,-19.5875,1958,2019-06-19,0.891,2.26
BUR13,Burdekin River mouth mooring,147.5822,-19.5875,1958,2019-06-20,1.15,3.169
BUR13,Burdekin River mouth mooring,147.5822,-19.5875,1958,2019-06-21,1.097,2.303
BUR13,Burdekin River mouth mooring,147.5822,-19.5875,1958,2019-06-22,1.173,3.344
BUR13,Burdekin River mouth mooring,147.5822,-19.5875,1958,2019-06-23,1.205,5.445
BUR13,Burdekin River mouth mooring,147.5822,-19.5875,1958,2019-06-24,1.117,4.425
BUR13,Burdekin River mouth mooring,147.5822,-19.5875,1958,2019-06-25,1.132,12.153
BUR13,Burdekin River mouth mooring,147.5822,-19.5875,1958,2019-06-26,1.076,7.679
BUR13,Burdekin River mouth mooring,147.5822,-19.5875,1958,2019-06-27,1.062,7.135
BUR13,Burdekin River mouth mooring,147.5822,-19.5875,1958,2019-06-28,0.86,15.108
BUR13,Burdekin River mouth mooring,147.5822,-19.5875,1958,2019-06-29,0.846,10.314
BUR13,Burdekin River mouth mooring,147.5822,-19.5875,1958,2019-06-30,0.9,4.12
BUR13,Burdekin River mouth mooring,147.5822,-19.5875,1958,2019-07-01,1.074,5.259
BUR13,Burdekin River mouth mooring,147.5822,-19.5875,1958,2019-07-02,1.141,6.548
BUR13,Burdekin River mouth mooring,147.5822,-19.5875,1958,2019-07-03,1.205,6.525
BUR13,Burdekin River mouth mooring,147.5822,-19.5875,1958,2019-07-04,1.059,10.532
BUR13,Burdekin River mouth mooring,147.5822,-19.5875,1958,2019-07-05,0.942,7.242
BUR13,Burdekin River mouth mooring,147.5822,-19.5875,1958,2019-07-06,0.992,5.715
BUR13,Burdekin River mouth mooring,147.5822,-19.5875,1958,2019-07-07,0.987,4.115
BUR13,Burdekin River mouth mooring,147.5822,-19.5875,1958,2019-07-08,0.973,6.062
BUR13,Burdekin River mouth mooring,147.5822,-19.5875,1958,2019-07-09,1.062,5.978
BUR13,Burdekin River mouth mooring,147.5822,-19.5875,1958,2019-07-10,1.242,3.249
BUR13,Burdekin River mouth mooring,147.5822,-19.5875,1958,2019-07-11,1.153,2.067
BUR13,Burdekin River mouth mooring,147.5822,-19.5875,1958,2019-07-12,0.876,1.361
BUR13,Burdekin River mouth mooring,147.5822,-19.5875,1958,2019-07-13,0.742,1.382
BUR13,Burdekin River mouth mooring,147.5822,-19.5875,1958,2019-07-14,0.753,2.253
BUR13,Burdekin River mouth mooring,147.5822,-19.5875,1958,2019-07-15,1.011,4.286
BUR13,Burdekin River mouth mooring,147.5822,-19.5875,1958,2019-07-16,1.195,3.129
BUR13,Burdekin River mouth mooring,147.5822,-19.5875,1958,2019-07-17,1.345,2.612
BUR13,Burdekin River mouth mooring,147.5822,-19.5875,1958,2019-07-18,1.1,1.665
BUR13,Burdekin River mouth mooring,147.5822,-19.5875,1958,2019-07-19,0.89,1.52
BUR13,Burdekin River mouth mooring,147.5822,-19.5875,1958,2019-07-20,0.757,1.246
BUR13,Burdekin River mouth mooring,147.5822,-19.5875,1958,2019-07-21,0.81,1.691
BUR13,Burdekin River mouth mooring,147.5822,-19.5875,1958,2019-07-22,0.928,3.278
BUR13,Burdekin River mouth mooring,147.5822,-19.5875,1958,2019-07-23,1.126,3.987
BUR13,Burdekin River mouth mooring,147.5822,-19.5875,1958,2019-07-24,1.108,3.17
BUR13,Burdekin River mouth mooring,147.5822,-19.5875,1958,2019-07-25,1.374,5.401
BUR13,Burdekin River mouth mooring,147.5822,-19.5875,1958,2019-07-26,1.35,5.216
BUR13,Burdekin River mouth mooring,147.5822,-19.5875,1958,2019-07-27,1.216,4.116
BUR13,Burdekin River mouth mooring,147.5822,-19.5875,1958,2019-07-28,1.336,3.804
BUR13,Burdekin River mouth mooring,147.5822,-19.5875,1958,2019-07-29,1.581,5.433
BUR13,Burdekin River mouth mooring,147.5822,-19.5875,1958,2019-07-30,1.675,4.871
BUR13,Burdekin River mouth mooring,147.5822,-19.5875,1958,2019-07-31,1.741,5.732
BUR13,Burdekin River mouth mooring,147.5822,-19.5875,1958,2019-08-01,1.763,10.199
BUR13,Burdekin River mouth mooring,147.5822,-19.5875,1958,2019-08-02,1.322,11.261
BUR13,Burdekin River mouth mooring,147.5822,-19.5875,1958,2019-08-03,1.091,14.27
BUR13,Burdekin River mouth mooring,147.5822,-19.5875,1958,2019-08-04,1.062,15.344
BUR13,Burdekin River mouth mooring,147.5822,-19.5875,1958,2019-08-05,0.975,12.543
BUR13,Burdekin River mouth mooring,147.5822,-19.5875,1958,2019-08-06,0.941,8.802
BUR13,Burdekin River mouth mooring,147.5822,-19.5875,1958,2019-08-07,0.949,5.098
BUR13,Burdekin River mouth mooring,147.5822,-19.5875,1958,2019-08-08,0.702,2.045
BUR13,Burdekin River mouth mooring,147.5822,-19.5875,1958,2019-08-09,0.71,1.704
BUR13,Burdekin River mouth mooring,147.5822,-19.5875,1958,2019-08-10,0.866,1.876
BUR13,Burdekin River mouth mooring,147.5822,-19.5875,1958,2019-08-11,0.821,1.701
BUR13,Burdekin River mouth mooring,147.5822,-19.5875,1958,2019-08-12,0.754,1.468
BUR13,Burdekin River mouth mooring,147.5822,-19.5875,1958,2019-08-13,0.917,4.036
BUR13,Burdekin River mouth mooring,147.5822,-19.5875,1958,2019-08-14,1.078,5.574
BUR13,Burdekin River mouth mooring,147.5822,-19.5875,1958,2019-08-15,1.078,5.883
BUR13,Burdekin River mouth mooring,147.5822,-19.5875,1958,2019-08-16,1.01,5.828
BUR13,Burdekin River mouth mooring,147.5822,-19.5875,1958,2019-08-17,0.999,4.0
BUR13,Burdekin River mouth mooring,147.5822,-19.5875,1958,2019-08-18,0.823,2.371
BUR13,Burdekin River mouth mooring,147.5822,-19.5875,1958,2019-08-19,0.634,1.497
BUR13,Burdekin River mouth mooring,147.5822,-19.5875,1958,2019-08-20,0.748,5.888
BUR13,Burdekin River mouth mooring,147.5822,-19.5875,1958,2019-08-21,1.18,12.025
BUR13,Burdekin River mouth mooring,147.5822,-19.5875,1958,2019-08-22,1.102,5.286
BUR13,Burdekin River mouth mooring,147.5822,-19.5875,1958,2019-08-23,1.122,8.269
BUR13,Burdekin River mouth mooring,147.5822,-19.5875,1958,2019-08-24,1.229,9.251
BUR13,Burdekin River mouth mooring,147.5822,-19.5875,1958,2019-08-25,1.275,6.819
BUR13,Burdekin River mouth mooring,147.5822,-19.5875,1958,2019-08-26,1.304,4.177
BUR13,Burdekin River mouth mooring,147.5822,-19.5875,1958,2019-08-27,1.168,2.966
BUR13,Burdekin River mouth mooring,147.5822,-19.5875,1958,2019-08-28,1.215,3.901
BUR13,Burdekin River mouth mooring,147.5822,-19.5875,1958,2019-08-29,1.167,4.754
BUR13,Burdekin River mouth mooring,147.5822,-19.5875,1043,2019-08-29,1.249,5.693
BUR13,Burdekin River mouth mooring,147.5822,-19.5875,1043,2019-08-30,1.331,5.774
BUR13,Burdekin River mouth mooring,147.5822,-19.5875,1043,2019-08-31,1.475,5.386
BUR13,Burdekin River mouth mooring,147.5822,-19.5875,1043,2019-09-01,1.543,4.983
BUR13,Burdekin River mouth mooring,147.5822,-19.5875,1043,2019-09-02,1.4,4.079
BUR13,Burdekin River mouth mooring,147.5822,-19.5875,1043,2019-09-03,0.934,2.746
BUR13,Burdekin River mouth mooring,147.5822,-19.5875,1043,2019-09-04,0.81,2.116
BUR13,Burdekin River mouth mooring,147.5822,-19.5875,1043,2019-09-05,0.744,1.676
BUR13,Burdekin River mouth mooring,147.5822,-19.5875,1043,2019-09-06,0.512,1.249
BUR13,Burdekin River mouth mooring,147.5822,-19.5875,1043,2019-09-07,0.287,0.823
BUR13,Burdekin River mouth mooring,147.5822,-19.5875,1043,2019-09-08,0.227,0.845
BUR13,Burdekin River mouth mooring,147.5822,-19.5875,1043,2019-09-09,0.511,2.243
BUR13,Burdekin River mouth mooring,147.5822,-19.5875,1043,2019-09-10,0.591,4.703
BUR13,Burdekin River mouth mooring,147.5822,-19.5875,1043,2019-09-11,1.148,13.259
BUR13,Burdekin River mouth mooring,147.5822,-19.5875,1043,2019-09-12,1.265,15.094
BUR13,Burdekin River mouth mooring,147.5822,-19.5875,1043,2019-09-13,1.226,8.535
BUR13,Burdekin River mouth mooring,147.5822,-19.5875,1043,2019-09-14,0.965,4.253
BUR13,Burdekin River mouth mooring,147.5822,-19.5875,1043,2019-09-15,0.735,3.064
BUR13,Burdekin River mouth mooring,147.5822,-19.5875,1043,2019-09-16,0.869,5.418
BUR13,Burdekin River mouth mooring,147.5822,-19.5875,1043,2019-09-17,0.811,3.157
BUR13,Burdekin River mouth mooring,147.5822,-19.5875,1043,2019-09-18,0.598,2.094
BUR13,Burdekin River mouth mooring,147.5822,-19.5875,1043,2019-09-19,0.446,1.658
BUR13,Burdekin River mouth mooring,147.5822,-19.5875,1043,2019-09-20,0.969,6.484
BUR13,Burdekin River mouth mooring,147.5822,-19.5875,1043,2019-09-21,1.085,11.776
BUR13,Burdekin River mouth mooring,147.5822,-19.5875,1043,2019-09-22,1.075,9.852
BUR13,Burdekin River mouth mooring,147.5822,-19.5875,1043,2019-09-23,1.19,7.861
BUR13,Burdekin River mouth mooring,147.5822,-19.5875,1043,2019-09-24,1.133,4.917
BUR13,Burdekin River mouth mooring,147.5822,-19.5875,1043,2019-09-25,1.068,6.704
BUR13,Burdekin River mouth mooring,147.5822,-19.5875,1043,2019-09-26,1.163,9.485
BUR13,Burdekin River mouth mooring,147.5822,-19.5875,1043,2019-09-27,1.239,10.922
BUR13,Burdekin River mouth mooring,147.5822,-19.5875,1043,2019-09-28,1.274,6.455
BUR13,Burdekin River mouth mooring,147.5822,-19.5875,1043,2019-09-29,1.022,3.794
BUR13,Burdekin River mouth mooring,147.5822,-19.5875,1043,2019-09-30,0.798,2.23
BUR13,Burdekin River mouth mooring,147.5822,-19.5875,1043,2019-10-01,0.82,2.222
BUR13,Burdekin River mouth mooring,147.5822,-19.5875,1043,2019-10-02,1.252,17.526
BUR13,Burdekin River mouth mooring,147.5822,-19.5875,1043,2019-10-03,1.133,23.104
BUR13,Burdekin River mouth mooring,147.5822,-19.5875,1043,2019-10-04,1.059,23.791
BUR13,Burdekin River mouth mooring,147.5822,-19.5875,1043,2019-10-05,1.143,11.937
BUR13,Burdekin River mouth mooring,147.5822,-19.5875,1043,2019-10-06,1.079,5.487
BUR13,Burdekin River mouth mooring,147.5822,-19.5875,1043,2019-10-07,0.79,3.308
BUR13,Burdekin River mouth mooring,147.5822,-19.5875,1043,2019-10-08,0.793,3.018
BUR13,Burdekin River mouth mooring,147.5822,-19.5875,1043,2019-10-09,0.606,2.23
BUR13,Burdekin River mouth mooring,147.5822,-19.5875,1043,2019-10-10,0.581,1.847
BUR13,Burdekin River mouth mooring,147.5822,-19.5875,1043,2019-10-11,0.666,2.127
BUR13,Burdekin River mouth mooring,147.5822,-19.5875,1043,2019-10-12,0.369,0.875
BUR13,Burdekin River mouth mooring,147.5822,-19.5875,1043,2019-10-13,0.283,0.952
BUR13,Burdekin River mouth mooring,147.5822,-19.5875,1043,2019-10-14,0.271,1.088
BUR13,Burdekin River mouth mooring,147.5822,-19.5875,1043,2019-10-15,0.189,0.803
BUR13,Burdekin River mouth mooring,147.5822,-19.5875,1043,2019-10-16,0.233,0.985
BUR13,Burdekin River mouth mooring,147.5822,-19.5875,1043,2019-10-17,0.218,0.886
BUR13,Burdekin River mouth mooring,147.5822,-19.5875,1043,2019-10-18,0.222,0.883
BUR13,Burdekin River mouth mooring,147.5822,-19.5875,1043,2019-10-19,0.272,1.187
BUR13,Burdekin River mouth mooring,147.5822,-19.5875,1043,2019-10-20,0.304,1.441
BUR13,Burdekin River mouth mooring,147.5822,-19.5875,1043,2019-10-21,0.484,8.377
BUR13,Burdekin River mouth mooring,147.5822,-19.5875,1043,2019-10-22,0.979,34.534
BUR13,Burdekin River mouth mooring,147.5822,-19.5875,1043,2019-10-23,1.031,28.884
BUR13,Burdekin River mouth mooring,147.5822,-19.5875,1043,2019-10-24,0.977,20.303
BUR13,Burdekin River mouth mooring,147.5822,-19.5875,1043,2019-10-25,1.22,10.048
BUR13,Burdekin River mouth mooring,147.5822,-19.5875,1043,2019-10-26,1.416,6.866
BUR13,Burdekin River mouth mooring,147.5822,-19.5875,1043,2019-10-27,0.978,3.922
BUR13,Burdekin River mouth mooring,147.5822,-19.5875,1043,2019-10-28,0.653,2.371
BUR13,Burdekin River mouth mooring,147.5822,-19.5875,1043,2019-10-29,0.771,7.482
BUR13,Burdekin River mouth mooring,147.5822,-19.5875,1043,2019-10-30,1.098,8.358
BUR13,Burdekin River mouth mooring,147.5822,-19.5875,1043,2019-10-31,1.187,5.476
BUR13,Burdekin River mouth mooring,147.5822,-19.5875,1043,2019-11-01,0.945,3.533
BUR13,Burdekin River mouth mooring,147.5822,-19.5875,1043,2019-11-02,0.766,3.308
BUR13,Burdekin River mouth mooring,147.5822,-19.5875,1043,2019-11-03,0.619,2.506
BUR13,Burdekin River mouth mooring,147.5822,-19.5875,1043,2019-11-04,0.533,1.672
BUR13,Burdekin River mouth mooring,147.5822,-19.5875,1043,2019-11-05,0.545,1.194
BUR13,Burdekin River mouth mooring,147.5822,-19.5875,1043,2019-11-06,0.755,2.571
BUR13,Burdekin River mouth mooring,147.5822,-19.5875,1043,2019-11-07,0.882,2.85
BUR13,Burdekin River mouth mooring,147.5822,-19.5875,1043,2019-11-08,0.536,1.585
BUR13,Burdekin River mouth mooring,147.5822,-19.5875,1043,2019-11-09,0.32,0.893
BUR13,Burdekin River mouth mooring,147.5822,-19.5875,1043,2019-11-10,0.537,3.334
BUR13,Burdekin River mouth mooring,147.5822,-19.5875,1043,2019-11-11,0.866,3.772
BUR13,Burdekin River mouth mooring,147.5822,-19.5875,1043,2019-11-12,0.593,2.149
BUR13,Burdekin River mouth mooring,147.5822,-19.5875,1043,2019-11-13,0.326,1.558
BUR13,Burdekin River mouth mooring,147.5822,-19.5875,1043,2019-11-14,0.209,1.327
BUR13,Burdekin River mouth mooring,147.5822,-19.5875,1043,2019-11-15,0.191,1.3
BUR13,Burdekin River mouth mooring,147.5822,-19.5875,1043,2019-11-16,0.179,1.124
BUR13,Burdekin River mouth mooring,147.5822,-19.5875,1043,2019-11-17,0.204,0.986
BUR13,Burdekin River mouth mooring,147.5822,-19.5875,1043,2019-11-18,0.259,0.988
BUR13,Burdekin River mouth mooring,147.5822,-19.5875,1043,2019-11-19,0.265,1.078
BUR13,Burdekin River mouth mooring,147.5822,-19.5875,1043,2019-11-20,0.331,1.258
BUR13,Burdekin River mouth mooring,147.5822,-19.5875,1043,2019-11-21,0.557,2.245
BUR13,Burdekin River mouth mooring,147.5822,-19.5875,1043,2019-11-22,1.205,5.849
BUR13,Burdekin River mouth mooring,147.5822,-19.5875,1043,2019-11-23,1.311,6.052
BUR13,Burdekin River mouth mooring,147.5822,-19.5875,1043,2019-11-24,1.025,3.821
BUR13,Burdekin River mouth mooring,147.5822,-19.5875,1043,2019-11-25,0.907,2.95
BUR13,Burdekin River mouth mooring,147.5822,-19.5875,1043,2019-11-26,0.859,2.47
BUR13,Burdekin River mouth mooring,147.5822,-19.5875,1043,2019-11-27,0.9,2.208
BUR13,Burdekin River mouth mooring,147.5822,-19.5875,1043,2019-11-28,1.438,2.668
BUR13,Burdekin River mouth mooring,147.5822,-19.5875,1043,2019-11-29,1.745,4.346
BUR13,Burdekin River mouth mooring,147.5822,-19.5875,1043,2019-11-30,1.057,3.679
BUR13,Burdekin River mouth mooring,147.5822,-19.5875,1043,2019-12-01,0.879,2.405
BUR13,Burdekin River mouth mooring,147.5822,-19.5875,1043,2019-12-02,0.52,1.238
BUR13,Burdekin River mouth mooring,147.5822,-19.5875,1043,2019-12-03,0.407,0.786
BUR13,Burdekin River mouth mooring,147.5822,-19.5875,1043,2019-12-04,0.29,0.765
BUR13,Burdekin River mouth mooring,147.5822,-19.5875,1043,2019-12-05,0.275,0.79
BUR13,Burdekin River mouth mooring,147.5822,-19.5875,1043,2019-12-06,0.266,0.67
BUR13,Burdekin River mouth mooring,147.5822,-19.5875,1043,2019-12-07,0.299,0.57
BUR13,Burdekin River mouth mooring,147.5822,-19.5875,1043,2019-12-08,0.45,0.753
BUR13,Burdekin River mouth mooring,147.5822,-19.5875,1043,2019-12-09,0.662,4.102
BUR13,Burdekin River mouth mooring,147.5822,-19.5875,1043,2019-12-10,1.005,12.427
BUR13,Burdekin River mouth mooring,147.5822,-19.5875,1043,2019-12-11,1.11,8.008
BUR13,Burdekin River mouth mooring,147.5822,-19.5875,1043,2019-12-12,0.883,3.717
BUR13,Burdekin River mouth mooring,147.5822,-19.5875,1043,2019-12-13,0.432,1.818
BUR13,Burdekin River mouth mooring,147.5822,-19.5875,1043,2019-12-14,0.301,1.164
BUR13,Burdekin River mouth mooring,147.5822,-19.5875,1043,2019-12-15,0.343,1.188
BUR13,Burdekin River mouth mooring,147.5822,-19.5875,1043,2019-12-16,0.242,0.794
BUR13,Burdekin River mouth mooring,147.5822,-19.5875,1043,2019-12-17,0.267,0.816
BUR13,Burdekin River mouth mooring,147.5822,-19.5875,1043,2019-12-18,0.76,12.49
BUR13,Burdekin River mouth mooring,147.5822,-19.5875,1043,2019-12-19,0.801,18.36
BUR13,Burdekin River mouth mooring,147.5822,-19.5875,1043,2019-12-20,0.718,10.637
BUR13,Burdekin River mouth mooring,147.5822,-19.5875,1043,2019-12-21,0.794,10.031
BUR13,Burdekin River mouth mooring,147.5822,-19.5875,1043,2019-12-22,0.914,6.749
BUR13,Burdekin River mouth mooring,147.5822,-19.5875,1043,2019-12-23,0.912,4.715
BUR13,Burdekin River mouth mooring,147.5822,-19.5875,1043,2019-12-24,0.76,4.045
BUR13,Burdekin River mouth mooring,147.5822,-19.5875,1043,2019-12-25,0.437,2.037
BUR13,Burdekin River mouth mooring,147.5822,-19.5875,1043,2019-12-26,0.743,2.104
BUR13,Burdekin River mouth mooring,147.5822,-19.5875,1043,2019-12-27,0.982,7.16
BUR13,Burdekin River mouth mooring,147.5822,-19.5875,1043,2019-12-28,1.131,6.292
BUR13,Burdekin River mouth mooring,147.5822,-19.5875,1043,2019-12-29,1.273,7.651
BUR13,Burdekin River mouth mooring,147.5822,-19.5875,1043,2019-12-30,0.938,4.458
BUR13,Burdekin River mouth mooring,147.5822,-19.5875,1043,2019-12-31,0.635,2.723
BUR13,Burdekin River mouth mooring,147.5822,-19.5875,1043,2020-01-01,0.516,1.471
BUR13,Burdekin River mouth mooring,147.5822,-19.5875,1043,2020-01-02,0.801,1.747
BUR13,Burdekin River mouth mooring,147.5822,-19.5875,1043,2020-01-03,0.867,2.919
BUR13,Burdekin River mouth mooring,147.5822,-19.5875,1043,2020-01-04,0.953,10.175
BUR13,Burdekin River mouth mooring,147.5822,-19.5875,1043,2020-01-05,0.968,6.195
BUR13,Burdekin River mouth mooring,147.5822,-19.5875,1043,2020-01-06,1.043,4.102
BUR13,Burdekin River mouth mooring,147.5822,-19.5875,1043,2020-01-07,1.174,3.887
BUR13,Burdekin River mouth mooring,147.5822,-19.5875,1043,2020-01-08,1.084,4.487
BUR13,Burdekin River mouth mooring,147.5822,-19.5875,1043,2020-01-09,1.347,6.19
BUR13,Burdekin River mouth mooring,147.5822,-19.5875,1043,2020-01-10,1.529,7.618
BUR13,Burdekin River mouth mooring,147.5822,-19.5875,1043,2020-01-11,1.484,5.753
BUR13,Burdekin River mouth mooring,147.5822,-19.5875,1043,2020-01-12,1.34,3.428
BUR13,Burdekin River mouth mooring,147.5822,-19.5875,1043,2020-01-13,1.373,5.003
BUR13,Burdekin River mouth mooring,147.5822,-19.5875,1043,2020-01-14,1.139,7.972
BUR13,Burdekin River mouth mooring,147.5822,-19.5875,1043,2020-01-15,0.919,3.326
BUR13,Burdekin River mouth mooring,147.5822,-19.5875,1043,2020-01-16,0.653,2.278
BUR13,Burdekin River mouth mooring,147.5822,-19.5875,1043,2020-01-17,0.707,2.143
BUR13,Burdekin River mouth mooring,147.5822,-19.5875,1043,2020-01-18,0.75,4.279
BUR13,Burdekin River mouth mooring,147.5822,-19.5875,1043,2020-01-19,0.522,1.552
BUR13,Burdekin River mouth mooring,147.5822,-19.5875,1043,2020-01-20,0.372,1.279
BUR13,Burdekin River mouth mooring,147.5822,-19.5875,1043,2020-01-21,0.974,2.135
BUR13,Burdekin River mouth mooring,147.5822,-19.5875,1043,2020-01-22,0.778,0.972
BUR13,Burdekin River mouth mooring,147.5822,-19.5875,1043,2020-01-23,1.204,1.218
BUR13,Burdekin River mouth mooring,147.5822,-19.5875,1043,2020-01-24,0.598,1.127
BUR13,Burdekin River mouth mooring,147.5822,-19.5875,1043,2020-01-25,0.611,1.09
BUR13,Burdekin River mouth mooring,147.5822,-19.5875,1043,2020-01-26,0.811,1.348
BUR13,Burdekin River mouth mooring,147.5822,-19.5875,1043,2020-01-27,1.329,2.099
BUR13,Burdekin River mouth mooring,147.5822,-19.5875,1043,2020-01-28,1.399,5.898
BUR13,Burdekin River mouth mooring,147.5822,-19.5875,1043,2020-01-29,1.093,5.636
BUR13,Burdekin River mouth mooring,147.5822,-19.5875,1043,2020-01-30,1.049,4.294
BUR13,Burdekin River mouth mooring,147.5822,-19.5875,1043,2020-01-31,1.269,3.725
BUR13,Burdekin River mouth mooring,147.5822,-19.5875,1043,2020-02-01,1.211,6.356
BUR13,Burdekin River mouth mooring,147.5822,-19.5875,1043,2020-02-02,1.413,5.597
BUR13,Burdekin River mouth mooring,147.5822,-19.5875,1043,2020-02-03,1.221,2.611
BUR13,Burdekin River mouth mooring,147.5822,-19.5875,1043,2020-02-04,0.931,1.921
BUR13,Burdekin River mouth mooring,147.5822,-19.5875,1043,2020-02-05,1.24,2.22
BUR13,Burdekin River mouth mooring,147.5822,-19.5875,1043,2020-02-06,1.071,1.699
BUR13,Burdekin River mouth mooring,147.5822,-19.5875,1043,2020-02-07,1.089,1.948
BUR13,Burdekin River mouth mooring,147.5822,-19.5875,1043,2020-02-08,0.817,1.944
BUR13,Burdekin River mouth mooring,147.5822,-19.5875,1043,2020-02-09,0.921,2.602
BUR13,Burdekin River mouth mooring,147.5822,-19.5875,1043,2020-02-10,1.07,2.618
BUR13,Burdekin River mouth mooring,147.5822,-19.5875,1043,2020-02-11,1.397,3.359
BUR13,Burdekin River mouth mooring,147.5822,-19.5875,1043,2020-02-12,1.365,3.156
BUR13,Burdekin River mouth mooring,147.5822,-19.5875,1043,2020-02-13,1.445,3.298
BUR13,Burdekin River mouth mooring,147.5822,-19.5875,1043,2020-02-14,1.04,2.588
BUR13,Burdekin River mouth mooring,147.5822,-19.5875,1043,2020-02-15,0.597,2.286
BUR13,Burdekin River mouth mooring,147.5822,-19.5875,1043,2020-02-16,0.867,3.03
BUR13,Burdekin River mouth mooring,147.5822,-19.5875,1043,2020-02-17,1.074,3.702
BUR13,Burdekin River mouth mooring,147.5822,-19.5875,1043,2020-02-18,1.057,2.617
BUR13,Burdekin River mouth mooring,147.5822,-19.5875,1043,2020-02-19,1.412,3.129
BUR13,Burdekin River mouth mooring,147.5822,-19.5875,1043,2020-02-20,0.799,2.206
BUR13,Burdekin River mouth mooring,147.5822,-19.5875,1043,2020-02-21,0.742,2.256
BUR13,Burdekin River mouth mooring,147.5822,-19.5875,1043,2020-02-22,0.989,6.412
BUR13,Burdekin River mouth mooring,147.5822,-19.5875,1043,2020-02-23,0.999,6.087
BUR13,Burdekin River mouth mooring,147.5822,-19.5875,1043,2020-02-24,0.881,6.786
BUR13,Burdekin River mouth mooring,147.5822,-19.5875,1043,2020-02-25,1.151,4.817
BUR13,Burdekin River mouth mooring,147.5822,-19.5875,1043,2020-02-26,1.638,3.765
BUR13,Burdekin River mouth mooring,147.5822,-19.5875,1043,2020-02-27,1.493,3.177
BUR13,Burdekin River mouth mooring,147.5822,-19.5875,1043,2020-02-28,1.408,3.535
BUR13,Burdekin River mouth mooring,147.5822,-19.5875,1043,2020-02-29,1.071,3.512
BUR13,Burdekin River mouth mooring,147.5822,-19.5875,1043,2020-03-01,0.604,4.938
BUR13,Burdekin River mouth mooring,147.5822,-19.5875,1043,2020-03-02,0.678,4.344
BUR13,Burdekin River mouth mooring,147.5822,-19.5875,1043,2020-03-03,0.84,4.492
BUR13,Burdekin River mouth mooring,147.5822,-19.5875,1043,2020-03-04,0.718,2.914
BUR13,Burdekin River mouth mooring,147.5822,-19.5875,1043,2020-03-05,0.644,1.8
BUR13,Burdekin River mouth mooring,147.5822,-19.5875,1043,2020-03-06,1.425,3.676
BUR13,Burdekin River mouth mooring,147.5822,-19.5875,1043,2020-03-07,1.285,2.888
BUR13,Burdekin River mouth mooring,147.5822,-19.5875,1043,2020-03-08,0.821,3.985
BUR13,Burdekin River mouth mooring,147.5822,-19.5875,1043,2020-03-09,0.911,4.776
BUR13,Burdekin River mouth mooring,147.5822,-19.5875,1043,2020-03-10,1.447,6.915
BUR13,Burdekin River mouth mooring,147.5822,-19.5875,1043,2020-03-11,1.167,15.373
BUR13,Burdekin River mouth mooring,147.5822,-19.5875,1043,2020-03-12,0.82,18.687
BUR13,Burdekin River mouth mooring,147.5822,-19.5875,1043,2020-03-13,0.709,11.005
BUR13,Burdekin River mouth mooring,147.5822,-19.5875,1043,2020-03-14,0.824,8.279
BUR13,Burdekin River mouth mooring,147.5822,-19.5875,1043,2020-03-15,1.078,3.412
BUR13,Burdekin River mouth mooring,147.5822,-19.5875,1043,2020-03-16,0.865,3.207
BUR13,Burdekin River mouth mooring,147.5822,-19.5875,1043,2020-03-17,0.828,10.568
BUR13,Burdekin River mouth mooring,147.5822,-19.5875,1043,2020-03-18,0.758,11.953
BUR13,Burdekin River mouth mooring,147.5822,-19.5875,1043,2020-03-19,0.729,10.983
BUR13,Burdekin River mouth mooring,147.5822,-19.5875,1043,2020-03-20,0.794,10.572
BUR13,Burdekin River mouth mooring,147.5822,-19.5875,1043,2020-03-21,0.952,6.978
BUR13,Burdekin River mouth mooring,147.5822,-19.5875,1043,2020-03-22,1.134,7.723
BUR13,Burdekin River mouth mooring,147.5822,-19.5875,1043,2020-03-23,1.105,8.011
BUR13,Burdekin River mouth mooring,147.5822,-19.5875,1043,2020-03-24,1.02,9.607
BUR13,Burdekin River mouth mooring,147.5822,-19.5875,1043,2020-03-25,1.015,16.683
BUR13,Burdekin River mouth mooring,147.5822,-19.5875,1043,2020-03-26,1.022,10.437
BUR13,Burdekin River mouth mooring,147.5822,-19.5875,1043,2020-03-27,1.084,8.626
BUR13,Burdekin River mouth mooring,147.5822,-19.5875,1043,2020-03-28,0.928,12.024
BUR13,Burdekin River mouth mooring,147.5822,-19.5875,1043,2020-03-29,0.897,10.791
BUR13,Burdekin River mouth mooring,147.5822,-19.5875,1043,2020-03-30,1.04,8.333
BUR13,Burdekin River mouth mooring,147.5822,-19.5875,1043,2020-03-31,0.968,6.671
BUR13,Burdekin River mouth mooring,147.5822,-19.5875,1043,2020-04-01,0.887,5.572
BUR13,Burdekin River mouth mooring,147.5822,-19.5875,1043,2020-04-02,0.772,4.736
BUR13,Burdekin River mouth mooring,147.5822,-19.5875,1043,2020-04-03,0.803,2.529
BUR13,Burdekin River mouth mooring,147.5822,-19.5875,1043,2020-04-04,0.794,2.617
BUR13,Burdekin River mouth mooring,147.5822,-19.5875,1043,2020-04-05,0.704,3.218
BUR13,Burdekin River mouth mooring,147.5822,-19.5875,1043,2020-04-06,1.022,4.747
BUR13,Burdekin River mouth mooring,147.5822,-19.5875,1043,2020-04-07,0.989,9.153
BUR13,Burdekin River mouth mooring,147.5822,-19.5875,1043,2020-04-08,0.979,10.416
BUR13,Burdekin River mouth mooring,147.5822,-19.5875,1043,2020-04-09,1.077,10.687
BUR13,Burdekin River mouth mooring,147.5822,-19.5875,1043,2020-04-10,0.987,8.988
BUR13,Burdekin River mouth mooring,147.5822,-19.5875,1043,2020-04-11,0.871,13.147
BUR13,Burdekin River mouth mooring,147.5822,-19.5875,1043,2020-04-12,0.983,6.027
BUR13,Burdekin River mouth mooring,147.5822,-19.5875,1043,2020-04-13,1.056,3.859
BUR13,Burdekin River mouth mooring,147.5822,-19.5875,1043,2020-04-14,0.813,7.818
BUR13,Burdekin River mouth mooring,147.5822,-19.5875,1043,2020-04-15,0.72,9.556
BUR13,Burdekin River mouth mooring,147.5822,-19.5875,1043,2020-04-16,0.851,8.146
BUR13,Burdekin River mouth mooring,147.5822,-19.5875,1043,2020-04-17,0.962,5.898
BUR13,Burdekin River mouth mooring,147.5822,-19.5875,1043,2020-04-18,0.978,3.714
BUR13,Burdekin River mouth mooring,147.5822,-19.5875,1043,2020-04-19,0.756,2.866
BUR13,Burdekin River mouth mooring,147.5822,-19.5875,1043,2020-04-20,0.481,2.634
BUR13,Burdekin River mouth mooring,147.5822,-19.5875,1043,2020-04-21,0.579,2.096
BUR13,Burdekin River mouth mooring,147.5822,-19.5875,1043,2020-04-22,0.795,3.324
BUR13,Burdekin River mouth mooring,147.5822,-19.5875,1043,2020-04-23,1.026,5.61
BUR13,Burdekin River mouth mooring,147.5822,-19.5875,1043,2020-04-24,1.027,8.093
BUR13,Burdekin River mouth mooring,147.5822,-19.5875,1043,2020-04-25,0.897,11.481
BUR13,Burdekin River mouth mooring,147.5822,-19.5875,1043,2020-04-26,1.072,14.63
BUR13,Burdekin River mouth mooring,147.5822,-19.5875,1043,2020-04-27,0.963,10.971
BUR13,Burdekin River mouth mooring,147.5822,-19.5875,1043,2020-04-28,0.948,9.5
BUR13,Burdekin River mouth mooring,147.5822,-19.5875,1043,2020-04-29,0.889,8.118
BUR13,Burdekin River mouth mooring,147.5822,-19.5875,1043,2020-04-30,0.759,
BUR13,Burdekin River mouth mooring,147.5822,-19.5875,1043,2020-05-01,0.716,
BUR13,Burdekin River mouth mooring,147.5822,-19.5875,1043,2020-05-02,0.764,
BUR13,Burdekin River mouth mooring,147.5822,-19.5875,1043,2020-05-03,1.03,
BUR13,Burdekin River mouth mooring,147.5822,-19.5875,1043,2020-05-04,1.144,
BUR13,Burdekin River mouth mooring,147.5822,-19.5875,1043,2020-05-05,1.194,
BUR13,Burdekin River mouth mooring,147.5822,-19.5875,1043,2020-05-06,1.077,
BUR13,Burdekin River mouth mooring,147.5822,-19.5875,1043,2020-05-07,1.089,
BUR13,Burdekin River mouth mooring,147.5822,-19.5875,1043,2020-05-08,0.982,
BUR13,Burdekin River mouth mooring,147.5822,-19.5875,1043,2020-05-09,1.075,
BUR13,Burdekin River mouth mooring,147.5822,-19.5875,1043,2020-05-10,1.056,
BUR13,Burdekin River mouth mooring,147.5822,-19.5875,1043,2020-05-11,0.937,
BUR13,Burdekin River mouth mooring,147.5822,-19.5875,1043,2020-05-12,1.003,
BUR13,Burdekin River mouth mooring,147.5822,-19.5875,1043,2020-05-13,1.006,
BUR13,Burdekin River mouth mooring,147.5822,-19.5875,1043,2020-05-14,1.203,
BUR13,Burdekin River mouth mooring,147.5822,-19.5875,1043,2020-05-15,1.358,
BUR13,Burdekin River mouth mooring,147.5822,-19.5875,1043,2020-05-16,1.362,
BUR13,Burdekin River mouth mooring,147.5822,-19.5875,1043,2020-05-17,1.37,
BUR13,Burdekin River mouth mooring,147.5822,-19.5875,1043,2020-05-18,1.257,
BUR13,Burdekin River mouth mooring,147.5822,-19.5875,1043,2020-05-19,1.119,
BUR13,Burdekin River mouth mooring,147.5822,-19.5875,1043,2020-05-20,0.97,
BUR13,Burdekin River mouth mooring,147.5822,-19.5875,1043,2020-05-21,1.074,
BUR13,Burdekin River mouth mooring,147.5822,-19.5875,1043,2020-05-22,1.201,
BUR13,Burdekin River mouth mooring,147.5822,-19.5875,1043,2020-05-23,1.039,
BUR13,Burdekin River mouth mooring,147.5822,-19.5875,1043,2020-05-24,1.104,
BUR13,Burdekin River mouth mooring,147.5822,-19.5875,1043,2020-05-25,1.486,
BUR13,Burdekin River mouth mooring,147.5822,-19.5875,1043,2020-05-26,1.415,
BUR13,Burdekin River mouth mooring,147.5822,-19.5875,1043,2020-05-27,1.152,
BUR13,Burdekin River mouth mooring,147.5822,-19.5875,1043,2020-05-28,1.004,
BUR13,Burdekin River mouth mooring,147.5822,-19.5875,846,2020-06-13,0.984,4.055
BUR13,Burdekin River mouth mooring,147.5822,-19.5875,846,2020-06-14,0.871,3.127
BUR13,Burdekin River mouth mooring,147.5822,-19.5875,846,2020-06-15,0.679,1.451
BUR13,Burdekin River mouth mooring,147.5822,-19.5875,846,2020-06-16,0.82,3.4
BUR13,Burdekin River mouth mooring,147.5822,-19.5875,846,2020-06-17,0.883,5.596
BUR13,Burdekin River mouth mooring,147.5822,-19.5875,846,2020-06-18,1.007,9.974
BUR13,Burdekin River mouth mooring,147.5822,-19.5875,846,2020-06-19,0.875,11.672
BUR13,Burdekin River mouth mooring,147.5822,-19.5875,846,2020-06-20,0.895,8.372
BUR13,Burdekin River mouth mooring,147.5822,-19.5875,846,2020-06-21,1.028,6.132
BUR13,Burdekin River mouth mooring,147.5822,-19.5875,846,2020-06-22,1.019,2.925
BUR13,Burdekin River mouth mooring,147.5822,-19.5875,846,2020-06-23,0.645,1.524
BUR13,Burdekin River mouth mooring,147.5822,-19.5875,846,2020-06-24,0.506,1.496
BUR13,Burdekin River mouth mooring,147.5822,-19.5875,846,2020-06-25,0.661,2.269
BUR13,Burdekin River mouth mooring,147.5822,-19.5875,846,2020-06-26,0.872,3.393
BUR13,Burdekin River mouth mooring,147.5822,-19.5875,846,2020-06-27,0.947,3.737
BUR13,Burdekin River mouth mooring,147.5822,-19.5875,846,2020-06-28,0.806,3.557
BUR13,Burdekin River mouth mooring,147.5822,-19.5875,846,2020-06-29,0.771,5.857
BUR13,Burdekin River mouth mooring,147.5822,-19.5875,846,2020-06-30,0.824,4.824
BUR13,Burdekin River mouth mooring,147.5822,-19.5875,846,2020-07-01,0.943,10.79
BUR13,Burdekin River mouth mooring,147.5822,-19.5875,846,2020-07-02,0.98,7.157
BUR13,Burdekin River mouth mooring,147.5822,-19.5875,846,2020-07-03,1.057,4.821
BUR13,Burdekin River mouth mooring,147.5822,-19.5875,846,2020-07-04,1.062,4.422
BUR13,Burdekin River mouth mooring,147.5822,-19.5875,846,2020-07-05,1.123,6.176
BUR13,Burdekin River mouth mooring,147.5822,-19.5875,846,2020-07-06,1.138,7.365
BUR13,Burdekin River mouth mooring,147.5822,-19.5875,846,2020-07-07,0.897,7.205
BUR13,Burdekin River mouth mooring,147.5822,-19.5875,846,2020-07-08,0.781,5.281
BUR13,Burdekin River mouth mooring,147.5822,-19.5875,846,2020-07-09,0.754,7.381
BUR13,Burdekin River mouth mooring,147.5822,-19.5875,846,2020-07-10,0.787,6.831
BUR13,Burdekin River mouth mooring,147.5822,-19.5875,846,2020-07-11,0.879,4.296
BUR13,Burdekin River mouth mooring,147.5822,-19.5875,846,2020-07-12,0.646,2.205
BUR13,Burdekin River mouth mooring,147.5822,-19.5875,846,2020-07-13,0.607,1.196
BUR13,Burdekin River mouth mooring,147.5822,-19.5875,846,2020-07-14,0.798,1.403
BUR13,Burdekin River mouth mooring,147.5822,-19.5875,846,2020-07-15,0.852,1.326
BUR13,Burdekin River mouth mooring,147.5822,-19.5875,846,2020-07-16,0.569,0.879
BUR13,Burdekin River mouth mooring,147.5822,-19.5875,846,2020-07-17,0.529,0.819
BUR13,Burdekin River mouth mooring,147.5822,-19.5875,846,2020-07-18,0.699,1.004
BUR13,Burdekin River mouth mooring,147.5822,-19.5875,846,2020-07-19,0.829,1.178
BUR13,Burdekin River mouth mooring,147.5822,-19.5875,846,2020-07-20,0.874,1.393
BUR13,Burdekin River mouth mooring,147.5822,-19.5875,846,2020-07-21,1.182,2.858
BUR13,Burdekin River mouth mooring,147.5822,-19.5875,846,2020-07-22,1.377,4.784
BUR13,Burdekin River mouth mooring,147.5822,-19.5875,846,2020-07-23,1.096,3.799
BUR13,Burdekin River mouth mooring,147.5822,-19.5875,846,2020-07-24,1.102,4.103
BUR13,Burdekin River mouth mooring,147.5822,-19.5875,846,2020-07-25,0.827,2.57
BUR13,Burdekin River mouth mooring,147.5822,-19.5875,846,2020-07-26,0.616,1.509
BUR13,Burdekin River mouth mooring,147.5822,-19.5875,846,2020-07-27,0.461,1.008
BUR13,Burdekin River mouth mooring,147.5822,-19.5875,846,2020-07-28,0.448,1.059
BUR13,Burdekin River mouth mooring,147.5822,-19.5875,846,2020-07-29,0.382,0.869
BUR13,Burdekin River mouth mooring,147.5822,-19.5875,846,2020-07-30,0.432,1.379
BUR13,Burdekin River mouth mooring,147.5822,-19.5875,846,2020-07-31,0.771,5.121
BUR13,Burdekin River mouth mooring,147.5822,-19.5875,846,2020-08-01,0.881,8.0
BUR13,Burdekin River mouth mooring,147.5822,-19.5875,846,2020-08-02,0.907,9.861
BUR13,Burdekin River mouth mooring,147.5822,-19.5875,846,2020-08-03,0.833,10.211
BUR13,Burdekin River mouth mooring,147.5822,-19.5875,846,2020-08-04,0.941,4.547
BUR13,Burdekin River mouth mooring,147.5822,-19.5875,846,2020-08-05,0.909,2.001
BUR13,Burdekin River mouth mooring,147.5822,-19.5875,846,2020-08-06,0.854,1.748
BUR13,Burdekin River mouth mooring,147.5822,-19.5875,846,2020-08-07,0.835,1.303
BUR13,Burdekin River mouth mooring,147.5822,-19.5875,846,2020-08-08,0.676,1.219
BUR13,Burdekin River mouth mooring,147.5822,-19.5875,846,2020-08-09,0.606,1.315
BUR13,Burdekin River mouth mooring,147.5822,-19.5875,846,2020-08-10,0.57,1.281
BUR13,Burdekin River mouth mooring,147.5822,-19.5875,846,2020-08-11,0.542,1.228
BUR13,Burdekin River mouth mooring,147.5822,-19.5875,846,2020-08-12,0.431,0.882
BUR13,Burdekin River mouth mooring,147.5822,-19.5875,846,2020-08-13,0.381,0.705
BUR13,Burdekin River mouth mooring,147.5822,-19.5875,846,2020-08-14,0.336,0.643
BUR13,Burdekin River mouth mooring,147.5822,-19.5875,846,2020-08-15,0.324,0.822
BUR13,Burdekin River mouth mooring,147.5822,-19.5875,846,2020-08-16,0.311,1.01
BUR13,Burdekin River mouth mooring,147.5822,-19.5875,846,2020-08-17,0.367,1.049
BUR13,Burdekin River mouth mooring,147.5822,-19.5875,846,2020-08-18,0.325,0.8
BUR13,Burdekin River mouth mooring,147.5822,-19.5875,846,2020-08-19,0.296,0.974
BUR13,Burdekin River mouth mooring,147.5822,-19.5875,846,2020-08-20,0.405,1.521
BUR13,Burdekin River mouth mooring,147.5822,-19.5875,846,2020-08-21,0.447,1.274
BUR13,Burdekin River mouth mooring,147.5822,-19.5875,846,2020-08-22,0.479,1.334
BUR13,Burdekin River mouth mooring,147.5822,-19.5875,846,2020-08-23,0.427,1.163
BUR13,Burdekin River mouth mooring,147.5822,-19.5875,846,2020-08-24,0.507,2.437
BUR13,Burdekin River mouth mooring,147.5822,-19.5875,846,2020-08-25,0.87,6.032
BUR13,Burdekin River mouth mooring,147.5822,-19.5875,846,2020-08-26,1.061,13.224
BUR13,Burdekin River mouth mooring,147.5822,-19.5875,846,2020-08-27,1.069,17.968
BUR13,Burdekin River mouth mooring,147.5822,-19.5875,846,2020-08-28,1.039,20.283
BUR13,Burdekin River mouth mooring,147.5822,-19.5875,846,2020-08-29,1.173,32.074
BUR13,Burdekin River mouth mooring,147.5822,-19.5875,846,2020-08-30,0.942,31.343
BUR13,Burdekin River mouth mooring,147.5822,-19.5875,846,2020-08-31,0.819,13.385
BUR13,Burdekin River mouth mooring,147.5822,-19.5875,846,2020-09-01,1.002,11.035
BUR13,Burdekin River mouth mooring,147.5822,-19.5875,846,2020-09-02,1.083,8.763
BUR13,Burdekin River mouth mooring,147.5822,-19.5875,846,2020-09-03,1.121,6.463
BUR13,Burdekin River mouth mooring,147.5822,-19.5875,846,2020-09-04,1.04,5.919
BUR13,Burdekin River mouth mooring,147.5822,-19.5875,846,2020-09-05,0.917,5.732
BUR13,Burdekin River mouth mooring,147.5822,-19.5875,846,2020-09-06,0.849,5.025
BUR13,Burdekin River mouth mooring,147.5822,-19.5875,846,2020-09-07,0.92,9.409
BUR13,Burdekin River mouth mooring,147.5822,-19.5875,846,2020-09-08,0.796,9.951
BUR13,Burdekin River mouth mooring,147.5822,-19.5875,846,2020-09-09,0.86,11.514
BUR13,Burdekin River mouth mooring,147.5822,-19.5875,846,2020-09-10,0.866,10.171
BUR13,Burdekin River mouth mooring,147.5822,-19.5875,846,2020-09-11,1.007,6.646
BUR13,Burdekin River mouth mooring,147.5822,-19.5875,846,2020-09-12,0.935,9.435
BUR13,Burdekin River mouth mooring,147.5822,-19.5875,846,2020-09-13,0.902,8.596
BUR13,Burdekin River mouth mooring,147.5822,-19.5875,846,2020-09-14,0.923,8.937
BUR13,Burdekin River mouth mooring,147.5822,-19.5875,846,2020-09-15,0.952,12.468
BUR13,Burdekin River mouth mooring,147.5822,-19.5875,846,2020-09-16,0.901,13.607
BUR13,Burdekin River mouth mooring,147.5822,-19.5875,846,2020-09-17,0.996,12.619
BUR13,Burdekin River mouth mooring,147.5822,-19.5875,846,2020-09-18,1.019,11.776
BUR13,Burdekin River mouth mooring,147.5822,-19.5875,846,2020-09-19,1.062,9.126
BUR13,Burdekin River mouth mooring,147.5822,-19.5875,846,2020-09-20,1.424,5.603
BUR13,Burdekin River mouth mooring,147.5822,-19.5875,846,2020-09-21,1.411,2.75
BUR13,Burdekin River mouth mooring,147.5822,-19.5875,846,2020-09-22,0.824,1.533
BUR13,Burdekin River mouth mooring,147.5822,-19.5875,846,2020-09-23,0.934,0.883
BUR13,Burdekin River mouth mooring,147.5822,-19.5875,846,2020-09-24,0.96,1.193
BUR13,Burdekin River mouth mooring,147.5822,-19.5875,846,2020-09-25,0.732,1.18
BUR13,Burdekin River mouth mooring,147.5822,-19.5875,846,2020-09-26,0.482,1.473
BUR13,Burdekin River mouth mooring,147.5822,-19.5875,846,2020-09-27,0.491,1.487
BUR13,Burdekin River mouth mooring,147.5822,-19.5875,846,2020-09-28,0.941,4.73
BUR13,Burdekin River mouth mooring,147.5822,-19.5875,846,2020-09-29,1.295,14.421
BUR13,Burdekin River mouth mooring,147.5822,-19.5875,846,2020-09-30,1.25,12.775
BUR13,Burdekin River mouth mooring,147.5822,-19.5875,846,2020-10-01,1.324,6.565
BUR13,Burdekin River mouth mooring,147.5822,-19.5875,846,2020-10-02,1.031,5.975
BUR13,Burdekin River mouth mooring,147.5822,-19.5875,846,2020-10-03,1.033,14.01
BUR13,Burdekin River mouth mooring,147.5822,-19.5875,846,2020-10-04,1.085,21.934
BUR13,Burdekin River mouth mooring,147.5822,-19.5875,846,2020-10-05,1.112,15.005
BUR13,Burdekin River mouth mooring,147.5822,-19.5875,846,2020-10-06,1.488,8.118
BUR13,Burdekin River mouth mooring,147.5822,-19.5875,846,2020-10-07,1.533,4.661
BUR13,Burdekin River mouth mooring,147.5822,-19.5875,846,2020-10-08,1.33,4.8
BUR13,Burdekin River mouth mooring,147.5822,-19.5875,846,2020-10-09,0.934,3.645
BUR13,Burdekin River mouth mooring,147.5822,-19.5875,846,2020-10-10,0.566,1.902
BUR13,Burdekin River mouth mooring,147.5822,-19.5875,846,2020-10-11,0.709,4.666
BUR13,Burdekin River mouth mooring,147.5822,-19.5875,846,2020-10-12,1.004,6.616
BUR13,Burdekin River mouth mooring,147.5822,-19.5875,846,2020-10-13,1.096,10.88
BUR13,Burdekin River mouth mooring,147.5822,-19.5875,846,2020-10-14,1.087,14.367
BUR13,Burdekin River mouth mooring,147.5822,-19.5875,846,2020-10-15,1.227,12.4
BUR13,Burdekin River mouth mooring,147.5822,-19.5875,846,2020-10-16,1.689,12.452
BUR13,Burdekin River mouth mooring,147.5822,-19.5875,846,2020-10-17,1.697,9.435
BUR13,Burdekin River mouth mooring,147.5822,-19.5875,846,2020-10-18,1.293,6.056
BUR13,Burdekin River mouth mooring,147.5822,-19.5875,846,2020-10-19,0.957,2.967
BUR13,Burdekin River mouth mooring,147.5822,-19.5875,846,2020-10-20,1.096,1.721
BUR13,Burdekin River mouth mooring,147.5822,-19.5875,846,2020-10-21,0.988,1.726
BUR13,Burdekin River mouth mooring,147.5822,-19.5875,846,2020-10-22,0.602,1.369
BUR13,Burdekin River mouth mooring,147.5822,-19.5875,846,2020-10-23,0.353,0.875
BUR13,Burdekin River mouth mooring,147.5822,-19.5875,846,2020-10-24,0.474,0.785
BUR13,Burdekin River mouth mooring,147.5822,-19.5875,846,2020-10-25,0.482,0.89
BUR13,Burdekin River mouth mooring,147.5822,-19.5875,846,2020-10-26,0.342,0.859
BUR13,Burdekin River mouth mooring,147.5822,-19.5875,846,2020-10-27,0.447,1.892
BUR13,Burdekin River mouth mooring,147.5822,-19.5875,846,2020-10-28,0.475,1.291
BUR13,Burdekin River mouth mooring,147.5822,-19.5875,846,2020-10-29,0.362,1.542
BUR13,Burdekin River mouth mooring,147.5822,-19.5875,846,2020-10-30,0.275,1.991
BUR13,Burdekin River mouth mooring,147.5822,-19.5875,846,2020-10-31,0.246,3.332
BUR13,Burdekin River mouth mooring,147.5822,-19.5875,846,2020-11-01,0.332,21.783
BUR13,Burdekin River mouth mooring,147.5822,-19.5875,846,2020-11-02,0.917,12.081
BUR13,Burdekin River mouth mooring,147.5822,-19.5875,846,2020-11-03,0.742,11.514
BUR13,Burdekin River mouth mooring,147.5822,-19.5875,846,2020-11-04,0.97,11.455
BUR13,Burdekin River mouth mooring,147.5822,-19.5875,846,2020-11-05,0.915,3.639
BUR13,Burdekin River mouth mooring,147.5822,-19.5875,846,2020-11-06,0.731,2.753
BUR13,Burdekin River mouth mooring,147.5822,-19.5875,846,2020-11-07,0.484,1.93
BUR13,Burdekin River mouth mooring,147.5822,-19.5875,846,2020-11-08,0.785,10.76
BUR13,Burdekin River mouth mooring,147.5822,-19.5875,846,2020-11-09,1.075,31.6
BUR13,Burdekin River mouth mooring,147.5822,-19.5875,846,2020-11-10,0.93,15.29
BUR13,Burdekin River mouth mooring,147.5822,-19.5875,846,2020-11-11,1.167,8.32
BUR13,Burdekin River mouth mooring,147.5822,-19.5875,846,2020-11-12,0.997,5.129
BUR13,Burdekin River mouth mooring,147.5822,-19.5875,846,2020-11-13,0.598,2.57
BUR13,Burdekin River mouth mooring,147.5822,-19.5875,846,2020-11-14,0.374,1.277
BUR13,Burdekin River mouth mooring,147.5822,-19.5875,846,2020-11-15,0.418,1.573
BUR13,Burdekin River mouth mooring,147.5822,-19.5875,846,2020-11-16,0.512,5.058
BUR13,Burdekin River mouth mooring,147.5822,-19.5875,846,2020-11-17,0.706,4.628
BUR13,Burdekin River mouth mooring,147.5822,-19.5875,846,2020-11-18,0.814,9.486
BUR13,Burdekin River mouth mooring,147.5822,-19.5875,846,2020-11-19,0.9,13.174
BUR13,Burdekin River mouth mooring,147.5822,-19.5875,846,2020-11-20,0.893,12.628
BUR13,Burdekin River mouth mooring,147.5822,-19.5875,846,2020-11-21,0.883,12.523
BUR13,Burdekin River mouth mooring,147.5822,-19.5875,846,2020-11-22,0.976,10.012
BUR13,Burdekin River mouth mooring,147.5822,-19.5875,846,2020-11-23,0.835,4.85
BUR13,Burdekin River mouth mooring,147.5822,-19.5875,846,2020-11-24,0.591,2.357
BUR13,Burdekin River mouth mooring,147.5822,-19.5875,846,2020-11-25,0.432,1.072
BUR13,Burdekin River mouth mooring,147.5822,-19.5875,846,2020-11-26,0.718,2.421
BUR13,Burdekin River mouth mooring,147.5822,-19.5875,846,2020-11-27,0.781,4.825
BUR13,Burdekin River mouth mooring,147.5822,-19.5875,846,2020-11-28,0.83,8.99
BUR13,Burdekin River mouth mooring,147.5822,-19.5875,846,2020-11-29,0.999,3.743
BUR13,Burdekin River mouth mooring,147.5822,-19.5875,846,2020-11-30,0.61,1.949
BUR13,Burdekin River mouth mooring,147.5822,-19.5875,846,2020-12-01,0.532,1.226
BUR13,Burdekin River mouth mooring,147.5822,-19.5875,846,2020-12-02,0.668,1.597
BUR13,Burdekin River mouth mooring,147.5822,-19.5875,846,2020-12-03,0.784,3.195
BUR13,Burdekin River mouth mooring,147.5822,-19.5875,846,2020-12-04,0.944,3.41
BUR13,Burdekin River mouth mooring,147.5822,-19.5875,846,2020-12-05,0.72,1.471
BUR13,Burdekin River mouth mooring,147.5822,-19.5875,846,2020-12-06,0.642,0.897
BUR13,Burdekin River mouth mooring,147.5822,-19.5875,846,2020-12-07,0.947,1.124
BUR13,Burdekin River mouth mooring,147.5822,-19.5875,846,2020-12-08,0.479,0.642
BUR13,Burdekin River mouth mooring,147.5822,-19.5875,846,2020-12-09,0.589,1.037
BUR13,Burdekin River mouth mooring,147.5822,-19.5875,846,2020-12-10,1.113,3.487
BUR13,Burdekin River mouth mooring,147.5822,-19.5875,846,2020-12-11,1.026,6.148
BUR13,Burdekin River mouth mooring,147.5822,-19.5875,1329,2020-12-11,1.195,8.229
BUR13,Burdekin River mouth mooring,147.5822,-19.5875,1329,2020-12-12,1.232,11.897
BUR13,Burdekin River mouth mooring,147.5822,-19.5875,1329,2020-12-13,1.366,6.046
BUR13,Burdekin River mouth mooring,147.5822,-19.5875,1329,2020-12-14,1.214,2.972
BUR13,Burdekin River mouth mooring,147.5822,-19.5875,1329,2020-12-15,1.146,2.92
BUR13,Burdekin River mouth mooring,147.5822,-19.5875,1329,2020-12-16,0.919,3.263
BUR13,Burdekin River mouth mooring,147.5822,-19.5875,1329,2020-12-17,0.756,2.364
BUR13,Burdekin River mouth mooring,147.5822,-19.5875,1329,2020-12-18,0.627,1.406
BUR13,Burdekin River mouth mooring,147.5822,-19.5875,1329,2020-12-19,0.483,1.114
BUR13,Burdekin River mouth mooring,147.5822,-19.5875,1329,2020-12-20,0.584,1.939
BUR13,Burdekin River mouth mooring,147.5822,-19.5875,1329,2020-12-21,0.587,1.892
BUR13,Burdekin River mouth mooring,147.5822,-19.5875,1329,2020-12-22,0.391,1.011
BUR13,Burdekin River mouth mooring,147.5822,-19.5875,1329,2020-12-23,0.472,0.619
BUR13,Burdekin River mouth mooring,147.5822,-19.5875,1329,2020-12-24,0.63,1.477
BUR13,Burdekin River mouth mooring,147.5822,-19.5875,1329,2020-12-25,0.947,1.921
BUR13,Burdekin River mouth mooring,147.5822,-19.5875,1329,2020-12-26,1.218,6.552
BUR13,Burdekin River mouth mooring,147.5822,-19.5875,1329,2020-12-27,1.488,8.838
BUR13,Burdekin River mouth mooring,147.5822,-19.5875,1329,2020-12-28,1.725,6.707
BUR13,Burdekin River mouth mooring,147.5822,-19.5875,1329,2020-12-29,1.596,3.318
BUR13,Burdekin River mouth mooring,147.5822,-19.5875,1329,2020-12-30,1.355,2.142
BUR13,Burdekin River mouth mooring,147.5822,-19.5875,1329,2020-12-31,1.154,1.566
BUR13,Burdekin River mouth mooring,147.5822,-19.5875,1329,2021-01-01,1.226,2.637
BUR13,Burdekin River mouth mooring,147.5822,-19.5875,1329,2021-01-02,1.405,2.256
BUR13,Burdekin River mouth mooring,147.5822,-19.5875,1329,2021-01-03,1.433,2.546
BUR13,Burdekin River mouth mooring,147.5822,-19.5875,1329,2021-01-04,0.798,1.559
BUR13,Burdekin River mouth mooring,147.5822,-19.5875,1329,2021-01-05,1.036,2.367
BUR13,Burdekin River mouth mooring,147.5822,-19.5875,1329,2021-01-06,0.914,18.998
BUR13,Burdekin River mouth mooring,147.5822,-19.5875,1329,2021-01-07,0.761,13.58
BUR13,Burdekin River mouth mooring,147.5822,-19.5875,1329,2021-01-08,1.148,26.89
BUR13,Burdekin River mouth mooring,147.5822,-19.5875,1329,2021-01-09,0.808,19.093
BUR13,Burdekin River mouth mooring,147.5822,-19.5875,1329,2021-01-10,0.702,17.397
BUR13,Burdekin River mouth mooring,147.5822,-19.5875,1329,2021-01-11,1.102,23.999
BUR13,Burdekin River mouth mooring,147.5822,-19.5875,1329,2021-01-12,0.958,14.984
BUR13,Burdekin River mouth mooring,147.5822,-19.5875,1329,2021-01-13,1.106,21.27
BUR13,Burdekin River mouth mooring,147.5822,-19.5875,1329,2021-01-14,1.043,20.115
BUR13,Burdekin River mouth mooring,147.5822,-19.5875,1329,2021-01-15,0.894,15.475
BUR13,Burdekin River mouth mooring,147.5822,-19.5875,1329,2021-01-16,0.762,13.593
BUR13,Burdekin River mouth mooring,147.5822,-19.5875,1329,2021-01-17,1.088,20.116
BUR13,Burdekin River mouth mooring,147.5822,-19.5875,1329,2021-01-18,1.531,39.786
BUR13,Burdekin River mouth mooring,147.5822,-19.5875,1329,2021-01-19,0.903,16.304
BUR13,Burdekin River mouth mooring,147.5822,-19.5875,1329,2021-01-20,0.795,10.319
BUR13,Burdekin River mouth mooring,147.5822,-19.5875,1329,2021-01-21,1.247,15.862
BUR13,Burdekin River mouth mooring,147.5822,-19.5875,1329,2021-01-22,1.238,13.175
BUR13,Burdekin River mouth mooring,147.5822,-19.5875,1329,2021-01-23,1.132,9.436
BUR13,Burdekin River mouth mooring,147.5822,-19.5875,1329,2021-01-24,1.346,10.054
BUR13,Burdekin River mouth mooring,147.5822,-19.5875,1329,2021-01-25,1.267,8.168
BUR13,Burdekin River mouth mooring,147.5822,-19.5875,1329,2021-01-26,1.445,6.084
BUR13,Burdekin River mouth mooring,147.5822,-19.5875,1329,2021-01-27,1.743,5.912
BUR13,Burdekin River mouth mooring,147.5822,-19.5875,1329,2021-01-28,1.397,9.373
BUR13,Burdekin River mouth mooring,147.5822,-19.5875,1329,2021-01-29,1.244,18.908
BUR13,Burdekin River mouth mooring,147.5822,-19.5875,1329,2021-01-30,1.155,16.939
BUR13,Burdekin River mouth mooring,147.5822,-19.5875,1329,2021-01-31,1.123,14.751
BUR13,Burdekin River mouth mooring,147.5822,-19.5875,1329,2021-02-01,1.069,13.522
BUR13,Burdekin River mouth mooring,147.5822,-19.5875,1329,2021-02-02,0.908,8.408
BUR13,Burdekin River mouth mooring,147.5822,-19.5875,1329,2021-02-03,1.009,5.607
BUR13,Burdekin River mouth mooring,147.5822,-19.5875,1329,2021-02-04,0.641,2.637
BUR13,Burdekin River mouth mooring,147.5822,-19.5875,1329,2021-02-05,0.462,2.442
BUR13,Burdekin River mouth mooring,147.5822,-19.5875,1329,2021-02-06,0.641,2.996
BUR13,Burdekin River mouth mooring,147.5822,-19.5875,1329,2021-02-07,0.749,3.224
BUR13,Burdekin River mouth mooring,147.5822,-19.5875,1329,2021-02-08,1.159,2.779
BUR13,Burdekin River mouth mooring,147.5822,-19.5875,826,2021-02-09,1.219,3.707
BUR13,Burdekin River mouth mooring,147.5822,-19.5875,1329,2021-02-09,0.771,2.39
BUR13,Burdekin River mouth mooring,147.5822,-19.5875,826,2021-02-10,1.068,9.201
BUR13,Burdekin River mouth mooring,147.5822,-19.5875,826,2021-02-11,1.142,9.535
BUR13,Burdekin River mouth mooring,147.5822,-19.5875,826,2021-02-12,1.216,6.38
BUR13,Burdekin River mouth mooring,147.5822,-19.5875,826,2021-02-13,1.197,4.328
BUR13,Burdekin River mouth mooring,147.5822,-19.5875,826,2021-02-14,1.34,2.804
BUR13,Burdekin River mouth mooring,147.5822,-19.5875,826,2021-02-15,1.478,2.175
BUR13,Burdekin River mouth mooring,147.5822,-19.5875,826,2021-02-16,1.553,3.121
BUR13,Burdekin River mouth mooring,147.5822,-19.5875,826,2021-02-17,1.79,22.312
BUR13,Burdekin River mouth mooring,147.5822,-19.5875,826,2021-02-18,1.348,17.53
BUR13,Burdekin River mouth mooring,147.5822,-19.5875,826,2021-02-19,1.222,6.554
BUR13,Burdekin River mouth mooring,147.5822,-19.5875,826,2021-02-20,1.077,5.948
BUR13,Burdekin River mouth mooring,147.5822,-19.5875,826,2021-02-21,1.321,3.951
BUR13,Burdekin River mouth mooring,147.5822,-19.5875,826,2021-02-22,1.536,3.221
BUR13,Burdekin River mouth mooring,147.5822,-19.5875,826,2021-02-23,1.416,2.778
BUR13,Burdekin River mouth mooring,147.5822,-19.5875,826,2021-02-24,1.125,4.543
BUR13,Burdekin River mouth mooring,147.5822,-19.5875,826,2021-02-25,0.983,9.994
BUR13,Burdekin River mouth mooring,147.5822,-19.5875,826,2021-02-26,0.996,11.852
BUR13,Burdekin River mouth mooring,147.5822,-19.5875,826,2021-02-27,0.946,10.425
BUR13,Burdekin River mouth mooring,147.5822,-19.5875,826,2021-02-28,0.865,8.35
BUR13,Burdekin River mouth mooring,147.5822,-19.5875,826,2021-03-01,1.161,29.473
BUR13,Burdekin River mouth mooring,147.5822,-19.5875,826,2021-03-02,0.951,11.44
BUR13,Burdekin River mouth mooring,147.5822,-19.5875,826,2021-03-03,1.069,8.988
BUR13,Burdekin River mouth mooring,147.5822,-19.5875,826,2021-03-04,1.255,10.09
BUR13,Burdekin River mouth mooring,147.5822,-19.5875,826,2021-03-05,1.205,7.102
BUR13,Burdekin River mouth mooring,147.5822,-19.5875,826,2021-03-06,1.11,5.094
BUR13,Burdekin River mouth mooring,147.5822,-19.5875,826,2021-03-07,1.149,5.329
BUR13,Burdekin River mouth mooring,147.5822,-19.5875,826,2021-03-08,0.995,4.211
BUR13,Burdekin River mouth mooring,147.5822,-19.5875,826,2021-03-09,0.881,4.006
BUR13,Burdekin River mouth mooring,147.5822,-19.5875,826,2021-03-10,0.971,3.244
BUR13,Burdekin River mouth mooring,147.5822,-19.5875,826,2021-03-11,0.965,3.19
BUR13,Burdekin River mouth mooring,147.5822,-19.5875,826,2021-03-12,1.008,6.348
BUR13,Burdekin River mouth mooring,147.5822,-19.5875,826,2021-03-13,1.058,5.054
BUR13,Burdekin River mouth mooring,147.5822,-19.5875,826,2021-03-14,0.933,3.948
BUR13,Burdekin River mouth mooring,147.5822,-19.5875,826,2021-03-15,0.917,2.774
BUR13,Burdekin River mouth mooring,147.5822,-19.5875,826,2021-03-16,0.908,2.377
BUR13,Burdekin River mouth mooring,147.5822,-19.5875,826,2021-03-17,0.734,1.707
BUR13,Burdekin River mouth mooring,147.5822,-19.5875,826,2021-03-18,0.794,1.514
BUR13,Burdekin River mouth mooring,147.5822,-19.5875,826,2021-03-19,0.65,1.398
BUR13,Burdekin River mouth mooring,147.5822,-19.5875,826,2021-03-20,1.287,2.938
BUR13,Burdekin River mouth mooring,147.5822,-19.5875,826,2021-03-21,1.047,4.904
BUR13,Burdekin River mouth mooring,147.5822,-19.5875,826,2021-03-22,0.94,4.935
BUR13,Burdekin River mouth mooring,147.5822,-19.5875,826,2021-03-23,0.922,2.045
BUR13,Burdekin River mouth mooring,147.5822,-19.5875,826,2021-03-24,0.989,1.737
BUR13,Burdekin River mouth mooring,147.5822,-19.5875,826,2021-03-25,1.063,1.718
BUR13,Burdekin River mouth mooring,147.5822,-19.5875,826,2021-03-26,1.068,3.042
BUR13,Burdekin River mouth mooring,147.5822,-19.5875,826,2021-03-27,1.108,7.443
BUR13,Burdekin River mouth mooring,147.5822,-19.5875,826,2021-03-28,1.192,8.867
BUR13,Burdekin River mouth mooring,147.5822,-19.5875,826,2021-03-29,1.216,9.953
BUR13,Burdekin River mouth mooring,147.5822,-19.5875,826,2021-03-30,1.262,14.534
BUR13,Burdekin River mouth mooring,147.5822,-19.5875,826,2021-03-31,1.297,19.973
BUR13,Burdekin River mouth mooring,147.5822,-19.5875,826,2021-04-01,1.203,21.524
BUR13,Burdekin River mouth mooring,147.5822,-19.5875,826,2021-04-02,1.182,18.246
BUR13,Burdekin River mouth mooring,147.5822,-19.5875,826,2021-04-03,1.182,13.921
BUR13,Burdekin River mouth mooring,147.5822,-19.5875,826,2021-04-04,0.982,5.596
BUR13,Burdekin River mouth mooring,147.5822,-19.5875,826,2021-04-05,0.967,3.969
BUR13,Burdekin River mouth mooring,147.5822,-19.5875,826,2021-04-06,1.158,3.536
BUR13,Burdekin River mouth mooring,147.5822,-19.5875,826,2021-04-07,1.184,2.436
BUR13,Burdekin River mouth mooring,147.5822,-19.5875,826,2021-04-08,1.106,2.577
BUR13,Burdekin River mouth mooring,147.5822,-19.5875,826,2021-04-09,0.869,1.612
BUR13,Burdekin River mouth mooring,147.5822,-19.5875,826,2021-04-10,0.601,0.963
BUR13,Burdekin River mouth mooring,147.5822,-19.5875,826,2021-04-11,0.539,0.8
BUR13,Burdekin River mouth mooring,147.5822,-19.5875,826,2021-04-12,1.016,4.727
BUR13,Burdekin River mouth mooring,147.5822,-19.5875,826,2021-04-13,1.374,7.845
BUR13,Burdekin River mouth mooring,147.5822,-19.5875,826,2021-04-14,1.281,10.593
BUR13,Burdekin River mouth mooring,147.5822,-19.5875,826,2021-04-15,1.167,6.788
BUR13,Burdekin River mouth mooring,147.5822,-19.5875,826,2021-04-16,1.14,5.399
BUR13,Burdekin River mouth mooring,147.5822,-19.5875,826,2021-04-17,1.068,6.506
BUR13,Burdekin River mouth mooring,147.5822,-19.5875,826,2021-04-18,1.104,11.703
BUR13,Burdekin River mouth mooring,147.5822,-19.5875,826,2021-04-19,1.197,21.015
BUR13,Burdekin River mouth mooring,147.5822,-19.5875,826,2021-04-20,1.187,23.209
BUR13,Burdekin River mouth mooring,147.5822,-19.5875,826,2021-04-21,1.044,10.971
BUR13,Burdekin River mouth mooring,147.5822,-19.5875,826,2021-04-22,1.175,5.126
BUR13,Burdekin River mouth mooring,147.5822,-19.5875,826,2021-04-23,1.224,7.105
BUR13,Burdekin River mouth mooring,147.5822,-19.5875,826,2021-04-24,1.328,13.827
BUR13,Burdekin River mouth mooring,147.5822,-19.5875,826,2021-04-25,1.291,14.9
BUR13,Burdekin River mouth mooring,147.5822,-19.5875,826,2021-04-26,1.322,14.102
BUR13,Burdekin River mouth mooring,147.5822,-19.5875,826,2021-04-27,1.357,10.713
BUR13,Burdekin River mouth mooring,147.5822,-19.5875,826,2021-04-28,1.482,8.274
BUR13,Burdekin River mouth mooring,147.5822,-19.5875,826,2021-04-29,1.362,6.861
BUR13,Burdekin River mouth mooring,147.5822,-19.5875,826,2021-04-30,1.206,6.518
BUR13,Burdekin River mouth mooring,147.5822,-19.5875,826,2021-05-01,1.089,6.785
BUR13,Burdekin River mouth mooring,147.5822,-19.5875,826,2021-05-02,0.993,5.863
BUR13,Burdekin River mouth mooring,147.5822,-19.5875,826,2021-05-03,0.994,4.826
BUR13,Burdekin River mouth mooring,147.5822,-19.5875,826,2021-05-04,1.08,5.135
BUR13,Burdekin River mouth mooring,147.5822,-19.5875,826,2021-05-05,1.126,3.562
BUR13,Burdekin River mouth mooring,147.5822,-19.5875,826,2021-05-06,1.241,2.466
BUR13,Burdekin River mouth mooring,147.5822,-19.5875,826,2021-05-07,1.035,2.306
BUR13,Burdekin River mouth mooring,147.5822,-19.5875,826,2021-05-08,0.891,2.168
BUR13,Burdekin River mouth mooring,147.5822,-19.5875,826,2021-05-09,1.038,2.595
BUR13,Burdekin River mouth mooring,147.5822,-19.5875,826,2021-05-10,1.06,3.478
BUR13,Burdekin River mouth mooring,147.5822,-19.5875,826,2021-05-11,1.031,3.405
BUR13,Burdekin River mouth mooring,147.5822,-19.5875,826,2021-05-12,0.909,2.649
BUR13,Burdekin River mouth mooring,147.5822,-19.5875,826,2021-05-13,0.814,2.41
BUR13,Burdekin River mouth mooring,147.5822,-19.5875,826,2021-05-14,0.77,2.156
BUR13,Burdekin River mouth mooring,147.5822,-19.5875,826,2021-05-15,1.236,5.144
BUR13,Burdekin River mouth mooring,147.5822,-19.5875,826,2021-05-16,1.201,4.626
BUR13,Burdekin River mouth mooring,147.5822,-19.5875,826,2021-05-17,1.337,7.901
BUR13,Burdekin River mouth mooring,147.5822,-19.5875,826,2021-05-18,1.224,15.111
BUR13,Burdekin River mouth mooring,147.5822,-19.5875,826,2021-05-19,1.259,13.341
BUR13,Burdekin River mouth mooring,147.5822,-19.5875,826,2021-05-20,1.197,13.681
BUR13,Burdekin River mouth mooring,147.5822,-19.5875,826,2021-05-21,1.145,17.379
BUR13,Burdekin River mouth mooring,147.5822,-19.5875,826,2021-05-22,1.164,12.174
BUR13,Burdekin River mouth mooring,147.5822,-19.5875,826,2021-05-23,1.231,7.942
BUR13,Burdekin River mouth mooring,147.5822,-19.5875,826,2021-05-24,1.267,8.615
BUR13,Burdekin River mouth mooring,147.5822,-19.5875,826,2021-05-25,1.246,7.888
BUR13,Burdekin River mouth mooring,147.5822,-19.5875,826,2021-05-26,1.158,8.096
BUR13,Burdekin River mouth mooring,147.5822,-19.5875,826,2021-05-27,1.129,7.474
BUR13,Burdekin River mouth mooring,147.5822,-19.5875,826,2021-05-28,1.12,6.55
BUR13,Burdekin River mouth mooring,147.5822,-19.5875,826,2021-05-29,1.142,11.231
BUR13,Burdekin River mouth mooring,147.5822,-19.5875,826,2021-05-30,1.044,12.356
BUR13,Burdekin River mouth mooring,147.5822,-19.5875,826,2021-05-31,1.136,13.52
BUR13,Burdekin River mouth mooring,147.5822,-19.5875,826,2021-06-01,1.059,10.576
BUR13,Burdekin River mouth mooring,147.5822,-19.5875,826,2021-06-02,1.184,7.877
BUR13,Burdekin River mouth mooring,147.5822,-19.5875,826,2021-06-03,1.091,6.537
BUR13,Burdekin River mouth mooring,147.5822,-19.5875,826,2021-06-04,0.989,5.187
BUR13,Burdekin River mouth mooring,147.5822,-19.5875,826,2021-06-05,1.04,4.797
BUR13,Burdekin River mouth mooring,147.5822,-19.5875,351,2021-06-06,1.216,12.156
BUR13,Burdekin River mouth mooring,147.5822,-19.5875,826,2021-06-06,1.152,9.737
BUR13,Burdekin River mouth mooring,147.5822,-19.5875,351,2021-06-07,1.132,17.38
BUR13,Burdekin River mouth mooring,147.5822,-19.5875,351,2021-06-08,1.319,7.959
BUR13,Burdekin River mouth mooring,147.5822,-19.5875,351,2021-06-09,1.436,5.72
BUR13,Burdekin River mouth mooring,147.5822,-19.5875,351,2021-06-10,1.402,4.949
BUR13,Burdekin River mouth mooring,147.5822,-19.5875,351,2021-06-11,1.203,3.734
BUR13,Burdekin River mouth mooring,147.5822,-19.5875,351,2021-06-12,0.98,4.757
BUR13,Burdekin River mouth mooring,147.5822,-19.5875,351,2021-06-13,1.136,7.019
BUR13,Burdekin River mouth mooring,147.5822,-19.5875,351,2021-06-14,0.969,3.826
BUR13,Burdekin River mouth mooring,147.5822,-19.5875,351,2021-06-15,0.891,2.492
BUR13,Burdekin River mouth mooring,147.5822,-19.5875,351,2021-06-16,1.084,3.128
BUR13,Burdekin River mouth mooring,147.5822,-19.5875,351,2021-06-17,0.96,2.44
BUR13,Burdekin River mouth mooring,147.5822,-19.5875,351,2021-06-18,0.798,2.514
BUR13,Burdekin River mouth mooring,147.5822,-19.5875,351,2021-06-19,1.143,3.603
BUR13,Burdekin River mouth mooring,147.5822,-19.5875,351,2021-06-20,1.303,4.712
BUR13,Burdekin River mouth mooring,147.5822,-19.5875,351,2021-06-21,1.194,3.822
BUR13,Burdekin River mouth mooring,147.5822,-19.5875,351,2021-06-22,1.394,11.018
BUR13,Burdekin River mouth mooring,147.5822,-19.5875,351,2021-06-23,1.233,11.733
BUR13,Burdekin River mouth mooring,147.5822,-19.5875,351,2021-06-24,1.004,7.769
BUR13,Burdekin River mouth mooring,147.5822,-19.5875,351,2021-06-25,1.113,7.636
BUR13,Burdekin River mouth mooring,147.5822,-19.5875,351,2021-06-26,1.103,7.095
BUR13,Burdekin River mouth mooring,147.5822,-19.5875,351,2021-06-27,1.239,10.886
BUR13,Burdekin River mouth mooring,147.5822,-19.5875,351,2021-06-28,1.2,16.65
BUR13,Burdekin River mouth mooring,147.5822,-19.5875,351,2021-06-29,1.238,23.201
BUR13,Burdekin River mouth mooring,147.5822,-19.5875,351,2021-06-30,1.176,29.991
BUR13,Burdekin River mouth mooring,147.5822,-19.5875,351,2021-07-01,0.979,12.228
BUR13,Burdekin River mouth mooring,147.5822,-19.5875,351,2021-07-02,1.053,6.432
BUR13,Burdekin River mouth mooring,147.5822,-19.5875,351,2021-07-03,0.903,3.764
BUR13,Burdekin River mouth mooring,147.5822,-19.5875,351,2021-07-04,0.831,3.482
BUR13,Burdekin River mouth mooring,147.5822,-19.5875,351,2021-07-05,0.98,7.858
BUR13,Burdekin River mouth mooring,147.5822,-19.5875,351,2021-07-06,1.175,11.776
BUR13,Burdekin River mouth mooring,147.5822,-19.5875,351,2021-07-07,1.246,14.834
BUR13,Burdekin River mouth mooring,147.5822,-19.5875,351,2021-07-08,1.247,23.338
BUR13,Burdekin River mouth mooring,147.5822,-19.5875,351,2021-07-09,1.216,8.778
BUR13,Burdekin River mouth mooring,147.5822,-19.5875,351,2021-07-10,1.075,5.206
BUR13,Burdekin River mouth mooring,147.5822,-19.5875,351,2021-07-11,1.189,10.238
BUR13,Burdekin River mouth mooring,147.5822,-19.5875,351,2021-07-12,1.206,10.097
BUR13,Burdekin River mouth mooring,147.5822,-19.5875,351,2021-07-13,1.174,8.289
BUR13,Burdekin River mouth mooring,147.5822,-19.5875,351,2021-07-14,1.239,10.395
BUR13,Burdekin River mouth mooring,147.5822,-19.5875,351,2021-07-15,1.035,6.108
BUR13,Burdekin River mouth mooring,147.5822,-19.5875,351,2021-07-16,0.926,4.106
BUR13,Burdekin River mouth mooring,147.5822,-19.5875,351,2021-07-17,1.007,3.821
BUR13,Burdekin River mouth mooring,147.5822,-19.5875,351,2021-07-18,1.254,4.655
BUR13,Burdekin River mouth mooring,147.5822,-19.5875,351,2021-07-19,1.252,7.68
BUR13,Burdekin River mouth mooring,147.5822,-19.5875,351,2021-07-20,1.315,5.44
BUR13,Burdekin River mouth mooring,147.5822,-19.5875,351,2021-07-21,1.173,4.857
BUR13,Burdekin River mouth mooring,147.5822,-19.5875,351,2021-07-22,1.477,12.071
BUR13,Burdekin River mouth mooring,147.5822,-19.5875,351,2021-07-23,1.372,8.847
BUR13,Burdekin River mouth mooring,147.5822,-19.5875,351,2021-07-24,1.009,4.471
BUR13,Burdekin River mouth mooring,147.5822,-19.5875,838,2021-09-27,0.856,9.259
BUR13,Burdekin River mouth mooring,147.5822,-19.5875,838,2021-09-28,0.862,14.011
BUR13,Burdekin River mouth mooring,147.5822,-19.5875,838,2021-09-29,1.069,7.954
BUR13,Burdekin River mouth mooring,147.5822,-19.5875,838,2021-09-30,1.063,4.886
BUR13,Burdekin River mouth mooring,147.5822,-19.5875,838,2021-10-01,0.866,3.524
BUR13,Burdekin River mouth mooring,147.5822,-19.5875,838,2021-10-02,0.856,3.211
BUR13,Burdekin River mouth mooring,147.5822,-19.5875,838,2021-10-03,0.593,2.304
BUR13,Burdekin River mouth mooring,147.5822,-19.5875,838,2021-10-04,0.479,2.308
BUR13,Burdekin River mouth mooring,147.5822,-19.5875,838,2021-10-05,0.447,2.251
BUR13,Burdekin River mouth mooring,147.5822,-19.5875,838,2021-10-06,0.624,2.958
BUR13,Burdekin River mouth mooring,147.5822,-19.5875,838,2021-10-07,0.851,4.406
BUR13,Burdekin River mouth mooring,147.5822,-19.5875,838,2021-10-08,0.701,3.323
BUR13,Burdekin River mouth mooring,147.5822,-19.5875,838,2021-10-09,0.73,4.258
BUR13,Burdekin River mouth mooring,147.5822,-19.5875,838,2021-10-10,0.861,5.675
BUR13,Burdekin River mouth mooring,147.5822,-19.5875,838,2021-10-11,0.738,3.743
BUR13,Burdekin River mouth mooring,147.5822,-19.5875,838,2021-10-12,0.753,2.478
BUR13,Burdekin River mouth mooring,147.5822,-19.5875,838,2021-10-13,0.511,1.947
BUR13,Burdekin River mouth mooring,147.5822,-19.5875,838,2021-10-14,0.432,1.599
BUR13,Burdekin River mouth mooring,147.5822,-19.5875,838,2021-10-15,0.472,1.525
BUR13,Burdekin River mouth mooring,147.5822,-19.5875,838,2021-10-16,0.529,1.703
BUR13,Burdekin River mouth mooring,147.5822,-19.5875,838,2021-10-17,0.737,2.858
BUR13,Burdekin River mouth mooring,147.5822,-19.5875,838,2021-10-18,0.623,2.054
BUR13,Burdekin River mouth mooring,147.5822,-19.5875,838,2021-10-19,0.696,1.753
BUR13,Burdekin River mouth mooring,147.5822,-19.5875,838,2021-10-20,0.746,1.844
BUR13,Burdekin River mouth mooring,147.5822,-19.5875,838,2021-10-21,0.685,2.341
BUR13,Burdekin River mouth mooring,147.5822,-19.5875,838,2021-10-22,0.71,1.684
BUR13,Burdekin River mouth mooring,147.5822,-19.5875,838,2021-10-23,0.749,1.366
BUR13,Burdekin River mouth mooring,147.5822,-19.5875,838,2021-10-24,1.341,1.34
BUR13,Burdekin River mouth mooring,147.5822,-19.5875,838,2021-10-25,0.773,1.466
BUR13,Burdekin River mouth mooring,147.5822,-19.5875,838,2021-10-26,0.812,1.469
BUR13,Burdekin River mouth mooring,147.5822,-19.5875,838,2021-10-27,0.879,1.716
BUR13,Burdekin River mouth mooring,147.5822,-19.5875,838,2021-10-28,0.828,2.269
BUR13,Burdekin River mouth mooring,147.5822,-19.5875,838,2021-10-29,0.614,1.493
BUR13,Burdekin River mouth mooring,147.5822,-19.5875,838,2021-10-30,0.497,1.12
BUR13,Burdekin River mouth mooring,147.5822,-19.5875,838,2021-10-31,0.528,1.165
BUR13,Burdekin River mouth mooring,147.5822,-19.5875,838,2021-11-01,0.96,11.895
BUR13,Burdekin River mouth mooring,147.5822,-19.5875,838,2021-11-02,1.209,27.333
BUR13,Burdekin River mouth mooring,147.5822,-19.5875,838,2021-11-03,1.264,26.203
BUR13,Burdekin River mouth mooring,147.5822,-19.5875,838,2021-11-04,1.132,17.526
BUR13,Burdekin River mouth mooring,147.5822,-19.5875,838,2021-11-05,1.251,12.592
BUR13,Burdekin River mouth mooring,147.5822,-19.5875,838,2021-11-06,1.162,7.38
BUR13,Burdekin River mouth mooring,147.5822,-19.5875,838,2021-11-07,0.945,4.402
BUR13,Burdekin River mouth mooring,147.5822,-19.5875,838,2021-11-08,0.714,2.552
BUR13,Burdekin River mouth mooring,147.5822,-19.5875,838,2021-11-09,0.749,1.955
BUR13,Burdekin River mouth mooring,147.5822,-19.5875,838,2021-11-10,0.673,1.531
BUR13,Burdekin River mouth mooring,147.5822,-19.5875,838,2021-11-11,0.664,1.271
BUR13,Burdekin River mouth mooring,147.5822,-19.5875,838,2021-11-12,0.923,1.988
BUR13,Burdekin River mouth mooring,147.5822,-19.5875,838,2021-11-13,1.003,1.866
BUR13,Burdekin River mouth mooring,147.5822,-19.5875,838,2021-11-14,0.958,1.905
BUR13,Burdekin River mouth mooring,147.5822,-19.5875,838,2021-11-15,0.963,2.229
BUR13,Burdekin River mouth mooring,147.5822,-19.5875,838,2021-11-16,1.176,3.941
BUR13,Burdekin River mouth mooring,147.5822,-19.5875,838,2021-11-17,1.278,6.645
BUR13,Burdekin River mouth mooring,147.5822,-19.5875,838,2021-11-18,1.44,16.372
BUR13,Burdekin River mouth mooring,147.5822,-19.5875,838,2021-11-19,1.34,15.168
BUR13,Burdekin River mouth mooring,147.5822,-19.5875,838,2021-11-20,1.404,7.747
BUR13,Burdekin River mouth mooring,147.5822,-19.5875,838,2021-11-21,1.063,3.352
BUR13,Burdekin River mouth mooring,147.5822,-19.5875,838,2021-11-22,0.945,2.315
BUR13,Burdekin River mouth mooring,147.5822,-19.5875,838,2021-11-23,1.223,2.259
BUR13,Burdekin River mouth mooring,147.5822,-19.5875,838,2021-11-24,1.073,1.658
BUR13,Burdekin River mouth mooring,147.5822,-19.5875,838,2021-11-25,1.326,1.435
BUR13,Burdekin River mouth mooring,147.5822,-19.5875,838,2021-11-26,1.302,1.534
BUR13,Burdekin River mouth mooring,147.5822,-19.5875,838,2021-11-27,1.018,1.474
BUR13,Burdekin River mouth mooring,147.5822,-19.5875,838,2021-11-28,0.864,1.3
BUR13,Burdekin River mouth mooring,147.5822,-19.5875,838,2021-11-29,0.969,1.875
BUR13,Burdekin River mouth mooring,147.5822,-19.5875,838,2021-11-30,0.935,2.011
BUR13,Burdekin River mouth mooring,147.5822,-19.5875,838,2021-12-01,0.866,1.806
BUR13,Burdekin River mouth mooring,147.5822,-19.5875,838,2021-12-02,0.696,1.374
BUR13,Burdekin River mouth mooring,147.5822,-19.5875,838,2021-12-03,0.714,1.368
BUR13,Burdekin River mouth mooring,147.5822,-19.5875,838,2021-12-04,1.035,3.404
BUR13,Burdekin River mouth mooring,147.5822,-19.5875,838,2021-12-05,1.2,4.105
BUR13,Burdekin River mouth mooring,147.5822,-19.5875,838,2021-12-06,1.299,7.421
BUR13,Burdekin River mouth mooring,147.5822,-19.5875,838,2021-12-07,1.277,6.526
BUR13,Burdekin River mouth mooring,147.5822,-19.5875,838,2021-12-08,1.078,2.835
BUR13,Burdekin River mouth mooring,147.5822,-19.5875,838,2021-12-09,0.865,1.473
BUR13,Burdekin River mouth mooring,147.5822,-19.5875,838,2021-12-10,0.927,1.137
BUR13,Burdekin River mouth mooring,147.5822,-19.5875,838,2021-12-11,1.061,1.333
BUR13,Burdekin River mouth mooring,147.5822,-19.5875,838,2021-12-12,1.236,2.139
BUR13,Burdekin River mouth mooring,147.5822,-19.5875,838,2021-12-13,1.458,4.686
BUR13,Burdekin River mouth mooring,147.5822,-19.5875,838,2021-12-14,1.568,4.912
BUR13,Burdekin River mouth mooring,147.5822,-19.5875,838,2021-12-15,1.946,4.27
BUR13,Burdekin River mouth mooring,147.5822,-19.5875,838,2021-12-16,2.328,7.127
BUR13,Burdekin River mouth mooring,147.5822,-19.5875,838,2021-12-17,2.838,8.951
BUR13,Burdekin River mouth mooring,147.5822,-19.5875,838,2021-12-18,2.566,16.798
BUR13,Burdekin River mouth mooring,147.5822,-19.5875,838,2021-12-19,3.463,18.709
BUR13,Burdekin River mouth mooring,147.5822,-19.5875,838,2021-12-20,4.09,18.29
BUR13,Burdekin River mouth mooring,147.5822,-19.5875,838,2021-12-21,4.904,19.33
BUR13,Burdekin River mouth mooring,147.5822,-19.5875,838,2021-12-22,5.754,30.213
BUR13,Burdekin River mouth mooring,147.5822,-19.5875,838,2021-12-23,3.769,26.631
BUR13,Burdekin River mouth mooring,147.5822,-19.5875,838,2021-12-24,3.605,19.024
BUR13,Burdekin River mouth mooring,147.5822,-19.5875,838,2021-12-25,3.367,19.089
BUR13,Burdekin River mouth mooring,147.5822,-19.5875,838,2021-12-26,2.588,14.503
BUR13,Burdekin River mouth mooring,147.5822,-19.5875,838,2021-12-27,1.658,8.65
BUR13,Burdekin River mouth mooring,147.5822,-19.5875,838,2021-12-28,1.498,
BUR13,Burdekin River mouth mooring,147.5822,-19.5875,838,2021-12-29,1.835,
BUR13,Burdekin River mouth mooring,147.5822,-19.5875,838,2021-12-30,1.692,
BUR13,Burdekin River mouth mooring,147.5822,-19.5875,838,2021-12-31,1.628,
BUR13,Burdekin River mouth mooring,147.5822,-19.5875,838,2022-01-01,1.93,
BUR13,Burdekin River mouth mooring,147.5822,-19.5875,838,2022-01-02,2.585,
BUR13,Burdekin River mouth mooring,147.5822,-19.5875,838,2022-01-03,2.258,
BUR13,Burdekin River mouth mooring,147.5822,-19.5875,838,2022-01-04,2.916,
BUR13,Burdekin River mouth mooring,147.5822,-19.5875,838,2022-01-05,2.092,
BUR13,Burdekin River mouth mooring,147.5822,-19.5875,838,2022-01-06,1.405,
BUR13,Burdekin River mouth mooring,147.5822,-19.5875,838,2022-01-07,1.169,
BUR13,Burdekin River mouth mooring,147.5822,-19.5875,838,2022-01-08,0.968,
BUR13,Burdekin River mouth mooring,147.5822,-19.5875,838,2022-01-09,0.743,
BUR13,Burdekin River mouth mooring,147.5822,-19.5875,838,2022-01-10,1.082,10.481
BUR13,Burdekin River mouth mooring,147.5822,-19.5875,838,2022-01-11,1.17,14.949
BUR13,Burdekin River mouth mooring,147.5822,-19.5875,838,2022-01-12,1.176,12.043
BUR13,Burdekin River mouth mooring,147.5822,-19.5875,838,2022-01-13,1.246,8.682
BUR13,Burdekin River mouth mooring,147.5822,-19.5875,838,2022-01-14,1.198,7.101
BUR13,Burdekin River mouth mooring,147.5822,-19.5875,838,2022-01-15,1.084,4.569
BUR13,Burdekin River mouth mooring,147.5822,-19.5875,838,2022-01-16,1.011,3.391
BUR13,Burdekin River mouth mooring,147.5822,-19.5875,838,2022-01-17,1.247,4.222
BUR13,Burdekin River mouth mooring,147.5822,-19.5875,838,2022-01-18,1.161,4.727
BUR13,Burdekin River mouth mooring,147.5822,-19.5875,838,2022-01-19,1.421,6.582
BUR13,Burdekin River mouth mooring,147.5822,-19.5875,838,2022-01-20,1.503,12.781
BUR13,Burdekin River mouth mooring,147.5822,-19.5875,838,2022-01-21,1.468,20.867
BUR13,Burdekin River mouth mooring,147.5822,-19.5875,838,2022-01-22,1.608,18.556
BUR13,Burdekin River mouth mooring,147.5822,-19.5875,838,2022-01-23,1.705,17.697
BUR13,Burdekin River mouth mooring,147.5822,-19.5875,838,2022-01-24,1.775,16.503
BUR13,Burdekin River mouth mooring,147.5822,-19.5875,838,2022-01-25,1.746,12.656
BUR13,Burdekin River mouth mooring,147.5822,-19.5875,838,2022-01-26,1.802,8.93
BUR13,Burdekin River mouth mooring,147.5822,-19.5875,838,2022-01-27,1.619,4.923
BUR13,Burdekin River mouth mooring,147.5822,-19.5875,838,2022-01-28,1.367,14.595
BUR13,Burdekin River mouth mooring,147.5822,-19.5875,838,2022-01-29,1.475,6.419
BUR13,Burdekin River mouth mooring,147.5822,-19.5875,838,2022-01-30,1.487,6.964
BUR13,Burdekin River mouth mooring,147.5822,-19.5875,838,2022-01-31,1.203,4.66
BUR13,Burdekin River mouth mooring,147.5822,-19.5875,838,2022-02-01,1.081,4.134
BUR13,Burdekin River mouth mooring,147.5822,-19.5875,838,2022-02-02,0.848,3.369
BUR13,Burdekin River mouth mooring,147.5822,-19.5875,838,2022-02-03,0.693,3.509
BUR13,Burdekin River mouth mooring,147.5822,-19.5875,838,2022-02-04,0.793,5.144
BUR13,Burdekin River mouth mooring,147.5822,-19.5875,838,2022-02-05,0.931,10.407
BUR13,Burdekin River mouth mooring,147.5822,-19.5875,838,2022-02-06,0.893,13.789
BUR13,Burdekin River mouth mooring,147.5822,-19.5875,351,2022-02-06,1.169,16.075
BUR13,Burdekin River mouth mooring,147.5822,-19.5875,351,2022-02-07,1.017,14.993
BUR13,Burdekin River mouth mooring,147.5822,-19.5875,351,2022-02-08,0.835,11.788
BUR13,Burdekin River mouth mooring,147.5822,-19.5875,351,2022-02-09,0.799,5.62
BUR13,Burdekin River mouth mooring,147.5822,-19.5875,351,2022-02-10,1.045,4.609
BUR13,Burdekin River mouth mooring,147.5822,-19.5875,351,2022-02-11,1.194,4.02
BUR13,Burdekin River mouth mooring,147.5822,-19.5875,351,2022-02-12,0.869,6.231
BUR13,Burdekin River mouth mooring,147.5822,-19.5875,351,2022-02-13,0.887,14.747
BUR13,Burdekin River mouth mooring,147.5822,-19.5875,351,2022-02-14,0.91,15.849
BUR13,Burdekin River mouth mooring,147.5822,-19.5875,351,2022-02-15,0.958,17.33
BUR13,Burdekin River mouth mooring,147.5822,-19.5875,351,2022-02-16,1.054,13.081
BUR13,Burdekin River mouth mooring,147.5822,-19.5875,351,2022-02-17,1.03,9.195
BUR13,Burdekin River mouth mooring,147.5822,-19.5875,351,2022-02-18,1.078,8.793
BUR13,Burdekin River mouth mooring,147.5822,-19.5875,351,2022-02-19,1.056,6.261
BUR13,Burdekin River mouth mooring,147.5822,-19.5875,351,2022-02-20,1.027,10.321
BUR13,Burdekin River mouth mooring,147.5822,-19.5875,351,2022-02-21,0.914,8.723
BUR13,Burdekin River mouth mooring,147.5822,-19.5875,351,2022-02-22,0.842,7.341
BUR13,Burdekin River mouth mooring,147.5822,-19.5875,351,2022-02-23,0.93,6.845
BUR13,Burdekin River mouth mooring,147.5822,-19.5875,351,2022-02-24,0.792,3.67
BUR13,Burdekin River mouth mooring,147.5822,-19.5875,351,2022-02-25,0.602,2.665
BUR13,Burdekin River mouth mooring,147.5822,-19.5875,351,2022-02-26,0.538,2.183
BUR13,Burdekin River mouth mooring,147.5822,-19.5875,351,2022-02-27,0.794,3.254
BUR13,Burdekin River mouth mooring,147.5822,-19.5875,351,2022-02-28,0.793,3.027
BUR13,Burdekin River mouth mooring,147.5822,-19.5875,351,2022-03-01,0.798,2.627
BUR13,Burdekin River mouth mooring,147.5822,-19.5875,351,2022-03-02,0.739,3.251
BUR13,Burdekin River mouth mooring,147.5822,-19.5875,351,2022-03-03,0.713,5.059
BUR13,Burdekin River mouth mooring,147.5822,-19.5875,351,2022-03-04,0.71,6.744
BUR13,Burdekin River mouth mooring,147.5822,-19.5875,351,2022-03-05,0.785,6.822
BUR13,Burdekin River mouth mooring,147.5822,-19.5875,351,2022-03-06,0.977,10.518
BUR13,Burdekin River mouth mooring,147.5822,-19.5875,351,2022-03-07,1.275,11.998
BUR13,Burdekin River mouth mooring,147.5822,-19.5875,351,2022-03-08,1.243,8.026
BUR13,Burdekin River mouth mooring,147.5822,-19.5875,351,2022-03-09,1.596,4.368
BUR13,Burdekin River mouth mooring,147.5822,-19.5875,351,2022-03-10,2.002,2.922
BUR13,Burdekin River mouth mooring,147.5822,-19.5875,351,2022-03-11,2.195,3.036
BUR13,Burdekin River mouth mooring,147.5822,-19.5875,351,2022-03-12,1.261,10.273
BUR13,Burdekin River mouth mooring,147.5822,-19.5875,351,2022-03-13,1.209,30.889
BUR13,Burdekin River mouth mooring,147.5822,-19.5875,351,2022-03-14,1.188,20.116
BUR13,Burdekin River mouth mooring,147.5822,-19.5875,351,2022-03-15,1.215,19.652
BUR13,Burdekin River mouth mooring,147.5822,-19.5875,351,2022-03-16,1.309,13.411
BUR13,Burdekin River mouth mooring,147.5822,-19.5875,351,2022-03-17,1.296,14.502
BUR13,Burdekin River mouth mooring,147.5822,-19.5875,351,2022-03-18,1.203,14.04
BUR13,Burdekin River mouth mooring,147.5822,-19.5875,351,2022-03-19,1.162,13.415
BUR13,Burdekin River mouth mooring,147.5822,-19.5875,351,2022-03-20,1.012,12.64
BUR13,Burdekin River mouth mooring,147.5822,-19.5875,351,2022-03-21,0.954,10.926
BUR13,Burdekin River mouth mooring,147.5822,-19.5875,351,2022-03-22,1.011,7.556
BUR13,Burdekin River mouth mooring,147.5822,-19.5875,351,2022-03-23,0.859,5.139
BUR13,Burdekin River mouth mooring,147.5822,-19.5875,351,2022-03-24,0.819,3.928
BUR13,Burdekin River mouth mooring,147.5822,-19.5875,351,2022-03-25,0.933,4.103
BUR13,Burdekin River mouth mooring,147.5822,-19.5875,351,2022-03-26,1.018,7.015
BUR13,Burdekin River mouth mooring,147.5822,-19.5875,351,2022-03-27,1.007,6.021
BUR13,Burdekin River mouth mooring,147.5822,-19.5875,351,2022-03-28,0.98,4.864
BUR13,Burdekin River mouth mooring,147.5822,-19.5875,351,2022-03-29,0.937,2.988
BUR13,Burdekin River mouth mooring,147.5822,-19.5875,351,2022-03-30,0.741,2.615
BUR13,Burdekin River mouth mooring,147.5822,-19.5875,351,2022-03-31,0.913,2.68
BUR13,Burdekin River mouth mooring,147.5822,-19.5875,351,2022-04-01,0.938,2.621
BUR13,Burdekin River mouth mooring,147.5822,-19.5875,351,2022-04-02,1.066,4.042
BUR13,Burdekin River mouth mooring,147.5822,-19.5875,351,2022-04-03,1.188,5.282
BUR13,Burdekin River mouth mooring,147.5822,-19.5875,351,2022-04-04,1.06,3.825
BUR13,Burdekin River mouth mooring,147.5822,-19.5875,351,2022-04-05,1.01,4.796
BUR13,Burdekin River mouth mooring,147.5822,-19.5875,351,2022-04-06,0.961,4.504
BUR13,Burdekin River mouth mooring,147.5822,-19.5875,351,2022-04-07,0.884,4.947
BUR13,Burdekin River mouth mooring,147.5822,-19.5875,351,2022-04-08,1.002,8.067
BUR13,Burdekin River mouth mooring,147.5822,-19.5875,351,2022-04-09,1.087,16.453
BUR13,Burdekin River mouth mooring,147.5822,-19.5875,351,2022-04-10,1.106,6.635
BUR13,Burdekin River mouth mooring,147.5822,-19.5875,351,2022-04-11,1.145,7.137
BUR13,Burdekin River mouth mooring,147.5822,-19.5875,351,2022-04-12,1.082,9.848
BUR13,Burdekin River mouth mooring,147.5822,-19.5875,351,2022-04-13,1.11,12.157
BUR13,Burdekin River mouth mooring,147.5822,-19.5875,351,2022-04-14,1.118,12.653
BUR13,Burdekin River mouth mooring,147.5822,-19.5875,351,2022-04-15,1.081,11.911
BUR13,Burdekin River mouth mooring,147.5822,-19.5875,351,2022-04-16,1.074,7.357
BUR13,Burdekin River mouth mooring,147.5822,-19.5875,351,2022-04-17,1.068,7.424
BUR13,Burdekin River mouth mooring,147.5822,-19.5875,351,2022-04-18,1.004,6.578
BUR13,Burdekin River mouth mooring,147.5822,-19.5875,351,2022-04-19,0.998,4.973
BUR13,Burdekin River mouth mooring,147.5822,-19.5875,351,2022-04-20,1.028,5.695
BUR13,Burdekin River mouth mooring,147.5822,-19.5875,351,2022-04-21,1.028,9.215
BUR13,Burdekin River mouth mooring,147.5822,-19.5875,351,2022-04-22,1.082,24.847
BUR13,Burdekin River mouth mooring,147.5822,-19.5875,351,2022-04-23,1.029,17.16
BUR13,Burdekin River mouth mooring,147.5822,-19.5875,351,2022-04-24,1.159,18.253
BUR13,Burdekin River mouth mooring,147.5822,-19.5875,351,2022-04-25,1.277,32.888
BUR13,Burdekin River mouth mooring,147.5822,-19.5875,351,2022-04-26,1.134,28.508
BUR13,Burdekin River mouth mooring,147.5822,-19.5875,351,2022-04-27,0.994,10.291
BUR13,Burdekin River mouth mooring,147.5822,-19.5875,351,2022-04-28,1.149,8.303
BUR13,Burdekin River mouth mooring,147.5822,-19.5875,351,2022-04-29,1.259,9.756
BUR13,Burdekin River mouth mooring,147.5822,-19.5875,351,2022-04-30,1.195,8.486
BUR13,Burdekin River mouth mooring,147.5822,-19.5875,351,2022-05-01,1.121,7.496
BUR13,Burdekin River mouth mooring,147.5822,-19.5875,351,2022-05-02,1.145,7.332
BUR13,Burdekin River mouth mooring,147.5822,-19.5875,351,2022-05-03,1.188,7.883
BUR13,Burdekin River mouth mooring,147.5822,-19.5875,351,2022-05-04,1.065,5.456
BUR13,Burdekin River mouth mooring,147.5822,-19.5875,351,2022-05-05,0.888,3.288
BUR13,Burdekin River mouth mooring,147.5822,-19.5875,351,2022-05-06,0.698,2.394
BUR13,Burdekin River mouth mooring,147.5822,-19.5875,351,2022-05-07,0.646,2.18
BUR13,Burdekin River mouth mooring,147.5822,-19.5875,351,2022-05-08,0.853,6.183
BUR13,Burdekin River mouth mooring,147.5822,-19.5875,351,2022-05-09,0.965,14.746
BUR13,Burdekin River mouth mooring,147.5822,-19.5875,351,2022-05-10,0.912,16.886
BUR13,Burdekin River mouth mooring,147.5822,-19.5875,351,2022-05-11,0.908,22.562
BUR13,Burdekin River mouth mooring,147.5822,-19.5875,351,2022-05-12,0.886,13.703
BUR13,Burdekin River mouth mooring,147.5822,-19.5875,351,2022-05-13,0.997,5.88
BUR13,Burdekin River mouth mooring,147.5822,-19.5875,351,2022-05-14,0.997,9.198
BUR13,Burdekin River mouth mooring,147.5822,-19.5875,351,2022-05-15,0.927,8.762
BUR13,Burdekin River mouth mooring,147.5822,-19.5875,351,2022-05-16,1.794,12.413
BUR13,Burdekin River mouth mooring,147.5822,-19.5875,351,2022-05-17,0.99,9.951
BUR13,Burdekin River mouth mooring,147.5822,-19.5875,351,2022-05-18,1.363,13.599
BUR13,Burdekin River mouth mooring,147.5822,-19.5875,351,2022-05-19,1.383,10.702
BUR13,Burdekin River mouth mooring,147.5822,-19.5875,351,2022-05-20,1.202,16.838
BUR13,Burdekin River mouth mooring,147.5822,-19.5875,351,2022-05-21,1.198,11.748
BUR13,Burdekin River mouth mooring,147.5822,-19.5875,351,2022-05-22,1.228,8.502
BUR13,Burdekin River mouth mooring,147.5822,-19.5875,351,2022-05-23,1.317,6.751
BUR13,Burdekin River mouth mooring,147.5822,-19.5875,351,2022-05-24,1.41,7.651
BUR13,Burdekin River mouth mooring,147.5822,-19.5875,351,2022-05-25,1.411,9.071
BUR13,Burdekin River mouth mooring,147.5822,-19.5875,351,2022-05-26,1.321,7.918
BUR13,Burdekin River mouth mooring,147.5822,-19.5875,351,2022-05-27,1.749,6.621
BUR13,Burdekin River mouth mooring,147.5822,-19.5875,351,2022-05-28,2.719,6.146
BUR13,Burdekin River mouth mooring,147.5822,-19.5875,351,2022-05-29,1.942,4.942
BUR13,Burdekin River mouth mooring,147.5822,-19.5875,351,2022-05-30,1.149,4.025
BUR13,Burdekin River mouth mooring,147.5822,-19.5875,351,2022-05-31,0.764,4.288
BUR13,Burdekin River mouth mooring,147.5822,-19.5875,351,2022-06-01,0.899,3.86
BUR13,Burdekin River mouth mooring,147.5822,-19.5875,351,2022-06-02,0.852,3.579
BUR13,Burdekin River mouth mooring,147.5822,-19.5875,351,2022-06-03,0.921,4.484
BUR13,Burdekin River mouth mooring,147.5822,-19.5875,6703,2022-06-03,0.991,5.178
BUR13,Burdekin River mouth mooring,147.5822,-19.5875,6703,2022-06-04,0.756,3.404
BUR13,Burdekin River mouth mooring,147.5822,-19.5875,6703,2022-06-05,0.599,3.072
BUR13,Burdekin River mouth mooring,147.5822,-19.5875,6703,2022-06-06,0.588,3.24
BUR13,Burdekin River mouth mooring,147.5822,-19.5875,6703,2022-06-07,0.486,2.578
BUR13,Burdekin River mouth mooring,147.5822,-19.5875,6703,2022-06-08,0.742,4.632
BUR13,Burdekin River mouth mooring,147.5822,-19.5875,6703,2022-06-09,0.876,10.277
BUR13,Burdekin River mouth mooring,147.5822,-19.5875,6703,2022-06-10,0.846,11.961
BUR13,Burdekin River mouth mooring,147.5822,-19.5875,6703,2022-06-11,1.008,12.476
BUR13,Burdekin River mouth mooring,147.5822,-19.5875,6703,2022-06-12,1.28,11.337
BUR13,Burdekin River mouth mooring,147.5822,-19.5875,6703,2022-06-13,1.446,9.528
BUR13,Burdekin River mouth mooring,147.5822,-19.5875,6703,2022-06-14,1.43,14.209
BUR13,Burdekin River mouth mooring,147.5822,-19.5875,6703,2022-06-15,1.205,12.035
BUR13,Burdekin River mouth mooring,147.5822,-19.5875,6703,2022-06-16,1.034,12.998
BUR13,Burdekin River mouth mooring,147.5822,-19.5875,6703,2022-06-17,0.96,13.134
BUR13,Burdekin River mouth mooring,147.5822,-19.5875,6703,2022-06-18,0.977,23.173
BUR13,Burdekin River mouth mooring,147.5822,-19.5875,6703,2022-06-19,0.947,27.66
BUR13,Burdekin River mouth mooring,147.5822,-19.5875,6703,2022-06-20,1.012,15.026
BUR13,Burdekin River mouth mooring,147.5822,-19.5875,6703,2022-06-21,1.004,16.21
BUR13,Burdekin River mouth mooring,147.5822,-19.5875,6703,2022-06-22,1.04,24.52
BUR13,Burdekin River mouth mooring,147.5822,-19.5875,6703,2022-06-23,0.97,18.293
BUR13,Burdekin River mouth mooring,147.5822,-19.5875,6703,2022-06-24,1.033,16.129
BUR13,Burdekin River mouth mooring,147.5822,-19.5875,6703,2022-06-25,0.985,15.559
BUR13,Burdekin River mouth mooring,147.5822,-19.5875,6703,2022-06-26,0.955,19.671
BUR13,Burdekin River mouth mooring,147.5822,-19.5875,6703,2022-06-27,0.942,16.481
BUR13,Burdekin River mouth mooring,147.5822,-19.5875,6703,2022-06-28,0.784,33.313
BUR13,Burdekin River mouth mooring,147.5822,-19.5875,6703,2022-06-29,0.667,30.385
BUR13,Burdekin River mouth mooring,147.5822,-19.5875,6703,2022-06-30,0.759,14.449
BUR13,Burdekin River mouth mooring,147.5822,-19.5875,6703,2022-07-01,0.919,9.817
BUR13,Burdekin River mouth mooring,147.5822,-19.5875,6703,2022-07-02,0.864,6.984
BUR13,Burdekin River mouth mooring,147.5822,-19.5875,6703,2022-07-03,0.847,6.208
BUR13,Burdekin River mouth mooring,147.5822,-19.5875,6703,2022-07-04,0.828,8.575
BUR13,Burdekin River mouth mooring,147.5822,-19.5875,6703,2022-07-05,0.765,7.998
BUR13,Burdekin River mouth mooring,147.5822,-19.5875,6703,2022-07-06,0.782,4.685
BUR13,Burdekin River mouth mooring,147.5822,-19.5875,6703,2022-07-07,1.2,3.642
BUR13,Burdekin River mouth mooring,147.5822,-19.5875,6703,2022-07-08,1.713,3.592
BUR13,Burdekin River mouth mooring,147.5822,-19.5875,6703,2022-07-09,1.502,6.345
BUR13,Burdekin River mouth mooring,147.5822,-19.5875,6703,2022-07-10,1.046,6.531
BUR13,Burdekin River mouth mooring,147.5822,-19.5875,6703,2022-07-11,1.05,10.031
BUR13,Burdekin River mouth mooring,147.5822,-19.5875,6703,2022-07-12,0.878,5.88
BUR13,Burdekin River mouth mooring,147.5822,-19.5875,6703,2022-07-13,0.993,5.471
BUR13,Burdekin River mouth mooring,147.5822,-19.5875,6703,2022-07-14,1.051,8.64
BUR13,Burdekin River mouth mooring,147.5822,-19.5875,6703,2022-07-15,1.144,13.022
BUR13,Burdekin River mouth mooring,147.5822,-19.5875,6703,2022-07-16,1.075,22.745
BUR13,Burdekin River mouth mooring,147.5822,-19.5875,6703,2022-07-17,0.89,18.143
BUR13,Burdekin River mouth mooring,147.5822,-19.5875,6703,2022-07-18,0.935,9.824
BUR13,Burdekin River mouth mooring,147.5822,-19.5875,6703,2022-07-19,1.05,6.879
BUR13,Burdekin River mouth mooring,147.5822,-19.5875,6703,2022-07-20,1.074,8.346
BUR13,Burdekin River mouth mooring,147.5822,-19.5875,6703,2022-07-21,1.075,9.867
BUR13,Burdekin River mouth mooring,147.5822,-19.5875,6703,2022-07-22,1.19,5.886
BUR13,Burdekin River mouth mooring,147.5822,-19.5875,6703,2022-07-23,1.282,5.128
BUR13,Burdekin River mouth mooring,147.5822,-19.5875,6703,2022-07-24,1.082,4.733
BUR13,Burdekin River mouth mooring,147.5822,-19.5875,6703,2022-07-25,1.165,7.683
BUR13,Burdekin River mouth mooring,147.5822,-19.5875,6703,2022-07-26,1.141,5.691
BUR13,Burdekin River mouth mooring,147.5822,-19.5875,6703,2022-07-27,0.985,3.631
BUR13,Burdekin River mouth mooring,147.5822,-19.5875,6703,2022-07-28,1.13,9.269
BUR13,Burdekin River mouth mooring,147.5822,-19.5875,6703,2022-07-29,1.077,11.289
BUR13,Burdekin River mouth mooring,147.5822,-19.5875,6703,2022-07-30,1.004,14.669
BUR13,Burdekin River mouth mooring,147.5822,-19.5875,6703,2022-07-31,0.838,14.901
BUR13,Burdekin River mouth mooring,147.5822,-19.5875,6703,2022-08-01,0.797,9.314
BUR13,Burdekin River mouth mooring,147.5822,-19.5875,6703,2022-08-02,0.9,6.724
BUR13,Burdekin River mouth mooring,147.5822,-19.5875,6703,2022-08-03,0.787,4.776
BUR13,Burdekin River mouth mooring,147.5822,-19.5875,6703,2022-08-04,0.77,4.791
BUR13,Burdekin River mouth mooring,147.5822,-19.5875,6703,2022-08-05,0.594,2.969
BUR13,Burdekin River mouth mooring,147.5822,-19.5875,6703,2022-08-06,0.532,2.469
BUR13,Burdekin River mouth mooring,147.5822,-19.5875,6703,2022-08-07,0.435,2.121
BUR13,Burdekin River mouth mooring,147.5822,-19.5875,6703,2022-08-08,0.746,6.337
BUR13,Burdekin River mouth mooring,147.5822,-19.5875,6703,2022-08-09,0.888,12.003
BUR13,Burdekin River mouth mooring,147.5822,-19.5875,6703,2022-08-10,1.033,15.241
BUR13,Burdekin River mouth mooring,147.5822,-19.5875,6703,2022-08-11,1.074,14.958
BUR13,Burdekin River mouth mooring,147.5822,-19.5875,6703,2022-08-12,1.16,12.094
BUR13,Burdekin River mouth mooring,147.5822,-19.5875,6703,2022-08-13,1.149,7.807
BUR13,Burdekin River mouth mooring,147.5822,-19.5875,6703,2022-08-14,0.966,4.657
BUR13,Burdekin River mouth mooring,147.5822,-19.5875,6703,2022-08-15,0.706,3.902
BUR13,Burdekin River mouth mooring,147.5822,-19.5875,6703,2022-08-16,0.565,2.926
BUR13,Burdekin River mouth mooring,147.5822,-19.5875,6703,2022-08-17,0.418,2.375
BUR13,Burdekin River mouth mooring,147.5822,-19.5875,6703,2022-08-18,0.567,3.202
BUR13,Burdekin River mouth mooring,147.5822,-19.5875,6703,2022-08-19,0.582,3.613
BUR13,Burdekin River mouth mooring,147.5822,-19.5875,6703,2022-08-20,0.398,2.629
BUR13,Burdekin River mouth mooring,147.5822,-19.5875,6703,2022-08-21,0.585,7.927
BUR13,Burdekin River mouth mooring,147.5822,-19.5875,6703,2022-08-22,0.872,18.592
BUR13,Burdekin River mouth mooring,147.5822,-19.5875,6703,2022-08-23,0.904,9.751
BUR13,Burdekin River mouth mooring,147.5822,-19.5875,6703,2022-08-24,0.869,6.615
BUR13,Burdekin River mouth mooring,147.5822,-19.5875,6703,2022-08-25,0.931,12.97
BUR13,Burdekin River mouth mooring,147.5822,-19.5875,6703,2022-08-26,1.023,21.757
BUR13,Burdekin River mouth mooring,147.5822,-19.5875,6703,2022-08-27,0.931,37.026
BUR13,Burdekin River mouth mooring,147.5822,-19.5875,6703,2022-08-28,1.083,44.718
BUR13,Burdekin River mouth mooring,147.5822,-19.5875,6703,2022-08-29,0.974,24.92
BUR13,Burdekin River mouth mooring,147.5822,-19.5875,6703,2022-08-30,1.044,22.867
BUR13,Burdekin River mouth mooring,147.5822,-19.5875,6703,2022-08-31,1.008,12.533
BUR13,Burdekin River mouth mooring,147.5822,-19.5875,6703,2022-09-01,1.072,12.441
BUR13,Burdekin River mouth mooring,147.5822,-19.5875,6703,2022-09-02,1.028,13.097
BUR13,Burdekin River mouth mooring,147.5822,-19.5875,6703,2022-09-03,0.894,7.358
BUR13,Burdekin River mouth mooring,147.5822,-19.5875,6703,2022-09-04,0.894,6.284
BUR13,Burdekin River mouth mooring,147.5822,-19.5875,6703,2022-09-05,0.989,8.935
BUR13,Burdekin River mouth mooring,147.5822,-19.5875,6703,2022-09-06,0.937,18.312
BUR13,Burdekin River mouth mooring,147.5822,-19.5875,6703,2022-09-07,0.948,23.632
BUR13,Burdekin River mouth mooring,147.5822,-19.5875,6703,2022-09-08,0.948,12.101
BUR13,Burdekin River mouth mooring,147.5822,-19.5875,6703,2022-09-09,1.036,7.981
BUR13,Burdekin River mouth mooring,147.5822,-19.5875,6703,2022-09-10,1.084,4.795
BUR13,Burdekin River mouth mooring,147.5822,-19.5875,6703,2022-09-11,0.972,4.193
BUR13,Burdekin River mouth mooring,147.5822,-19.5875,6703,2022-09-12,1.024,5.389
BUR13,Burdekin River mouth mooring,147.5822,-19.5875,6703,2022-09-13,1.199,11.983
BUR13,Burdekin River mouth mooring,147.5822,-19.5875,6703,2022-09-14,1.177,23.146
BUR13,Burdekin River mouth mooring,147.5822,-19.5875,6703,2022-09-15,1.089,19.583
BUR13,Burdekin River mouth mooring,147.5822,-19.5875,6703,2022-09-16,1.072,7.105
BUR13,Burdekin River mouth mooring,147.5822,-19.5875,6703,2022-09-17,1.001,6.808
BUR13,Burdekin River mouth mooring,147.5822,-19.5875,6703,2022-09-18,0.819,4.614
BUR13,Burdekin River mouth mooring,147.5822,-19.5875,6703,2022-09-19,0.708,3.474
BUR13,Burdekin River mouth mooring,147.5822,-19.5875,6703,2022-09-20,0.644,2.778
BUR13,Burdekin River mouth mooring,147.5822,-19.5875,6703,2022-09-21,0.764,3.925
BUR13,Burdekin River mouth mooring,147.5822,-19.5875,6703,2022-09-22,0.891,5.328
BUR13,Burdekin River mouth mooring,147.5822,-19.5875,6703,2022-09-23,1.017,5.561
BUR13,Burdekin River mouth mooring,147.5822,-19.5875,6703,2022-09-24,0.927,4.45
BUR13,Burdekin River mouth mooring,147.5822,-19.5875,6703,2022-09-25,0.836,4.015
BUR13,Burdekin River mouth mooring,147.5822,-19.5875,6703,2022-09-26,0.965,5.602
BUR13,Burdekin River mouth mooring,147.5822,-19.5875,6703,2022-09-27,0.972,5.5
BUR13,Burdekin River mouth mooring,147.5822,-19.5875,6703,2022-09-28,0.808,3.966
BUR13,Burdekin River mouth mooring,147.5822,-19.5875,6703,2022-09-29,0.97,4.816
BUR13,Burdekin River mouth mooring,147.5822,-19.5875,6703,2022-09-30,0.864,4.199
BUR13,Burdekin River mouth mooring,147.5822,-19.5875,6703,2022-10-01,0.846,4.958
BUR13,Burdekin River mouth mooring,147.5822,-19.5875,6703,2022-10-02,0.689,3.455
BUR13,Burdekin River mouth mooring,147.5822,-19.5875,6703,2022-10-03,0.631,4.847
BUR13,Burdekin River mouth mooring,147.5822,-19.5875,6703,2022-10-04,0.953,39.205
BUR13,Burdekin River mouth mooring,147.5822,-19.5875,6703,2022-10-05,0.932,33.121
BUR13,Burdekin River mouth mooring,147.5822,-19.5875,6703,2022-10-06,0.88,22.126
BUR13,Burdekin River mouth mooring,147.5822,-19.5875,6703,2022-10-07,0.968,23.139
BUR13,Burdekin River mouth mooring,147.5822,-19.5875,6703,2022-10-08,1.11,13.742
BUR13,Burdekin River mouth mooring,147.5822,-19.5875,6703,2022-10-09,1.078,8.723
BUR13,Burdekin River mouth mooring,147.5822,-19.5875,6703,2022-10-10,1.075,12.847
BUR13,Burdekin River mouth mooring,147.5822,-19.5875,6703,2022-10-11,1.23,21.668
BUR13,Burdekin River mouth mooring,147.5822,-19.5875,6703,2022-10-12,1.227,30.964
BUR13,Burdekin River mouth mooring,147.5822,-19.5875,6703,2022-10-13,0.997,18.158
BUR13,Burdekin River mouth mooring,147.5822,-19.5875,6703,2022-10-14,0.951,9.196
BUR13,Burdekin River mouth mooring,147.5822,-19.5875,6703,2022-10-15,0.63,5.122
BUR13,Burdekin River mouth mooring,147.5822,-19.5875,6703,2022-10-16,0.427,3.098
BUR13,Burdekin River mouth mooring,147.5822,-19.5875,6703,2022-10-17,0.446,2.404
BUR13,Burdekin River mouth mooring,147.5822,-19.5875,6703,2022-10-18,0.55,2.579
BUR13,Burdekin River mouth mooring,147.5822,-19.5875,6703,2022-10-19,0.583,3.127
BUR13,Burdekin River mouth mooring,147.5822,-19.5875,6703,2022-10-20,0.641,3.573
BUR13,Burdekin River mouth mooring,147.5822,-19.5875,6703,2022-10-21,0.728,6.9
BUR13,Burdekin River mouth mooring,147.5822,-19.5875,6703,2022-10-22,0.644,4.24
BUR13,Burdekin River mouth mooring,147.5822,-19.5875,6703,2022-10-23,0.528,3.886
BUR13,Burdekin River mouth mooring,147.5822,-19.5875,6703,2022-10-24,0.385,3.093
BUR13,Burdekin River mouth mooring,147.5822,-19.5875,6703,2022-10-25,0.352,3.236
BUR13,Burdekin River mouth mooring,147.5822,-19.5875,6703,2022-10-26,0.397,3.218
BUR13,Burdekin River mouth mooring,147.5822,-19.5875,1091,2022-10-27,0.359,5.16
BUR13,Burdekin River mouth mooring,147.5822,-19.5875,6703,2022-10-27,0.384,3.783
BUR13,Burdekin River mouth mooring,147.5822,-19.5875,1091,2022-10-28,0.348,4.725
BUR13,Burdekin River mouth mooring,147.5822,-19.5875,1091,2022-10-29,0.4,4.335
BUR13,Burdekin River mouth mooring,147.5822,-19.5875,1091,2022-10-30,0.346,3.983
BUR13,Burdekin River mouth mooring,147.5822,-19.5875,1091,2022-10-31,0.249,3.432
BUR13,Burdekin River mouth mooring,147.5822,-19.5875,1091,2022-11-01,0.348,3.513
BUR13,Burdekin River mouth mooring,147.5822,-19.5875,1091,2022-11-02,0.398,3.583
BUR13,Burdekin River mouth mooring,147.5822,-19.5875,1091,2022-11-03,0.427,3.679
BUR13,Burdekin River mouth mooring,147.5822,-19.5875,1091,2022-11-04,0.729,15.117
BUR13,Burdekin River mouth mooring,147.5822,-19.5875,1091,2022-11-05,0.879,21.508
BUR13,Burdekin River mouth mooring,147.5822,-19.5875,1091,2022-11-06,0.898,23.201
BUR13,Burdekin River mouth mooring,147.5822,-19.5875,1091,2022-11-07,0.936,18.296
BUR13,Burdekin River mouth mooring,147.5822,-19.5875,1091,2022-11-08,1.002,15.424
BUR13,Burdekin River mouth mooring,147.5822,-19.5875,1091,2022-11-09,0.974,13.238
BUR13,Burdekin River mouth mooring,147.5822,-19.5875,1091,2022-11-10,0.866,13.59
BUR13,Burdekin River mouth mooring,147.5822,-19.5875,1091,2022-11-11,0.914,9.548
BUR13,Burdekin River mouth mooring,147.5822,-19.5875,1091,2022-11-12,0.785,5.453
BUR13,Burdekin River mouth mooring,147.5822,-19.5875,1091,2022-11-13,0.498,3.679
BUR13,Burdekin River mouth mooring,147.5822,-19.5875,1091,2022-11-14,0.366,2.857
BUR13,Burdekin River mouth mooring,147.5822,-19.5875,1091,2022-11-15,0.45,2.45
BUR13,Burdekin River mouth mooring,147.5822,-19.5875,1091,2022-11-16,0.35,2.261
BUR13,Burdekin River mouth mooring,147.5822,-19.5875,1091,2022-11-17,0.289,3.225
BUR13,Burdekin River mouth mooring,147.5822,-19.5875,1091,2022-11-18,0.505,8.45
BUR13,Burdekin River mouth mooring,147.5822,-19.5875,1091,2022-11-19,0.519,4.541
BUR13,Burdekin River mouth mooring,147.5822,-19.5875,1091,2022-11-20,0.417,3.32
BUR13,Burdekin River mouth mooring,147.5822,-19.5875,1091,2022-11-21,0.362,2.649
BUR13,Burdekin River mouth mooring,147.5822,-19.5875,1091,2022-11-22,0.335,2.516
BUR13,Burdekin River mouth mooring,147.5822,-19.5875,1091,2022-11-23,0.661,5.631
BUR13,Burdekin River mouth mooring,147.5822,-19.5875,1091,2022-11-24,0.601,3.628
BUR13,Burdekin River mouth mooring,147.5822,-19.5875,1091,2022-11-25,0.703,7.702
BUR13,Burdekin River mouth mooring,147.5822,-19.5875,1091,2022-11-26,0.788,6.423
BUR13,Burdekin River mouth mooring,147.5822,-19.5875,1091,2022-11-27,0.641,3.223
BUR13,Burdekin River mouth mooring,147.5822,-19.5875,1091,2022-11-28,0.564,2.618
BUR13,Burdekin River mouth mooring,147.5822,-19.5875,1091,2022-11-29,0.453,2.341
BUR13,Burdekin River mouth mooring,147.5822,-19.5875,1091,2022-11-30,0.356,1.979
BUR13,Burdekin River mouth mooring,147.5822,-19.5875,1091,2022-12-01,0.558,2.441
BUR13,Burdekin River mouth mooring,147.5822,-19.5875,1091,2022-12-02,0.869,6.516
BUR13,Burdekin River mouth mooring,147.5822,-19.5875,1091,2022-12-03,0.857,14.65
BUR13,Burdekin River mouth mooring,147.5822,-19.5875,1091,2022-12-04,0.971,12.115
BUR13,Burdekin River mouth mooring,147.5822,-19.5875,1091,2022-12-05,0.963,7.55
BUR13,Burdekin River mouth mooring,147.5822,-19.5875,1091,2022-12-06,1.203,5.035
BUR13,Burdekin River mouth mooring,147.5822,-19.5875,1091,2022-12-07,0.786,4.038
BUR13,Burdekin River mouth mooring,147.5822,-19.5875,1091,2022-12-08,0.365,3.455
BUR13,Burdekin River mouth mooring,147.5822,-19.5875,1091,2022-12-09,0.345,3.339
BUR13,Burdekin River mouth mooring,147.5822,-19.5875,1091,2022-12-10,0.767,4.322
BUR13,Burdekin River mouth mooring,147.5822,-19.5875,1091,2022-12-11,1.511,4.2
BUR13,Burdekin River mouth mooring,147.5822,-19.5875,1091,2022-12-12,1.138,4.057
BUR13,Burdekin River mouth mooring,147.5822,-19.5875,1091,2022-12-13,0.779,3.477
BUR13,Burdekin River mouth mooring,147.5822,-19.5875,1091,2022-12-14,0.765,3.354
BUR13,Burdekin River mouth mooring,147.5822,-19.5875,1091,2022-12-15,0.458,3.117
BUR13,Burdekin River mouth mooring,147.5822,-19.5875,1091,2022-12-16,0.995,4.416
BUR13,Burdekin River mouth mooring,147.5822,-19.5875,1091,2022-12-17,1.059,10.094
BUR13,Burdekin River mouth mooring,147.5822,-19.5875,1091,2022-12-18,1.011,25.469
BUR13,Burdekin River mouth mooring,147.5822,-19.5875,1091,2022-12-19,0.929,23.08
BUR13,Burdekin River mouth mooring,147.5822,-19.5875,1091,2022-12-20,0.836,29.159
BUR13,Burdekin River mouth mooring,147.5822,-19.5875,1091,2022-12-21,0.864,24.926
BUR13,Burdekin River mouth mooring,147.5822,-19.5875,1091,2022-12-22,0.825,23.21
BUR13,Burdekin River mouth mooring,147.5822,-19.5875,1091,2022-12-23,0.868,13.467
BUR13,Burdekin River mouth mooring,147.5822,-19.5875,1091,2022-12-24,0.847,12.447
BUR13,Burdekin River mouth mooring,147.5822,-19.5875,1091,2022-12-25,0.836,14.435
BUR13,Burdekin River mouth mooring,147.5822,-19.5875,1091,2022-12-26,0.907,10.523
BUR13,Burdekin River mouth mooring,147.5822,-19.5875,1091,2022-12-27,1.059,13.898
BUR13,Burdekin River mouth mooring,147.5822,-19.5875,1091,2022-12-28,1.097,12.519
BUR13,Burdekin River mouth mooring,147.5822,-19.5875,1091,2022-12-29,1.009,7.285
BUR13,Burdekin River mouth mooring,147.5822,-19.5875,1091,2022-12-30,0.829,4.75
BUR13,Burdekin River mouth mooring,147.5822,-19.5875,1091,2022-12-31,0.776,3.918
BUR13,Burdekin River mouth mooring,147.5822,-19.5875,1091,2023-01-01,0.831,7.698
BUR13,Burdekin River mouth mooring,147.5822,-19.5875,1091,2023-01-02,1.005,11.439
BUR13,Burdekin River mouth mooring,147.5822,-19.5875,1091,2023-01-03,1.098,6.981
BUR13,Burdekin River mouth mooring,147.5822,-19.5875,1091,2023-01-04,1.031,4.344
BUR13,Burdekin River mouth mooring,147.5822,-19.5875,1091,2023-01-05,1.002,5.536
BUR13,Burdekin River mouth mooring,147.5822,-19.5875,1091,2023-01-06,1.201,20.017
BUR13,Burdekin River mouth mooring,147.5822,-19.5875,1091,2023-01-07,1.018,8.359
BUR13,Burdekin River mouth mooring,147.5822,-19.5875,1091,2023-01-08,1.151,6.015
BUR13,Burdekin River mouth mooring,147.5822,-19.5875,1091,2023-01-09,1.223,5.401
BUR13,Burdekin River mouth mooring,147.5822,-19.5875,1091,2023-01-10,0.877,4.218
BUR13,Burdekin River mouth mooring,147.5822,-19.5875,1091,2023-01-11,0.634,3.327
BUR13,Burdekin River mouth mooring,147.5822,-19.5875,1091,2023-01-12,0.593,3.989
BUR13,Burdekin River mouth mooring,147.5822,-19.5875,1091,2023-01-13,0.885,4.889
BUR13,Burdekin River mouth mooring,147.5822,-19.5875,1091,2023-01-14,0.856,15.667
BUR13,Burdekin River mouth mooring,147.5822,-19.5875,1091,2023-01-15,0.706,13.53
BUR13,Burdekin River mouth mooring,147.5822,-19.5875,1091,2023-01-16,0.821,9.957
BUR13,Burdekin River mouth mooring,147.5822,-19.5875,1091,2023-01-17,0.748,10.959
BUR13,Burdekin River mouth mooring,147.5822,-19.5875,1091,2023-01-18,0.964,27.473
BUR13,Burdekin River mouth mooring,147.5822,-19.5875,1091,2023-01-19,0.925,18.313
BUR13,Burdekin River mouth mooring,147.5822,-19.5875,1091,2023-01-20,0.961,19.359
BUR13,Burdekin River mouth mooring,147.5822,-19.5875,1091,2023-01-21,1.206,19.991
BUR13,Burdekin River mouth mooring,147.5822,-19.5875,1091,2023-01-22,1.008,19.761
BUR13,Burdekin River mouth mooring,147.5822,-19.5875,1091,2023-01-23,0.838,17.218
BUR13,Burdekin River mouth mooring,147.5822,-19.5875,1091,2023-01-24,0.921,16.591
BUR13,Burdekin River mouth mooring,147.5822,-19.5875,1091,2023-01-25,0.898,14.189
BUR13,Burdekin River mouth mooring,147.5822,-19.5875,1091,2023-01-26,0.95,12.967
BUR13,Burdekin River mouth mooring,147.5822,-19.5875,1091,2023-01-27,0.743,11.422
BUR13,Burdekin River mouth mooring,147.5822,-19.5875,1091,2023-01-28,0.873,11.279
BUR13,Burdekin River mouth mooring,147.5822,-19.5875,1091,2023-01-29,0.924,15.74
BUR13,Burdekin River mouth mooring,147.5822,-19.5875,1091,2023-01-30,0.824,10.269
BUR13,Burdekin River mouth mooring,147.5822,-19.5875,1091,2023-01-31,0.915,7.003
BUR13,Burdekin River mouth mooring,147.5822,-19.5875,1091,2023-02-01,0.7,9.605
BUR13,Burdekin River mouth mooring,147.5822,-19.5875,1091,2023-02-02,0.949,7.923
BUR13,Burdekin River mouth mooring,147.5822,-19.5875,1091,2023-02-03,1.222,7.761
BUR13,Burdekin River mouth mooring,147.5822,-19.5875,1091,2023-02-04,1.223,6.545
BUR13,Burdekin River mouth mooring,147.5822,-19.5875,1091,2023-02-05,0.976,11.019
BUR13,Burdekin River mouth mooring,147.5822,-19.5875,1091,2023-02-06,0.689,13.302
BUR13,Burdekin River mouth mooring,147.5822,-19.5875,1091,2023-02-07,0.673,15.415
BUR13,Burdekin River mouth mooring,147.5822,-19.5875,1091,2023-02-08,0.746,19.668
BUR13,Burdekin River mouth mooring,147.5822,-19.5875,1091,2023-02-09,0.725,15.178
BUR13,Burdekin River mouth mooring,147.5822,-19.5875,1091,2023-02-10,0.849,9.646
BUR13,Burdekin River mouth mooring,147.5822,-19.5875,1091,2023-02-11,0.89,7.022
BUR13,Burdekin River mouth mooring,147.5822,-19.5875,1091,2023-02-12,1.366,6.72
BUR13,Burdekin River mouth mooring,147.5822,-19.5875,1091,2023-02-13,1.745,6.353
BUR13,Burdekin River mouth mooring,147.5822,-19.5875,1091,2023-02-14,0.88,9.116
BUR13,Burdekin River mouth mooring,147.5822,-19.5875,1091,2023-02-15,0.914,10.934
BUR13,Burdekin River mouth mooring,147.5822,-19.5875,1091,2023-02-16,0.968,17.669
BUR13,Burdekin River mouth mooring,147.5822,-19.5875,1091,2023-02-17,1.188,20.985
BUR13,Burdekin River mouth mooring,147.5822,-19.5875,1091,2023-02-18,0.93,8.733
BUR13,Burdekin River mouth mooring,147.5822,-19.5875,1729,2023-02-18,1.175,10.621
BUR13,Burdekin River mouth mooring,147.5822,-19.5875,1729,2023-02-19,1.11,10.628
BUR13,Burdekin River mouth mooring,147.5822,-19.5875,1729,2023-02-20,1.464,15.264
BUR13,Burdekin River mouth mooring,147.5822,-19.5875,1729,2023-02-21,1.341,15.822
BUR13,Burdekin River mouth mooring,147.5822,-19.5875,1729,2023-02-22,1.351,14.566
BUR13,Burdekin River mouth mooring,147.5822,-19.5875,1729,2023-02-23,1.483,11.997
BUR13,Burdekin River mouth mooring,147.5822,-19.5875,1729,2023-02-24,1.678,14.59
BUR13,Burdekin River mouth mooring,147.5822,-19.5875,1729,2023-02-25,1.593,15.516
BUR13,Burdekin River mouth mooring,147.5822,-19.5875,1729,2023-02-26,1.459,12.605
BUR13,Burdekin River mouth mooring,147.5822,-19.5875,1729,2023-02-27,1.23,9.965
BUR13,Burdekin River mouth mooring,147.5822,-19.5875,1729,2023-02-28,1.427,7.003
BUR13,Burdekin River mouth mooring,147.5822,-19.5875,1729,2023-03-01,1.217,5.253
BUR13,Burdekin River mouth mooring,147.5822,-19.5875,1729,2023-03-02,1.17,3.649
BUR13,Burdekin River mouth mooring,147.5822,-19.5875,1729,2023-03-03,1.314,2.921
BUR13,Burdekin River mouth mooring,147.5822,-19.5875,1729,2023-03-04,0.984,2.892
BUR13,Burdekin River mouth mooring,147.5822,-19.5875,1729,2023-03-05,1.09,3.576
BUR13,Burdekin River mouth mooring,147.5822,-19.5875,1729,2023-03-06,1.108,6.286
BUR13,Burdekin River mouth mooring,147.5822,-19.5875,1729,2023-03-07,1.092,4.271
BUR13,Burdekin River mouth mooring,147.5822,-19.5875,1729,2023-03-08,1.124,3.711
BUR13,Burdekin River mouth mooring,147.5822,-19.5875,1729,2023-03-09,0.978,3.036
BUR13,Burdekin River mouth mooring,147.5822,-19.5875,1729,2023-03-10,1.236,4.572
BUR13,Burdekin River mouth mooring,147.5822,-19.5875,1729,2023-03-11,1.195,4.824
BUR13,Burdekin River mouth mooring,147.5822,-19.5875,1729,2023-03-12,1.013,2.883
BUR13,Burdekin River mouth mooring,147.5822,-19.5875,1729,2023-03-13,0.799,1.779
BUR13,Burdekin River mouth mooring,147.5822,-19.5875,1729,2023-03-14,0.583,1.192
BUR13,Burdekin River mouth mooring,147.5822,-19.5875,1729,2023-03-15,0.503,1.023
BUR13,Burdekin River mouth mooring,147.5822,-19.5875,1729,2023-03-16,0.619,1.247
BUR13,Burdekin River mouth mooring,147.5822,-19.5875,1729,2023-03-17,0.668,1.486
BUR13,Burdekin River mouth mooring,147.5822,-19.5875,1729,2023-03-18,1.091,7.474
BUR13,Burdekin River mouth mooring,147.5822,-19.5875,1729,2023-03-19,0.937,11.051
BUR13,Burdekin River mouth mooring,147.5822,-19.5875,1729,2023-03-20,0.974,11.857
BUR13,Burdekin River mouth mooring,147.5822,-19.5875,1729,2023-03-21,1.091,17.005
BUR13,Burdekin River mouth mooring,147.5822,-19.5875,1729,2023-03-22,1.083,13.889
BUR13,Burdekin River mouth mooring,147.5822,-19.5875,1729,2023-03-23,1.138,13.431
BUR13,Burdekin River mouth mooring,147.5822,-19.5875,1729,2023-03-24,1.216,9.433
BUR13,Burdekin River mouth mooring,147.5822,-19.5875,1729,2023-03-25,1.151,7.773
BUR13,Burdekin River mouth mooring,147.5822,-19.5875,1729,2023-03-26,1.12,5.949
BUR13,Burdekin River mouth mooring,147.5822,-19.5875,1729,2023-03-27,1.034,5.687
BUR13,Burdekin River mouth mooring,147.5822,-19.5875,1729,2023-03-28,1.007,4.185
BUR13,Burdekin River mouth mooring,147.5822,-19.5875,1729,2023-03-29,0.855,3.144
BUR13,Burdekin River mouth mooring,147.5822,-19.5875,1729,2023-03-30,0.979,2.667
BUR13,Burdekin River mouth mooring,147.5822,-19.5875,1729,2023-03-31,0.77,2.525
BUR13,Burdekin River mouth mooring,147.5822,-19.5875,1729,2023-04-01,0.483,2.054
BUR13,Burdekin River mouth mooring,147.5822,-19.5875,1729,2023-04-02,0.617,2.536
BUR13,Burdekin River mouth mooring,147.5822,-19.5875,1729,2023-04-03,1.036,7.415
BUR13,Burdekin River mouth mooring,147.5822,-19.5875,1729,2023-04-04,1.166,4.601
BUR13,Burdekin River mouth mooring,147.5822,-19.5875,1729,2023-04-05,0.998,3.514
BUR13,Burdekin River mouth mooring,147.5822,-19.5875,1729,2023-04-06,0.67,2.217
BUR13,Burdekin River mouth mooring,147.5822,-19.5875,1729,2023-04-07,0.569,2.293
BUR13,Burdekin River mouth mooring,147.5822,-19.5875,1729,2023-04-08,0.563,3.428
BUR13,Burdekin River mouth mooring,147.5822,-19.5875,1729,2023-04-09,0.629,2.829
BUR13,Burdekin River mouth mooring,147.5822,-19.5875,1729,2023-04-10,0.568,2.359
BUR13,Burdekin River mouth mooring,147.5822,-19.5875,1729,2023-04-11,0.717,2.875
BUR13,Burdekin River mouth mooring,147.5822,-19.5875,1729,2023-04-12,0.758,3.045
BUR13,Burdekin River mouth mooring,147.5822,-19.5875,1729,2023-04-13,0.952,3.262
BUR13,Burdekin River mouth mooring,147.5822,-19.5875,1729,2023-04-14,0.875,2.46
BUR13,Burdekin River mouth mooring,147.5822,-19.5875,1729,2023-04-15,1.1,3.227
BUR13,Burdekin River mouth mooring,147.5822,-19.5875,1729,2023-04-16,1.382,4.478
BUR13,Burdekin River mouth mooring,147.5822,-19.5875,1729,2023-04-17,1.453,4.296
BUR13,Burdekin River mouth mooring,147.5822,-19.5875,1729,2023-04-18,1.428,7.176
BUR13,Burdekin River mouth mooring,147.5822,-19.5875,1729,2023-04-19,1.555,6.525
BUR13,Burdekin River mouth mooring,147.5822,-19.5875,1729,2023-04-20,1.723,6.53
BUR13,Burdekin River mouth mooring,147.5822,-19.5875,1729,2023-04-21,1.668,9.947
BUR13,Burdekin River mouth mooring,147.5822,-19.5875,1729,2023-04-22,1.516,16.302
BUR13,Burdekin River mouth mooring,147.5822,-19.5875,1729,2023-04-23,1.458,28.2
BUR13,Burdekin River mouth mooring,147.5822,-19.5875,1729,2023-04-24,1.304,26.894
BUR13,Burdekin River mouth mooring,147.5822,-19.5875,1729,2023-04-25,1.27,29.957
BUR13,Burdekin River mouth mooring,147.5822,-19.5875,1729,2023-04-26,1.388,18.186
BUR13,Burdekin River mouth mooring,147.5822,-19.5875,1729,2023-04-27,1.487,15.286
BUR13,Burdekin River mouth mooring,147.5822,-19.5875,1729,2023-04-28,1.435,10.947
BUR13,Burdekin River mouth mooring,147.5822,-19.5875,1729,2023-04-29,1.308,6.563
BUR13,Burdekin River mouth mooring,147.5822,-19.5875,1729,2023-04-30,1.158,3.398
BUR13,Burdekin River mouth mooring,147.5822,-19.5875,1729,2023-05-01,1.295,4.597
BUR13,Burdekin River mouth mooring,147.5822,-19.5875,1729,2023-05-02,1.673,6.944
BUR13,Burdekin River mouth mooring,147.5822,-19.5875,1729,2023-05-03,1.685,11.882
BUR13,Burdekin River mouth mooring,147.5822,-19.5875,1729,2023-05-04,1.403,11.339
BUR13,Burdekin River mouth mooring,147.5822,-19.5875,1729,2023-05-05,1.352,11.337
BUR13,Burdekin River mouth mooring,147.5822,-19.5875,1729,2023-05-06,1.717,13.564
BUR13,Burdekin River mouth mooring,147.5822,-19.5875,1729,2023-05-07,1.568,9.802
BUR13,Burdekin River mouth mooring,147.5822,-19.5875,1729,2023-05-08,1.662,9.23
BUR13,Burdekin River mouth mooring,147.5822,-19.5875,1729,2023-05-09,1.532,9.485
BUR13,Burdekin River mouth mooring,147.5822,-19.5875,1729,2023-05-10,1.543,12.653
BUR13,Burdekin River mouth mooring,147.5822,-19.5875,1729,2023-05-11,1.678,10.416
BUR13,Burdekin River mouth mooring,147.5822,-19.5875,1729,2023-05-12,1.73,13.351
BUR13,Burdekin River mouth mooring,147.5822,-19.5875,1729,2023-05-13,1.774,17.191
BUR13,Burdekin River mouth mooring,147.5822,-19.5875,1729,2023-05-14,1.523,11.147
BUR13,Burdekin River mouth mooring,147.5822,-19.5875,1729,2023-05-15,1.418,9.021
BUR13,Burdekin River mouth mooring,147.5822,-19.5875,1729,2023-05-16,1.318,4.864
BUR13,Burdekin River mouth mooring,147.5822,-19.5875,1729,2023-05-17,1.4,8.025
BUR13,Burdekin River mouth mooring,147.5822,-19.5875,1729,2023-05-18,1.568,7.622
BUR13,Burdekin River mouth mooring,147.5822,-19.5875,1729,2023-05-19,1.605,5.559
BUR13,Burdekin River mouth mooring,147.5822,-19.5875,1729,2023-05-20,1.879,7.361
BUR13,Burdekin River mouth mooring,147.5822,-19.5875,1729,2023-05-21,2.186,7.343
BUR13,Burdekin River mouth mooring,147.5822,-19.5875,1729,2023-05-22,2.366,12.957
BUR13,Burdekin River mouth mooring,147.5822,-19.5875,1729,2023-05-23,1.892,11.308
BUR13,Burdekin River mouth mooring,147.5822,-19.5875,1729,2023-05-24,1.776,11.139
BUR13,Burdekin River mouth mooring,147.5822,-19.5875,1729,2023-05-25,1.626,11.688
BUR13,Burdekin River mouth mooring,147.5822,-19.5875,1729,2023-05-26,1.154,6.409
BUR13,Burdekin River mouth mooring,147.5822,-19.5875,1729,2023-05-27,1.181,4.15
BUR13,Burdekin River mouth mooring,147.5822,-19.5875,1729,2023-05-28,1.361,5.918
BUR13,Burdekin River mouth mooring,147.5822,-19.5875,1729,2023-05-29,1.494,4.916
BUR13,Burdekin River mouth mooring,147.5822,-19.5875,1729,2023-05-30,1.599,10.73
BUR13,Burdekin River mouth mooring,147.5822,-19.5875,1729,2023-05-31,1.482,11.158
BUR13,Burdekin River mouth mooring,147.5822,-19.5875,1729,2023-06-01,1.723,12.807
BUR13,Burdekin River mouth mooring,147.5822,-19.5875,1729,2023-06-02,1.694,10.201
BUR13,Burdekin River mouth mooring,147.5822,-19.5875,1729,2023-06-03,1.804,8.732
BUR13,Burdekin River mouth mooring,147.5822,-19.5875,1729,2023-06-04,1.785,11.384
BUR13,Burdekin River mouth mooring,147.5822,-19.5875,1729,2023-06-05,1.674,10.944
BUR13,Burdekin River mouth mooring,147.5822,-19.5875,1729,2023-06-06,1.789,13.481
BUR13,Burdekin River mouth mooring,147.5822,-19.5875,1729,2023-06-07,1.578,17.906
BUR13,Burdekin River mouth mooring,147.5822,-19.5875,1729,2023-06-08,1.654,10.823
BUR13,Burdekin River mouth mooring,147.5822,-19.5875,1729,2023-06-09,1.506,6.588
BUR13,Burdekin River mouth mooring,147.5822,-19.5875,1729,2023-06-10,1.486,12.566
BUR13,Burdekin River mouth mooring,147.5822,-19.5875,1729,2023-06-11,1.403,16.592
BUR13,Burdekin River mouth mooring,147.5822,-19.5875,1729,2023-06-12,1.4,9.754
BUR13,Burdekin River mouth mooring,147.5822,-19.5875,1729,2023-06-13,1.449,6.855
BUR13,Burdekin River mouth mooring,147.5822,-19.5875,1729,2023-06-14,1.293,4.332
BUR13,Burdekin River mouth mooring,147.5822,-19.5875,1729,2023-06-15,1.161,4.548
BUR13,Burdekin River mouth mooring,147.5822,-19.5875,6668,2023-06-15,0.837,4.51
BUR13,Burdekin River mouth mooring,147.5822,-19.5875,6668,2023-06-16,0.859,6.99
BUR13,Burdekin River mouth mooring,147.5822,-19.5875,6668,2023-06-17,0.888,14.587
BUR13,Burdekin River mouth mooring,147.5822,-19.5875,6668,2023-06-18,0.896,8.565
BUR13,Burdekin River mouth mooring,147.5822,-19.5875,6668,2023-06-19,0.973,5.061
BUR13,Burdekin River mouth mooring,147.5822,-19.5875,6668,2023-06-20,0.882,4.256
BUR13,Burdekin River mouth mooring,147.5822,-19.5875,6668,2023-06-21,0.939,10.53
BUR13,Burdekin River mouth mooring,147.5822,-19.5875,6668,2023-06-22,0.815,11.223
BUR13,Burdekin River mouth mooring,147.5822,-19.5875,6668,2023-06-23,0.68,4.931
BUR13,Burdekin River mouth mooring,147.5822,-19.5875,6668,2023-06-24,0.601,2.196
BUR13,Burdekin River mouth mooring,147.5822,-19.5875,6668,2023-06-25,0.681,1.772
BUR13,Burdekin River mouth mooring,147.5822,-19.5875,6668,2023-06-26,0.476,1.525
BUR13,Burdekin River mouth mooring,147.5822,-19.5875,6668,2023-06-27,0.432,1.53
BUR13,Burdekin River mouth mooring,147.5822,-19.5875,6668,2023-06-28,0.549,1.853
BUR13,Burdekin River mouth mooring,147.5822,-19.5875,6668,2023-06-29,0.611,2.516
BUR13,Burdekin River mouth mooring,147.5822,-19.5875,6668,2023-06-30,0.945,8.635
BUR13,Burdekin River mouth mooring,147.5822,-19.5875,6668,2023-07-01,1.045,12.465
BUR13,Burdekin River mouth mooring,147.5822,-19.5875,6668,2023-07-02,1.145,12.035
BUR13,Burdekin River mouth mooring,147.5822,-19.5875,6668,2023-07-03,1.066,26.683
BUR13,Burdekin River mouth mooring,147.5822,-19.5875,6668,2023-07-04,0.881,13.313
BUR13,Burdekin River mouth mooring,147.5822,-19.5875,6668,2023-07-05,0.955,10.706
BUR13,Burdekin River mouth mooring,147.5822,-19.5875,6668,2023-07-06,1.412,5.851
BUR13,Burdekin River mouth mooring,147.5822,-19.5875,6668,2023-07-07,1.498,4.934
BUR13,Burdekin River mouth mooring,147.5822,-19.5875,6668,2023-07-08,1.476,5.914
BUR13,Burdekin River mouth mooring,147.5822,-19.5875,6668,2023-07-09,1.372,13.118
BUR13,Burdekin River mouth mooring,147.5822,-19.5875,6668,2023-07-10,1.208,15.324
BUR13,Burdekin River mouth mooring,147.5822,-19.5875,6668,2023-07-11,0.955,14.856
BUR13,Burdekin River mouth mooring,147.5822,-19.5875,6668,2023-07-12,0.962,13.956
BUR13,Burdekin River mouth mooring,147.5822,-19.5875,6668,2023-07-13,0.782,19.309
BUR13,Burdekin River mouth mooring,147.5822,-19.5875,6668,2023-07-14,0.823,25.257
BUR13,Burdekin River mouth mooring,147.5822,-19.5875,6668,2023-07-15,1.047,20.15
BUR13,Burdekin River mouth mooring,147.5822,-19.5875,6668,2023-07-16,1.354,24.916
BUR13,Burdekin River mouth mooring,147.5822,-19.5875,6668,2023-07-17,1.342,18.147
BUR13,Burdekin River mouth mooring,147.5822,-19.5875,6668,2023-07-18,1.285,12.938
BUR13,Burdekin River mouth mooring,147.5822,-19.5875,6668,2023-07-19,1.283,14.14
BUR13,Burdekin River mouth mooring,147.5822,-19.5875,6668,2023-07-20,1.132,16.532
BUR13,Burdekin River mouth mooring,147.5822,-19.5875,6668,2023-07-21,0.997,10.087
BUR13,Burdekin River mouth mooring,147.5822,-19.5875,6668,2023-07-22,0.775,4.303
BUR13,Burdekin River mouth mooring,147.5822,-19.5875,6668,2023-07-23,0.672,2.799
BUR13,Burdekin River mouth mooring,147.5822,-19.5875,6668,2023-07-24,0.801,4.99
BUR13,Burdekin River mouth mooring,147.5822,-19.5875,6668,2023-07-25,0.914,8.592
BUR13,Burdekin River mouth mooring,147.5822,-19.5875,6668,2023-07-26,0.917,37.82
BUR13,Burdekin River mouth mooring,147.5822,-19.5875,6668,2023-07-27,0.915,16.901
BUR13,Burdekin River mouth mooring,147.5822,-19.5875,6668,2023-07-28,1.032,10.831
BUR13,Burdekin River mouth mooring,147.5822,-19.5875,6668,2023-07-29,1.091,7.686
BUR13,Burdekin River mouth mooring,147.5822,-19.5875,6668,2023-07-30,1.05,11.203
BUR13,Burdekin River mouth mooring,147.5822,-19.5875,6668,2023-07-31,1.002,9.277
BUR13,Burdekin River mouth mooring,147.5822,-19.5875,6668,2023-08-01,1.026,9.579
BUR13,Burdekin River mouth mooring,147.5822,-19.5875,6668,2023-08-02,0.97,15.929
BUR13,Burdekin River mouth mooring,147.5822,-19.5875,6668,2023-08-03,0.86,19.562
BUR13,Burdekin River mouth mooring,147.5822,-19.5875,6668,2023-08-04,0.783,22.705
BUR13,Burdekin River mouth mooring,147.5822,-19.5875,6668,2023-08-05,0.797,20.669
BUR13,Burdekin River mouth mooring,147.5822,-19.5875,6668,2023-08-06,0.969,20.128
BUR13,Burdekin River mouth mooring,147.5822,-19.5875,6668,2023-08-07,1.083,17.694
BUR13,Burdekin River mouth mooring,147.5822,-19.5875,6668,2023-08-08,1.132,14.174
BUR13,Burdekin River mouth mooring,147.5822,-19.5875,6668,2023-08-09,1.014,16.231
BUR13,Burdekin River mouth mooring,147.5822,-19.5875,6668,2023-08-10,0.958,15.778
BUR13,Burdekin River mouth mooring,147.5822,-19.5875,6668,2023-08-11,0.887,14.352
BUR13,Burdekin River mouth mooring,147.5822,-19.5875,6668,2023-08-12,0.952,9.629
BUR13,Burdekin River mouth mooring,147.5822,-19.5875,6668,2023-08-13,0.956,6.644
BUR13,Burdekin River mouth mooring,147.5822,-19.5875,6668,2023-08-14,0.751,5.048
BUR13,Burdekin River mouth mooring,147.5822,-19.5875,6668,2023-08-15,0.652,3.677
BUR13,Burdekin River mouth mooring,147.5822,-19.5875,6668,2023-08-16,0.593,2.62
BUR13,Burdekin River mouth mooring,147.5822,-19.5875,6668,2023-08-17,0.534,2.336
BUR13,Burdekin River mouth mooring,147.5822,-19.5875,6668,2023-08-18,0.393,2.634
BUR13,Burdekin River mouth mooring,147.5822,-19.5875,6668,2023-08-19,0.643,4.659
BUR13,Burdekin River mouth mooring,147.5822,-19.5875,6668,2023-08-20,0.898,9.367
BUR13,Burdekin River mouth mooring,147.5822,-19.5875,6668,2023-08-21,0.979,11.994
BUR13,Burdekin River mouth mooring,147.5822,-19.5875,6668,2023-08-22,0.926,9.338
BUR13,Burdekin River mouth mooring,147.5822,-19.5875,6668,2023-08-23,0.811,9.752
BUR13,Burdekin River mouth mooring,147.5822,-19.5875,6668,2023-08-24,0.766,13.354
BUR13,Burdekin River mouth mooring,147.5822,-19.5875,6668,2023-08-25,0.892,14.533
BUR13,Burdekin River mouth mooring,147.5822,-19.5875,6668,2023-08-26,0.877,24.706
BUR13,Burdekin River mouth mooring,147.5822,-19.5875,6668,2023-08-27,0.866,23.237
BUR13,Burdekin River mouth mooring,147.5822,-19.5875,6668,2023-08-28,0.883,16.433
BUR13,Burdekin River mouth mooring,147.5822,-19.5875,6668,2023-08-29,0.949,11.807
BUR13,Burdekin River mouth mooring,147.5822,-19.5875,6668,2023-08-30,0.877,9.074
BUR13,Burdekin River mouth mooring,147.5822,-19.5875,6668,2023-08-31,0.795,7.186
BUR13,Burdekin River mouth mooring,147.5822,-19.5875,6668,2023-09-01,0.729,5.59
BUR13,Burdekin River mouth mooring,147.5822,-19.5875,6668,2023-09-02,0.835,5.849
BUR13,Burdekin River mouth mooring,147.5822,-19.5875,6668,2023-09-03,0.783,4.442
BUR13,Burdekin River mouth mooring,147.5822,-19.5875,6668,2023-09-04,0.67,4.04
BUR13,Burdekin River mouth mooring,147.5822,-19.5875,6668,2023-09-05,0.573,3.165
BUR13,Burdekin River mouth mooring,147.5822,-19.5875,6668,2023-09-06,0.688,4.164
BUR13,Burdekin River mouth mooring,147.5822,-19.5875,6668,2023-09-07,0.875,8.891
BUR13,Burdekin River mouth mooring,147.5822,-19.5875,6668,2023-09-08,0.92,7.921
BUR13,Burdekin River mouth mooring,147.5822,-19.5875,6668,2023-09-09,0.964,8.963
BUR13,Burdekin River mouth mooring,147.5822,-19.5875,6668,2023-09-10,0.893,16.034
BUR13,Burdekin River mouth mooring,147.5822,-19.5875,6668,2023-09-11,0.936,38.631
BUR13,Burdekin River mouth mooring,147.5822,-19.5875,6668,2023-09-12,0.983,41.837
BUR13,Burdekin River mouth mooring,147.5822,-19.5875,6668,2023-09-13,0.963,44.296
BUR13,Burdekin River mouth mooring,147.5822,-19.5875,6668,2023-09-14,0.832,21.982
BUR13,Burdekin River mouth mooring,147.5822,-19.5875,6668,2023-09-15,0.82,23.582
BUR13,Burdekin River mouth mooring,147.5822,-19.5875,6668,2023-09-16,0.786,20.474
BUR13,Burdekin River mouth mooring,147.5822,-19.5875,6668,2023-09-17,0.767,17.886
BUR13,Burdekin River mouth mooring,147.5822,-19.5875,6668,2023-09-18,0.776,14.915
BUR13,Burdekin River mouth mooring,147.5822,-19.5875,6668,2023-09-19,0.805,9.933
BUR13,Burdekin River mouth mooring,147.5822,-19.5875,6668,2023-09-20,0.72,5.457
BUR13,Burdekin River mouth mooring,147.5822,-19.5875,6668,2023-09-21,0.574,2.591
BUR13,Burdekin River mouth mooring,147.5822,-19.5875,6668,2023-09-22,0.65,3.191
BUR13,Burdekin River mouth mooring,147.5822,-19.5875,6668,2023-09-23,0.916,30.424
BUR13,Burdekin River mouth mooring,147.5822,-19.5875,6668,2023-09-24,0.848,24.736
BUR13,Burdekin River mouth mooring,147.5822,-19.5875,6668,2023-09-25,0.899,20.605
BUR13,Burdekin River mouth mooring,147.5822,-19.5875,6668,2023-09-26,0.956,18.372
BUR13,Burdekin River mouth mooring,147.5822,-19.5875,6668,2023-09-27,0.998,13.735
BUR13,Burdekin River mouth mooring,147.5822,-19.5875,6668,2023-09-28,1.023,15.4
BUR13,Burdekin River mouth mooring,147.5822,-19.5875,6668,2023-09-29,0.923,19.833
BUR13,Burdekin River mouth mooring,147.5822,-19.5875,6668,2023-09-30,0.977,13.125
BUR13,Burdekin River mouth mooring,147.5822,-19.5875,6668,2023-10-01,1.067,9.184
BUR13,Burdekin River mouth mooring,147.5822,-19.5875,6668,2023-10-02,0.998,8.853
BUR13,Burdekin River mouth mooring,147.5822,-19.5875,6668,2023-10-03,0.966,7.706
BUR13,Burdekin River mouth mooring,147.5822,-19.5875,6668,2023-10-04,0.899,5.238
BUR13,Burdekin River mouth mooring,147.5822,-19.5875,6668,2023-10-05,0.65,2.23
BUR13,Burdekin River mouth mooring,147.5822,-19.5875,6668,2023-10-06,0.668,1.604
BUR13,Burdekin River mouth mooring,147.5822,-19.5875,6668,2023-10-07,0.803,12.034
BUR13,Burdekin River mouth mooring,147.5822,-19.5875,6668,2023-10-08,0.74,40.135
BUR13,Burdekin River mouth mooring,147.5822,-19.5875,6668,2023-10-09,0.831,27.991
BUR13,Burdekin River mouth mooring,147.5822,-19.5875,6668,2023-10-10,0.958,11.854
BUR13,Burdekin River mouth mooring,147.5822,-19.5875,6668,2023-10-11,0.966,11.781
BUR13,Burdekin River mouth mooring,147.5822,-19.5875,6668,2023-10-12,0.924,12.406
BUR13,Burdekin River mouth mooring,147.5822,-19.5875,6668,2023-10-13,0.854,8.208
BUR13,Burdekin River mouth mooring,147.5822,-19.5875,6668,2023-10-14,0.602,4.446
BUR13,Burdekin River mouth mooring,147.5822,-19.5875,6668,2023-10-15,0.611,3.699
BUR13,Burdekin River mouth mooring,147.5822,-19.5875,6668,2023-10-16,0.778,3.651
BUR13,Burdekin River mouth mooring,147.5822,-19.5875,6668,2023-10-17,0.71,2.899
BUR13,Burdekin River mouth mooring,147.5822,-19.5875,6668,2023-10-18,1.009,18.091
BUR13,Burdekin River mouth mooring,147.5822,-19.5875,6668,2023-10-19,0.97,16.325
BUR13,Burdekin River mouth mooring,147.5822,-19.5875,6668,2023-10-20,1.005,10.954
Fitzroy,Fitzroy West,145.9963,-16.9232,826,2015-08-05,0.278,0.77
Fitzroy,Fitzroy West,145.9963,-16.9232,826,2015-08-06,0.261,0.792
Fitzroy,Fitzroy West,145.9963,-16.9232,826,2015-08-07,0.154,0.43
Fitzroy,Fitzroy West,145.9963,-16.9232,826,2015-08-08,0.147,0.36
Fitzroy,Fitzroy West,145.9963,-16.9232,826,2015-08-09,0.15,0.384
Fitzroy,Fitzroy West,145.9963,-16.9232,826,2015-08-10,0.118,0.312
Fitzroy,Fitzroy West,145.9963,-16.9232,826,2015-08-11,0.101,0.28
Fitzroy,Fitzroy West,145.9963,-16.9232,826,2015-08-12,0.118,0.274
Fitzroy,Fitzroy West,145.9963,-16.9232,826,2015-08-13,0.134,0.464
Fitzroy,Fitzroy West,145.9963,-16.9232,826,2015-08-14,0.174,0.439
Fitzroy,Fitzroy West,145.9963,-16.9232,826,2015-08-15,0.211,0.492
Fitzroy,Fitzroy West,145.9963,-16.9232,826,2015-08-16,0.167,0.716
Fitzroy,Fitzroy West,145.9963,-16.9232,826,2015-08-17,0.155,0.649
Fitzroy,Fitzroy West,145.9963,-16.9232,826,2015-08-18,0.159,0.506
Fitzroy,Fitzroy West,145.9963,-16.9232,826,2015-08-19,0.129,0.427
Fitzroy,Fitzroy West,145.9963,-16.9232,826,2015-08-20,0.112,0.411
Fitzroy,Fitzroy West,145.9963,-16.9232,826,2015-08-21,0.186,0.533
Fitzroy,Fitzroy West,145.9963,-16.9232,826,2015-08-22,0.136,0.46
Fitzroy,Fitzroy West,145.9963,-16.9232,826,2015-08-23,0.126,0.553
Fitzroy,Fitzroy West,145.9963,-16.9232,826,2015-08-24,0.083,0.407
Fitzroy,Fitzroy West,145.9963,-16.9232,826,2015-08-25,0.099,0.439
Fitzroy,Fitzroy West,145.9963,-16.9232,826,2015-08-26,0.096,0.429
Fitzroy,Fitzroy West,145.9963,-16.9232,826,2015-08-27,0.094,0.478
Fitzroy,Fitzroy West,145.9963,-16.9232,826,2015-08-28,0.095,0.586
Fitzroy,Fitzroy West,145.9963,-16.9232,826,2015-08-29,0.095,0.391
Fitzroy,Fitzroy West,145.9963,-16.9232,826,2015-08-30,0.09,0.344
Fitzroy,Fitzroy West,145.9963,-16.9232,826,2015-08-31,0.115,0.411
Fitzroy,Fitzroy West,145.9963,-16.9232,826,2015-09-01,0.146,0.502
Fitzroy,Fitzroy West,145.9963,-16.9232,826,2015-09-02,0.159,0.631
Fitzroy,Fitzroy West,145.9963,-16.9232,826,2015-09-03,0.194,0.712
Fitzroy,Fitzroy West,145.9963,-16.9232,826,2015-09-04,0.166,0.593
Fitzroy,Fitzroy West,145.9963,-16.9232,826,2015-09-05,0.134,0.348
Fitzroy,Fitzroy West,145.9963,-16.9232,826,2015-09-06,0.125,0.334
Fitzroy,Fitzroy West,145.9963,-16.9232,826,2015-09-07,0.171,0.45
Fitzroy,Fitzroy West,145.9963,-16.9232,826,2015-09-08,0.185,0.553
Fitzroy,Fitzroy West,145.9963,-16.9232,826,2015-09-09,0.18,0.579
Fitzroy,Fitzroy West,145.9963,-16.9232,826,2015-09-10,0.197,0.582
Fitzroy,Fitzroy West,145.9963,-16.9232,826,2015-09-11,0.191,0.804
Fitzroy,Fitzroy West,145.9963,-16.9232,826,2015-09-12,0.189,0.974
Fitzroy,Fitzroy West,145.9963,-16.9232,826,2015-09-13,0.194,0.702
Fitzroy,Fitzroy West,145.9963,-16.9232,826,2015-09-14,0.166,0.755
Fitzroy,Fitzroy West,145.9963,-16.9232,826,2015-09-15,0.178,0.751
Fitzroy,Fitzroy West,145.9963,-16.9232,826,2015-09-16,0.162,0.725
Fitzroy,Fitzroy West,145.9963,-16.9232,826,2015-09-17,0.169,0.553
Fitzroy,Fitzroy West,145.9963,-16.9232,826,2015-09-18,0.19,0.471
Fitzroy,Fitzroy West,145.9963,-16.9232,826,2015-09-19,0.191,0.477
Fitzroy,Fitzroy West,145.9963,-16.9232,826,2015-09-20,0.182,0.428
Fitzroy,Fitzroy West,145.9963,-16.9232,826,2015-09-21,0.196,0.444
Fitzroy,Fitzroy West,145.9963,-16.9232,826,2015-09-22,0.264,0.48
Fitzroy,Fitzroy West,145.9963,-16.9232,826,2015-09-23,0.24,0.425
Fitzroy,Fitzroy West,145.9963,-16.9232,826,2015-09-24,0.177,0.452
Fitzroy,Fitzroy West,145.9963,-16.9232,826,2015-09-25,0.193,0.541
Fitzroy,Fitzroy West,145.9963,-16.9232,826,2015-09-26,0.236,0.621
Fitzroy,Fitzroy West,145.9963,-16.9232,826,2015-09-27,0.228,0.705
Fitzroy,Fitzroy West,145.9963,-16.9232,826,2015-09-28,0.249,0.521
Fitzroy,Fitzroy West,145.9963,-16.9232,826,2015-09-29,0.241,0.547
Fitzroy,Fitzroy West,145.9963,-16.9232,826,2015-09-30,0.243,0.487
Fitzroy,Fitzroy West,145.9963,-16.9232,826,2015-10-01,0.238,0.511
Fitzroy,Fitzroy West,145.9963,-16.9232,826,2015-10-02,0.25,0.803
Fitzroy,Fitzroy West,145.9963,-16.9232,826,2015-10-03,0.278,1.322
Fitzroy,Fitzroy West,145.9963,-16.9232,826,2015-10-04,0.165,1.172
Fitzroy,Fitzroy West,145.9963,-16.9232,826,2015-10-05,0.162,0.92
Fitzroy,Fitzroy West,145.9963,-16.9232,826,2015-10-06,0.177,1.101
Fitzroy,Fitzroy West,145.9963,-16.9232,826,2015-10-07,0.186,0.916
Fitzroy,Fitzroy West,145.9963,-16.9232,826,2015-10-08,0.188,0.95
Fitzroy,Fitzroy West,145.9963,-16.9232,826,2015-10-09,0.222,1.051
Fitzroy,Fitzroy West,145.9963,-16.9232,826,2015-10-10,0.228,0.996
Fitzroy,Fitzroy West,145.9963,-16.9232,826,2015-10-11,0.306,1.315
Fitzroy,Fitzroy West,145.9963,-16.9232,826,2015-10-12,0.293,1.364
Fitzroy,Fitzroy West,145.9963,-16.9232,826,2015-10-13,0.208,0.653
Fitzroy,Fitzroy West,145.9963,-16.9232,826,2015-10-14,0.165,0.402
Fitzroy,Fitzroy West,145.9963,-16.9232,826,2015-10-15,0.194,0.49
Fitzroy,Fitzroy West,145.9963,-16.9232,826,2015-10-16,0.242,0.67
Fitzroy,Fitzroy West,145.9963,-16.9232,826,2015-10-17,0.22,0.637
Fitzroy,Fitzroy West,145.9963,-16.9232,826,2015-10-18,0.215,0.581
Fitzroy,Fitzroy West,145.9963,-16.9232,826,2015-10-19,0.22,0.589
Fitzroy,Fitzroy West,145.9963,-16.9232,826,2015-10-20,0.218,0.507
Fitzroy,Fitzroy West,145.9963,-16.9232,826,2015-10-21,0.252,0.635
Fitzroy,Fitzroy West,145.9963,-16.9232,817,2015-10-22,0.194,0.748
Fitzroy,Fitzroy West,145.9963,-16.9232,826,2015-10-22,0.242,0.411
Fitzroy,Fitzroy West,145.9963,-16.9232,817,2015-10-23,0.186,0.699
Fitzroy,Fitzroy West,145.9963,-16.9232,817,2015-10-24,0.203,0.949
Fitzroy,Fitzroy West,145.9963,-16.9232,817,2015-10-25,0.195,1.044
Fitzroy,Fitzroy West,145.9963,-16.9232,817,2015-10-26,0.173,1.559
Fitzroy,Fitzroy West,145.9963,-16.9232,817,2015-10-27,0.194,1.26
Fitzroy,Fitzroy West,145.9963,-16.9232,817,2015-10-28,0.161,0.83
Fitzroy,Fitzroy West,145.9963,-16.9232,817,2015-10-29,0.137,0.786
Fitzroy,Fitzroy West,145.9963,-16.9232,817,2015-10-30,0.146,0.82
Fitzroy,Fitzroy West,145.9963,-16.9232,817,2015-10-31,0.14,0.826
Fitzroy,Fitzroy West,145.9963,-16.9232,817,2015-11-01,0.151,1.107
Fitzroy,Fitzroy West,145.9963,-16.9232,817,2015-11-02,0.162,0.962
Fitzroy,Fitzroy West,145.9963,-16.9232,817,2015-11-03,0.147,0.702
Fitzroy,Fitzroy West,145.9963,-16.9232,817,2015-11-04,0.134,0.614
Fitzroy,Fitzroy West,145.9963,-16.9232,817,2015-11-05,0.156,0.772
Fitzroy,Fitzroy West,145.9963,-16.9232,817,2015-11-06,0.188,0.799
Fitzroy,Fitzroy West,145.9963,-16.9232,817,2015-11-07,0.191,0.704
Fitzroy,Fitzroy West,145.9963,-16.9232,817,2015-11-08,0.226,0.874
Fitzroy,Fitzroy West,145.9963,-16.9232,817,2015-11-09,0.253,1.104
Fitzroy,Fitzroy West,145.9963,-16.9232,817,2015-11-10,0.273,0.921
Fitzroy,Fitzroy West,145.9963,-16.9232,817,2015-11-11,0.241,0.803
Fitzroy,Fitzroy West,145.9963,-16.9232,817,2015-11-12,0.229,0.731
Fitzroy,Fitzroy West,145.9963,-16.9232,817,2015-11-13,0.21,0.612
Fitzroy,Fitzroy West,145.9963,-16.9232,817,2015-11-14,0.167,0.63
Fitzroy,Fitzroy West,145.9963,-16.9232,817,2015-11-15,0.152,0.65
Fitzroy,Fitzroy West,145.9963,-16.9232,817,2015-11-16,0.261,1.015
Fitzroy,Fitzroy West,145.9963,-16.9232,817,2015-11-17,0.226,0.882
Fitzroy,Fitzroy West,145.9963,-16.9232,817,2015-11-18,0.248,0.91
Fitzroy,Fitzroy West,145.9963,-16.9232,817,2015-11-19,0.208,0.742
Fitzroy,Fitzroy West,145.9963,-16.9232,817,2015-11-20,0.254,0.989
Fitzroy,Fitzroy West,145.9963,-16.9232,817,2015-11-21,0.227,0.884
Fitzroy,Fitzroy West,145.9963,-16.9232,817,2015-11-22,0.232,0.855
Fitzroy,Fitzroy West,145.9963,-16.9232,817,2015-11-23,0.208,0.742
Fitzroy,Fitzroy West,145.9963,-16.9232,817,2015-11-24,0.18,0.697
Fitzroy,Fitzroy West,145.9963,-16.9232,817,2015-11-25,0.199,0.659
Fitzroy,Fitzroy West,145.9963,-16.9232,817,2015-11-26,0.181,0.616
Fitzroy,Fitzroy West,145.9963,-16.9232,817,2015-11-27,0.17,0.622
Fitzroy,Fitzroy West,145.9963,-16.9232,817,2015-11-28,0.22,2.607
Fitzroy,Fitzroy West,145.9963,-16.9232,817,2015-11-29,0.378,5.124
Fitzroy,Fitzroy West,145.9963,-16.9232,817,2015-11-30,0.15,0.52
Fitzroy,Fitzroy West,145.9963,-16.9232,817,2015-12-01,0.176,0.711
Fitzroy,Fitzroy West,145.9963,-16.9232,817,2015-12-02,0.16,0.586
Fitzroy,Fitzroy West,145.9963,-16.9232,817,2015-12-03,0.17,0.626
Fitzroy,Fitzroy West,145.9963,-16.9232,817,2015-12-04,0.206,0.718
Fitzroy,Fitzroy West,145.9963,-16.9232,817,2015-12-05,0.246,0.629
Fitzroy,Fitzroy West,145.9963,-16.9232,817,2015-12-06,0.231,0.58
Fitzroy,Fitzroy West,145.9963,-16.9232,817,2015-12-07,0.264,0.786
Fitzroy,Fitzroy West,145.9963,-16.9232,817,2015-12-08,0.285,0.596
Fitzroy,Fitzroy West,145.9963,-16.9232,817,2015-12-09,0.281,0.654
Fitzroy,Fitzroy West,145.9963,-16.9232,817,2015-12-10,0.265,0.744
Fitzroy,Fitzroy West,145.9963,-16.9232,817,2015-12-11,0.203,0.685
Fitzroy,Fitzroy West,145.9963,-16.9232,817,2015-12-12,0.165,0.605
Fitzroy,Fitzroy West,145.9963,-16.9232,817,2015-12-13,0.213,1.146
Fitzroy,Fitzroy West,145.9963,-16.9232,817,2015-12-14,0.227,0.742
Fitzroy,Fitzroy West,145.9963,-16.9232,817,2015-12-15,0.218,0.729
Fitzroy,Fitzroy West,145.9963,-16.9232,817,2015-12-16,0.23,0.758
Fitzroy,Fitzroy West,145.9963,-16.9232,817,2015-12-17,0.262,0.62
Fitzroy,Fitzroy West,145.9963,-16.9232,817,2015-12-18,0.33,0.643
Fitzroy,Fitzroy West,145.9963,-16.9232,817,2015-12-19,0.407,0.673
Fitzroy,Fitzroy West,145.9963,-16.9232,817,2015-12-20,0.304,0.82
Fitzroy,Fitzroy West,145.9963,-16.9232,817,2015-12-21,0.305,0.888
Fitzroy,Fitzroy West,145.9963,-16.9232,817,2015-12-22,0.272,0.804
Fitzroy,Fitzroy West,145.9963,-16.9232,817,2015-12-23,0.233,1.085
Fitzroy,Fitzroy West,145.9963,-16.9232,817,2015-12-24,0.286,1.02
Fitzroy,Fitzroy West,145.9963,-16.9232,817,2015-12-25,0.357,0.824
Fitzroy,Fitzroy West,145.9963,-16.9232,817,2015-12-26,0.282,0.705
Fitzroy,Fitzroy West,145.9963,-16.9232,817,2015-12-27,0.275,0.66
Fitzroy,Fitzroy West,145.9963,-16.9232,817,2015-12-28,0.298,0.613
Fitzroy,Fitzroy West,145.9963,-16.9232,817,2015-12-29,0.442,0.77
Fitzroy,Fitzroy West,145.9963,-16.9232,817,2015-12-30,0.479,1.581
Fitzroy,Fitzroy West,145.9963,-16.9232,817,2015-12-31,0.553,1.026
Fitzroy,Fitzroy West,145.9963,-16.9232,817,2016-01-01,0.56,0.914
Fitzroy,Fitzroy West,145.9963,-16.9232,817,2016-01-02,0.428,0.899
Fitzroy,Fitzroy West,145.9963,-16.9232,817,2016-01-03,0.421,0.973
Fitzroy,Fitzroy West,145.9963,-16.9232,817,2016-01-04,0.457,0.887
Fitzroy,Fitzroy West,145.9963,-16.9232,817,2016-01-05,0.362,0.859
Fitzroy,Fitzroy West,145.9963,-16.9232,817,2016-01-06,0.287,0.901
Fitzroy,Fitzroy West,145.9963,-16.9232,817,2016-01-07,0.295,0.851
Fitzroy,Fitzroy West,145.9963,-16.9232,817,2016-01-08,0.243,0.687
Fitzroy,Fitzroy West,145.9963,-16.9232,817,2016-01-09,0.245,0.531
Fitzroy,Fitzroy West,145.9963,-16.9232,817,2016-01-10,0.302,0.76
Fitzroy,Fitzroy West,145.9963,-16.9232,817,2016-01-11,0.27,0.576
Fitzroy,Fitzroy West,145.9963,-16.9232,817,2016-01-12,0.289,0.66
Fitzroy,Fitzroy West,145.9963,-16.9232,817,2016-01-13,0.292,0.595
Fitzroy,Fitzroy West,145.9963,-16.9232,817,2016-01-14,0.298,0.625
Fitzroy,Fitzroy West,145.9963,-16.9232,817,2016-01-15,0.347,0.742
Fitzroy,Fitzroy West,145.9963,-16.9232,817,2016-01-16,0.305,0.589
Fitzroy,Fitzroy West,145.9963,-16.9232,817,2016-01-17,0.306,0.58
Fitzroy,Fitzroy West,145.9963,-16.9232,817,2016-01-18,0.345,0.695
Fitzroy,Fitzroy West,145.9963,-16.9232,817,2016-01-19,0.415,0.722
Fitzroy,Fitzroy West,145.9963,-16.9232,817,2016-01-20,0.415,1.125
Fitzroy,Fitzroy West,145.9963,-16.9232,817,2016-01-21,0.515,1.012
Fitzroy,Fitzroy West,145.9963,-16.9232,817,2016-01-22,0.513,0.978
Fitzroy,Fitzroy West,145.9963,-16.9232,817,2016-01-23,0.427,0.859
Fitzroy,Fitzroy West,145.9963,-16.9232,817,2016-01-24,0.318,0.706
Fitzroy,Fitzroy West,145.9963,-16.9232,817,2016-01-25,0.385,1.209
Fitzroy,Fitzroy West,145.9963,-16.9232,817,2016-01-26,0.405,0.975
Fitzroy,Fitzroy West,145.9963,-16.9232,817,2016-01-27,0.362,0.817
Fitzroy,Fitzroy West,145.9963,-16.9232,817,2016-01-28,0.323,0.756
Fitzroy,Fitzroy West,145.9963,-16.9232,817,2016-01-29,0.345,0.712
Fitzroy,Fitzroy West,145.9963,-16.9232,817,2016-01-30,0.386,0.827
Fitzroy,Fitzroy West,145.9963,-16.9232,817,2016-01-31,0.486,2.521
Fitzroy,Fitzroy West,145.9963,-16.9232,817,2016-02-01,0.501,1.397
Fitzroy,Fitzroy West,145.9963,-16.9232,817,2016-02-02,0.42,0.884
Fitzroy,Fitzroy West,145.9963,-16.9232,817,2016-02-03,0.436,0.855
Fitzroy,Fitzroy West,145.9963,-16.9232,817,2016-02-04,0.843,2.214
Fitzroy,Fitzroy West,145.9963,-16.9232,817,2016-02-05,0.962,3.93
Fitzroy,Fitzroy West,145.9963,-16.9232,817,2016-02-06,0.398,0.746
Fitzroy,Fitzroy West,145.9963,-16.9232,817,2016-02-07,0.376,0.633
Fitzroy,Fitzroy West,145.9963,-16.9232,817,2016-02-08,0.397,0.632
Fitzroy,Fitzroy West,145.9963,-16.9232,817,2016-02-09,0.429,0.767
Fitzroy,Fitzroy West,145.9963,-16.9232,817,2016-02-10,0.627,2.727
Fitzroy,Fitzroy West,145.9963,-16.9232,817,2016-02-11,0.534,1.14
Fitzroy,Fitzroy West,145.9963,-16.9232,817,2016-02-12,0.559,0.915
Fitzroy,Fitzroy West,145.9963,-16.9232,817,2016-02-13,0.465,0.743
Fitzroy,Fitzroy West,145.9963,-16.9232,817,2016-02-14,0.449,0.777
Fitzroy,Fitzroy West,145.9963,-16.9232,817,2016-02-15,0.585,1.23
Fitzroy,Fitzroy West,145.9963,-16.9232,817,2016-02-16,0.38,0.647
Fitzroy,Fitzroy West,145.9963,-16.9232,817,2016-02-17,0.392,0.675
Fitzroy,Fitzroy West,145.9963,-16.9232,817,2016-02-18,0.441,0.77
Fitzroy,Fitzroy West,145.9963,-16.9232,817,2016-02-19,0.478,0.743
Fitzroy,Fitzroy West,145.9963,-16.9232,817,2016-02-20,0.382,0.746
Fitzroy,Fitzroy West,145.9963,-16.9232,817,2016-02-21,0.359,0.635
Fitzroy,Fitzroy West,145.9963,-16.9232,817,2016-02-22,0.416,0.741
Fitzroy,Fitzroy West,145.9963,-16.9232,817,2016-02-23,0.455,1.011
Fitzroy,Fitzroy West,145.9963,-16.9232,817,2016-02-24,0.483,1.128
Fitzroy,Fitzroy West,145.9963,-16.9232,817,2016-02-25,0.534,0.961
Fitzroy,Fitzroy West,145.9963,-16.9232,817,2016-02-26,0.649,1.049
Fitzroy,Fitzroy West,145.9963,-16.9232,817,2016-02-27,0.476,0.915
Fitzroy,Fitzroy West,145.9963,-16.9232,817,2016-02-28,0.502,0.981
Fitzroy,Fitzroy West,145.9963,-16.9232,817,2016-02-29,0.49,0.86
Fitzroy,Fitzroy West,145.9963,-16.9232,817,2016-03-01,0.677,1.017
Fitzroy,Fitzroy West,145.9963,-16.9232,817,2016-03-02,0.578,0.771
Fitzroy,Fitzroy West,145.9963,-16.9232,817,2016-03-03,1.921,2.969
Fitzroy,Fitzroy West,145.9963,-16.9232,817,2016-03-04,0.772,1.723
Fitzroy,Fitzroy West,145.9963,-16.9232,817,2016-03-05,0.782,2.933
Fitzroy,Fitzroy West,145.9963,-16.9232,817,2016-03-06,0.756,6.828
Fitzroy,Fitzroy West,145.9963,-16.9232,817,2016-03-07,0.694,8.793
Fitzroy,Fitzroy West,145.9963,-16.9232,817,2016-03-08,0.755,8.393
Fitzroy,Fitzroy West,145.9963,-16.9232,817,2016-03-09,0.769,6.11
Fitzroy,Fitzroy West,145.9963,-16.9232,817,2016-03-10,0.724,3.896
Fitzroy,Fitzroy West,145.9963,-16.9232,817,2016-03-11,0.717,5.694
Fitzroy,Fitzroy West,145.9963,-16.9232,817,2016-03-12,0.752,3.3
Fitzroy,Fitzroy West,145.9963,-16.9232,817,2016-03-13,0.91,2.509
Fitzroy,Fitzroy West,145.9963,-16.9232,817,2016-03-14,1.025,3.406
Fitzroy,Fitzroy West,145.9963,-16.9232,817,2016-03-15,1.0,3.913
Fitzroy,Fitzroy West,145.9963,-16.9232,817,2016-03-16,0.945,2.859
Fitzroy,Fitzroy West,145.9963,-16.9232,817,2016-03-17,0.834,5.835
Fitzroy,Fitzroy West,145.9963,-16.9232,817,2016-03-18,0.854,17.315
Fitzroy,Fitzroy West,145.9963,-16.9232,817,2016-03-19,1.054,9.02
Fitzroy,Fitzroy West,145.9963,-16.9232,817,2016-03-20,0.969,3.535
Fitzroy,Fitzroy West,145.9963,-16.9232,817,2016-03-21,0.627,1.907
Fitzroy,Fitzroy West,145.9963,-16.9232,817,2016-03-22,0.567,9.276
Fitzroy,Fitzroy West,145.9963,-16.9232,817,2016-03-23,0.61,3.259
Fitzroy,Fitzroy West,145.9963,-16.9232,817,2016-03-24,0.561,2.799
Fitzroy,Fitzroy West,145.9963,-16.9232,817,2016-03-25,0.664,3.109
Fitzroy,Fitzroy West,145.9963,-16.9232,817,2016-03-26,0.664,1.845
Fitzroy,Fitzroy West,145.9963,-16.9232,817,2016-03-27,0.693,1.119
Fitzroy,Fitzroy West,145.9963,-16.9232,817,2016-03-28,0.676,3.268
Fitzroy,Fitzroy West,145.9963,-16.9232,817,2016-03-29,0.597,3.627
Fitzroy,Fitzroy West,145.9963,-16.9232,817,2016-03-30,0.66,0.699
Fitzroy,Fitzroy West,145.9963,-16.9232,826,2016-03-31,0.32,0.42
Fitzroy,Fitzroy West,145.9963,-16.9232,817,2016-03-31,0.613,0.615
Fitzroy,Fitzroy West,145.9963,-16.9232,826,2016-04-01,0.292,0.337
Fitzroy,Fitzroy West,145.9963,-16.9232,826,2016-04-02,0.366,0.646
Fitzroy,Fitzroy West,145.9963,-16.9232,826,2016-04-03,0.351,0.643
Fitzroy,Fitzroy West,145.9963,-16.9232,826,2016-04-04,0.345,0.721
Fitzroy,Fitzroy West,145.9963,-16.9232,826,2016-04-05,0.302,0.599
Fitzroy,Fitzroy West,145.9963,-16.9232,826,2016-04-06,0.335,0.556
Fitzroy,Fitzroy West,145.9963,-16.9232,826,2016-04-07,0.385,0.598
Fitzroy,Fitzroy West,145.9963,-16.9232,826,2016-04-08,0.385,0.68
Fitzroy,Fitzroy West,145.9963,-16.9232,826,2016-04-09,0.385,0.574
Fitzroy,Fitzroy West,145.9963,-16.9232,826,2016-04-10,0.408,0.677
Fitzroy,Fitzroy West,145.9963,-16.9232,826,2016-04-11,0.435,0.709
Fitzroy,Fitzroy West,145.9963,-16.9232,826,2016-04-12,0.61,0.907
Fitzroy,Fitzroy West,145.9963,-16.9232,826,2016-04-13,0.469,0.582
Fitzroy,Fitzroy West,145.9963,-16.9232,826,2016-04-14,0.46,0.809
Fitzroy,Fitzroy West,145.9963,-16.9232,826,2016-04-15,0.456,1.214
Fitzroy,Fitzroy West,145.9963,-16.9232,826,2016-04-16,0.492,2.202
Fitzroy,Fitzroy West,145.9963,-16.9232,826,2016-04-17,0.505,1.141
Fitzroy,Fitzroy West,145.9963,-16.9232,826,2016-04-18,0.558,0.853
Fitzroy,Fitzroy West,145.9963,-16.9232,826,2016-04-19,0.504,0.994
Fitzroy,Fitzroy West,145.9963,-16.9232,826,2016-04-20,0.417,1.159
Fitzroy,Fitzroy West,145.9963,-16.9232,826,2016-04-21,0.315,0.954
Fitzroy,Fitzroy West,145.9963,-16.9232,826,2016-04-22,0.308,0.825
Fitzroy,Fitzroy West,145.9963,-16.9232,826,2016-04-23,0.329,0.779
Fitzroy,Fitzroy West,145.9963,-16.9232,826,2016-04-24,0.353,1.039
Fitzroy,Fitzroy West,145.9963,-16.9232,826,2016-04-25,0.37,1.769
Fitzroy,Fitzroy West,145.9963,-16.9232,826,2016-04-26,0.337,1.341
Fitzroy,Fitzroy West,145.9963,-16.9232,826,2016-04-27,0.369,1.056
Fitzroy,Fitzroy West,145.9963,-16.9232,826,2016-04-28,0.395,1.247
Fitzroy,Fitzroy West,145.9963,-16.9232,826,2016-04-29,0.43,1.021
Fitzroy,Fitzroy West,145.9963,-16.9232,826,2016-04-30,0.375,0.854
Fitzroy,Fitzroy West,145.9963,-16.9232,826,2016-05-01,0.374,0.961
Fitzroy,Fitzroy West,145.9963,-16.9232,826,2016-05-02,0.38,0.87
Fitzroy,Fitzroy West,145.9963,-16.9232,826,2016-05-03,0.3,0.577
Fitzroy,Fitzroy West,145.9963,-16.9232,826,2016-05-04,0.321,0.603
Fitzroy,Fitzroy West,145.9963,-16.9232,826,2016-05-05,0.293,0.653
Fitzroy,Fitzroy West,145.9963,-16.9232,826,2016-05-06,0.379,0.837
Fitzroy,Fitzroy West,145.9963,-16.9232,826,2016-05-07,0.378,0.989
Fitzroy,Fitzroy West,145.9963,-16.9232,826,2016-05-08,0.401,0.976
Fitzroy,Fitzroy West,145.9963,-16.9232,826,2016-05-09,0.401,0.849
Fitzroy,Fitzroy West,145.9963,-16.9232,826,2016-05-10,0.278,0.506
Fitzroy,Fitzroy West,145.9963,-16.9232,826,2016-05-11,0.233,0.435
Fitzroy,Fitzroy West,145.9963,-16.9232,826,2016-05-12,0.419,0.734
Fitzroy,Fitzroy West,145.9963,-16.9232,826,2016-05-13,0.396,0.949
Fitzroy,Fitzroy West,145.9963,-16.9232,826,2016-05-14,0.364,1.308
Fitzroy,Fitzroy West,145.9963,-16.9232,826,2016-05-15,0.397,1.649
Fitzroy,Fitzroy West,145.9963,-16.9232,826,2016-05-16,0.412,1.429
Fitzroy,Fitzroy West,145.9963,-16.9232,826,2016-05-17,0.322,1.898
Fitzroy,Fitzroy West,145.9963,-16.9232,826,2016-05-18,0.348,1.326
Fitzroy,Fitzroy West,145.9963,-16.9232,826,2016-05-19,0.349,0.974
Fitzroy,Fitzroy West,145.9963,-16.9232,826,2016-05-20,0.335,0.867
Fitzroy,Fitzroy West,145.9963,-16.9232,826,2016-05-21,0.356,1.436
Fitzroy,Fitzroy West,145.9963,-16.9232,826,2016-05-22,0.405,4.92
Fitzroy,Fitzroy West,145.9963,-16.9232,826,2016-05-23,0.342,2.256
Fitzroy,Fitzroy West,145.9963,-16.9232,826,2016-05-24,0.346,1.48
Fitzroy,Fitzroy West,145.9963,-16.9232,826,2016-05-25,0.33,0.718
Fitzroy,Fitzroy West,145.9963,-16.9232,826,2016-05-26,0.356,0.616
Fitzroy,Fitzroy West,145.9963,-16.9232,826,2016-05-27,0.334,0.562
Fitzroy,Fitzroy West,145.9963,-16.9232,826,2016-05-28,0.291,0.583
Fitzroy,Fitzroy West,145.9963,-16.9232,826,2016-05-29,0.248,0.46
Fitzroy,Fitzroy West,145.9963,-16.9232,826,2016-05-30,0.217,0.967
Fitzroy,Fitzroy West,145.9963,-16.9232,826,2016-05-31,0.3,3.255
Fitzroy,Fitzroy West,145.9963,-16.9232,826,2016-06-01,0.291,1.502
Fitzroy,Fitzroy West,145.9963,-16.9232,826,2016-06-02,0.259,0.811
Fitzroy,Fitzroy West,145.9963,-16.9232,826,2016-06-03,0.278,0.79
Fitzroy,Fitzroy West,145.9963,-16.9232,826,2016-06-04,0.326,0.698
Fitzroy,Fitzroy West,145.9963,-16.9232,826,2016-06-05,0.408,0.671
Fitzroy,Fitzroy West,145.9963,-16.9232,826,2016-06-06,0.33,0.557
Fitzroy,Fitzroy West,145.9963,-16.9232,826,2016-06-07,0.299,0.541
Fitzroy,Fitzroy West,145.9963,-16.9232,826,2016-06-08,0.287,0.677
Fitzroy,Fitzroy West,145.9963,-16.9232,826,2016-06-09,0.344,0.681
Fitzroy,Fitzroy West,145.9963,-16.9232,826,2016-06-10,0.37,0.657
Fitzroy,Fitzroy West,145.9963,-16.9232,826,2016-06-11,0.332,0.647
Fitzroy,Fitzroy West,145.9963,-16.9232,826,2016-06-12,0.316,1.099
Fitzroy,Fitzroy West,145.9963,-16.9232,826,2016-06-13,0.32,1.532
Fitzroy,Fitzroy West,145.9963,-16.9232,826,2016-06-14,0.362,4.191
Fitzroy,Fitzroy West,145.9963,-16.9232,826,2016-06-15,0.417,3.131
Fitzroy,Fitzroy West,145.9963,-16.9232,826,2016-06-16,0.474,4.797
Fitzroy,Fitzroy West,145.9963,-16.9232,826,2016-06-17,0.47,2.591
Fitzroy,Fitzroy West,145.9963,-16.9232,826,2016-06-18,0.547,1.629
Fitzroy,Fitzroy West,145.9963,-16.9232,826,2016-06-19,0.546,2.347
Fitzroy,Fitzroy West,145.9963,-16.9232,826,2016-06-20,0.537,1.737
Fitzroy,Fitzroy West,145.9963,-16.9232,826,2016-06-21,0.536,0.835
Fitzroy,Fitzroy West,145.9963,-16.9232,826,2016-06-22,0.513,0.639
Fitzroy,Fitzroy West,145.9963,-16.9232,826,2016-06-23,0.489,0.669
Fitzroy,Fitzroy West,145.9963,-16.9232,826,2016-06-24,0.43,0.791
Fitzroy,Fitzroy West,145.9963,-16.9232,826,2016-06-25,0.503,0.901
Fitzroy,Fitzroy West,145.9963,-16.9232,826,2016-06-26,0.536,1.327
Fitzroy,Fitzroy West,145.9963,-16.9232,826,2016-06-27,0.498,0.985
Fitzroy,Fitzroy West,145.9963,-16.9232,826,2016-06-28,0.488,0.904
Fitzroy,Fitzroy West,145.9963,-16.9232,826,2016-06-29,0.605,0.949
Fitzroy,Fitzroy West,145.9963,-16.9232,826,2016-06-30,0.609,1.122
Fitzroy,Fitzroy West,145.9963,-16.9232,826,2016-07-01,0.667,1.132
Fitzroy,Fitzroy West,145.9963,-16.9232,826,2016-07-02,0.631,1.481
Fitzroy,Fitzroy West,145.9963,-16.9232,826,2016-07-03,0.631,1.612
Fitzroy,Fitzroy West,145.9963,-16.9232,826,2016-07-04,0.603,1.482
Fitzroy,Fitzroy West,145.9963,-16.9232,826,2016-07-05,0.704,1.256
Fitzroy,Fitzroy West,145.9963,-16.9232,826,2016-07-06,0.731,1.119
Fitzroy,Fitzroy West,145.9963,-16.9232,826,2016-07-07,0.645,0.851
Fitzroy,Fitzroy West,145.9963,-16.9232,826,2016-07-08,0.644,0.771
Fitzroy,Fitzroy West,145.9963,-16.9232,826,2016-07-09,0.607,0.776
Fitzroy,Fitzroy West,145.9963,-16.9232,826,2016-07-10,0.643,0.982
Fitzroy,Fitzroy West,145.9963,-16.9232,826,2016-07-11,0.574,1.793
Fitzroy,Fitzroy West,145.9963,-16.9232,826,2016-07-12,0.584,2.169
Fitzroy,Fitzroy West,145.9963,-16.9232,826,2016-07-13,0.722,2.06
Fitzroy,Fitzroy West,145.9963,-16.9232,826,2016-07-14,0.615,1.47
Fitzroy,Fitzroy West,145.9963,-16.9232,826,2016-07-15,0.579,1.228
Fitzroy,Fitzroy West,145.9963,-16.9232,826,2016-07-16,0.549,1.068
Fitzroy,Fitzroy West,145.9963,-16.9232,826,2016-07-17,0.524,0.964
Fitzroy,Fitzroy West,145.9963,-16.9232,826,2016-07-18,0.536,4.911
Fitzroy,Fitzroy West,145.9963,-16.9232,837,2016-07-19,0.387,0.735
Fitzroy,Fitzroy West,145.9963,-16.9232,826,2016-07-19,0.35,1.184
Fitzroy,Fitzroy West,145.9963,-16.9232,837,2016-07-20,0.32,1.121
Fitzroy,Fitzroy West,145.9963,-16.9232,837,2016-07-21,0.301,0.852
Fitzroy,Fitzroy West,145.9963,-16.9232,837,2016-07-22,0.379,0.971
Fitzroy,Fitzroy West,145.9963,-16.9232,837,2016-07-23,0.259,0.577
Fitzroy,Fitzroy West,145.9963,-16.9232,837,2016-07-24,0.403,0.568
Fitzroy,Fitzroy West,145.9963,-16.9232,827,2016-10-12,0.193,0.665
Fitzroy,Fitzroy West,145.9963,-16.9232,827,2016-10-13,0.173,0.616
Fitzroy,Fitzroy West,145.9963,-16.9232,827,2016-10-14,0.182,0.645
Fitzroy,Fitzroy West,145.9963,-16.9232,827,2016-10-15,0.265,0.989
Fitzroy,Fitzroy West,145.9963,-16.9232,827,2016-10-16,0.257,1.003
Fitzroy,Fitzroy West,145.9963,-16.9232,827,2016-10-17,0.257,0.738
Fitzroy,Fitzroy West,145.9963,-16.9232,827,2016-10-18,0.24,0.667
Fitzroy,Fitzroy West,145.9963,-16.9232,827,2016-10-19,0.187,0.618
Fitzroy,Fitzroy West,145.9963,-16.9232,827,2016-10-20,0.178,0.802
Fitzroy,Fitzroy West,145.9963,-16.9232,827,2016-10-21,0.208,0.974
Fitzroy,Fitzroy West,145.9963,-16.9232,827,2016-10-22,0.239,0.943
Fitzroy,Fitzroy West,145.9963,-16.9232,827,2016-10-23,0.243,0.833
Fitzroy,Fitzroy West,145.9963,-16.9232,827,2016-10-24,0.243,0.756
Fitzroy,Fitzroy West,145.9963,-16.9232,827,2016-10-25,0.307,0.865
Fitzroy,Fitzroy West,145.9963,-16.9232,827,2016-10-26,0.326,0.893
Fitzroy,Fitzroy West,145.9963,-16.9232,827,2016-10-27,0.265,0.841
Fitzroy,Fitzroy West,145.9963,-16.9232,827,2016-10-28,0.252,0.752
Fitzroy,Fitzroy West,145.9963,-16.9232,827,2016-10-29,0.256,0.733
Fitzroy,Fitzroy West,145.9963,-16.9232,827,2016-10-30,0.244,0.882
Fitzroy,Fitzroy West,145.9963,-16.9232,827,2016-10-31,0.232,0.797
Fitzroy,Fitzroy West,145.9963,-16.9232,827,2016-11-01,0.185,0.659
Fitzroy,Fitzroy West,145.9963,-16.9232,827,2016-11-02,0.201,0.647
Fitzroy,Fitzroy West,145.9963,-16.9232,827,2016-11-03,0.212,0.713
Fitzroy,Fitzroy West,145.9963,-16.9232,827,2016-11-04,0.223,0.742
Fitzroy,Fitzroy West,145.9963,-16.9232,827,2016-11-05,0.21,0.653
Fitzroy,Fitzroy West,145.9963,-16.9232,827,2016-11-06,0.207,0.554
Fitzroy,Fitzroy West,145.9963,-16.9232,827,2016-11-07,0.182,0.563
Fitzroy,Fitzroy West,145.9963,-16.9232,827,2016-11-08,0.244,0.674
Fitzroy,Fitzroy West,145.9963,-16.9232,827,2016-11-09,0.276,0.791
Fitzroy,Fitzroy West,145.9963,-16.9232,827,2016-11-10,0.206,0.604
Fitzroy,Fitzroy West,145.9963,-16.9232,827,2016-11-11,0.254,5.849
Fitzroy,Fitzroy West,145.9963,-16.9232,827,2016-11-12,0.296,0.961
Fitzroy,Fitzroy West,145.9963,-16.9232,827,2016-11-13,0.266,0.821
Fitzroy,Fitzroy West,145.9963,-16.9232,827,2016-11-14,0.245,0.747
Fitzroy,Fitzroy West,145.9963,-16.9232,827,2016-11-15,0.253,0.652
Fitzroy,Fitzroy West,145.9963,-16.9232,827,2016-11-16,0.273,0.632
Fitzroy,Fitzroy West,145.9963,-16.9232,827,2016-11-17,0.302,0.718
Fitzroy,Fitzroy West,145.9963,-16.9232,827,2016-11-18,0.269,0.854
Fitzroy,Fitzroy West,145.9963,-16.9232,827,2016-11-19,0.255,0.779
Fitzroy,Fitzroy West,145.9963,-16.9232,827,2016-11-20,0.223,0.721
Fitzroy,Fitzroy West,145.9963,-16.9232,827,2016-11-21,0.233,0.789
Fitzroy,Fitzroy West,145.9963,-16.9232,827,2016-11-22,0.265,0.727
Fitzroy,Fitzroy West,145.9963,-16.9232,827,2016-11-23,0.316,0.671
Fitzroy,Fitzroy West,145.9963,-16.9232,827,2016-11-24,0.24,0.575
Fitzroy,Fitzroy West,145.9963,-16.9232,827,2016-11-25,0.236,0.555
Fitzroy,Fitzroy West,145.9963,-16.9232,827,2016-11-26,0.242,0.543
Fitzroy,Fitzroy West,145.9963,-16.9232,827,2016-11-27,0.275,0.681
Fitzroy,Fitzroy West,145.9963,-16.9232,827,2016-11-28,0.33,0.611
Fitzroy,Fitzroy West,145.9963,-16.9232,827,2016-11-29,0.262,0.54
Fitzroy,Fitzroy West,145.9963,-16.9232,827,2016-11-30,0.228,0.459
Fitzroy,Fitzroy West,145.9963,-16.9232,827,2016-12-01,0.218,0.438
Fitzroy,Fitzroy West,145.9963,-16.9232,827,2016-12-02,0.206,0.584
Fitzroy,Fitzroy West,145.9963,-16.9232,827,2016-12-03,0.219,0.608
Fitzroy,Fitzroy West,145.9963,-16.9232,827,2016-12-04,0.216,0.836
Fitzroy,Fitzroy West,145.9963,-16.9232,827,2016-12-05,0.218,0.791
Fitzroy,Fitzroy West,145.9963,-16.9232,827,2016-12-06,0.223,0.716
Fitzroy,Fitzroy West,145.9963,-16.9232,827,2016-12-07,0.248,0.657
Fitzroy,Fitzroy West,145.9963,-16.9232,827,2016-12-08,0.218,0.667
Fitzroy,Fitzroy West,145.9963,-16.9232,827,2016-12-09,0.2,0.707
Fitzroy,Fitzroy West,145.9963,-16.9232,827,2016-12-10,0.209,0.714
Fitzroy,Fitzroy West,145.9963,-16.9232,827,2016-12-11,0.272,0.81
Fitzroy,Fitzroy West,145.9963,-16.9232,827,2016-12-12,0.32,0.792
Fitzroy,Fitzroy West,145.9963,-16.9232,827,2016-12-13,0.312,0.937
Fitzroy,Fitzroy West,145.9963,-16.9232,827,2016-12-14,0.33,0.795
Fitzroy,Fitzroy West,145.9963,-16.9232,827,2016-12-15,0.37,0.784
Fitzroy,Fitzroy West,145.9963,-16.9232,827,2016-12-16,0.325,0.668
Fitzroy,Fitzroy West,145.9963,-16.9232,827,2016-12-17,0.238,0.551
Fitzroy,Fitzroy West,145.9963,-16.9232,827,2016-12-18,0.177,0.448
Fitzroy,Fitzroy West,145.9963,-16.9232,827,2016-12-19,0.265,0.584
Fitzroy,Fitzroy West,145.9963,-16.9232,827,2016-12-20,0.305,0.603
Fitzroy,Fitzroy West,145.9963,-16.9232,827,2016-12-21,0.319,0.605
Fitzroy,Fitzroy West,145.9963,-16.9232,827,2016-12-22,0.266,0.572
Fitzroy,Fitzroy West,145.9963,-16.9232,827,2016-12-23,0.294,0.564
Fitzroy,Fitzroy West,145.9963,-16.9232,827,2016-12-24,0.369,0.601
Fitzroy,Fitzroy West,145.9963,-16.9232,827,2016-12-25,0.404,0.635
Fitzroy,Fitzroy West,145.9963,-16.9232,827,2016-12-26,0.472,0.602
Fitzroy,Fitzroy West,145.9963,-16.9232,827,2016-12-27,0.433,0.631
Fitzroy,Fitzroy West,145.9963,-16.9232,827,2016-12-28,0.53,0.962
Fitzroy,Fitzroy West,145.9963,-16.9232,827,2016-12-29,0.557,0.842
Fitzroy,Fitzroy West,145.9963,-16.9232,827,2016-12-30,0.449,0.759
Fitzroy,Fitzroy West,145.9963,-16.9232,827,2016-12-31,0.32,1.259
Fitzroy,Fitzroy West,145.9963,-16.9232,827,2017-01-01,0.281,0.603
Fitzroy,Fitzroy West,145.9963,-16.9232,827,2017-01-02,0.328,0.702
Fitzroy,Fitzroy West,145.9963,-16.9232,827,2017-01-03,0.422,0.775
Fitzroy,Fitzroy West,145.9963,-16.9232,827,2017-01-04,0.633,0.863
Fitzroy,Fitzroy West,145.9963,-16.9232,827,2017-01-05,0.388,0.656
Fitzroy,Fitzroy West,145.9963,-16.9232,827,2017-01-06,0.525,1.771
Fitzroy,Fitzroy West,145.9963,-16.9232,827,2017-01-07,0.43,0.613
Fitzroy,Fitzroy West,145.9963,-16.9232,827,2017-01-08,0.387,0.57
Fitzroy,Fitzroy West,145.9963,-16.9232,827,2017-01-09,0.448,0.847
Fitzroy,Fitzroy West,145.9963,-16.9232,827,2017-01-10,0.555,0.753
Fitzroy,Fitzroy West,145.9963,-16.9232,827,2017-01-11,0.521,0.955
Fitzroy,Fitzroy West,145.9963,-16.9232,827,2017-01-12,0.659,0.804
Fitzroy,Fitzroy West,145.9963,-16.9232,827,2017-01-13,0.501,0.684
Fitzroy,Fitzroy West,145.9963,-16.9232,827,2017-01-14,0.352,0.509
Fitzroy,Fitzroy West,145.9963,-16.9232,827,2017-01-15,0.343,0.514
Fitzroy,Fitzroy West,145.9963,-16.9232,827,2017-01-16,0.359,0.485
Fitzroy,Fitzroy West,145.9963,-16.9232,827,2017-01-17,0.331,0.455
Fitzroy,Fitzroy West,145.9963,-16.9232,827,2017-01-18,0.269,0.414
Fitzroy,Fitzroy West,145.9963,-16.9232,827,2017-01-19,0.273,0.46
Fitzroy,Fitzroy West,145.9963,-16.9232,827,2017-01-20,0.265,0.432
Fitzroy,Fitzroy West,145.9963,-16.9232,827,2017-01-21,0.245,0.427
Fitzroy,Fitzroy West,145.9963,-16.9232,827,2017-01-22,0.287,0.496
Fitzroy,Fitzroy West,145.9963,-16.9232,827,2017-01-23,4.695,1.923
Fitzroy,Fitzroy West,145.9963,-16.9232,827,2017-01-24,7.965,1.038
Fitzroy,Fitzroy West,145.9963,-16.9232,827,2017-01-25,4.208,4.626
Fitzroy,Fitzroy West,145.9963,-16.9232,827,2017-01-26,4.124,2.391
Fitzroy,Fitzroy West,145.9963,-16.9232,827,2017-01-27,0.348,0.633
Fitzroy,Fitzroy West,145.9963,-16.9232,827,2017-01-28,0.383,0.615
Fitzroy,Fitzroy West,145.9963,-16.9232,827,2017-01-29,0.365,0.637
Fitzroy,Fitzroy West,145.9963,-16.9232,827,2017-01-30,0.415,1.294
Fitzroy,Fitzroy West,145.9963,-16.9232,827,2017-01-31,0.36,0.696
Fitzroy,Fitzroy West,145.9963,-16.9232,827,2017-02-01,0.392,0.672
Fitzroy,Fitzroy West,145.9963,-16.9232,827,2017-02-02,0.34,0.663
Fitzroy,Fitzroy West,145.9963,-16.9232,827,2017-02-03,0.349,0.759
Fitzroy,Fitzroy West,145.9963,-16.9232,827,2017-02-04,0.342,0.996
Fitzroy,Fitzroy West,145.9963,-16.9232,827,2017-02-05,0.382,1.338
Fitzroy,Fitzroy West,145.9963,-16.9232,827,2017-02-06,0.457,1.239
Fitzroy,Fitzroy West,145.9963,-16.9232,827,2017-02-07,0.551,1.03
Fitzroy,Fitzroy West,145.9963,-16.9232,827,2017-02-08,0.592,1.028
Fitzroy,Fitzroy West,145.9963,-16.9232,827,2017-02-09,0.561,0.932
Fitzroy,Fitzroy West,145.9963,-16.9232,827,2017-02-10,0.608,1.071
Fitzroy,Fitzroy West,145.9963,-16.9232,827,2017-02-11,0.666,1.135
Fitzroy,Fitzroy West,145.9963,-16.9232,827,2017-02-12,1.113,6.75
Fitzroy,Fitzroy West,145.9963,-16.9232,827,2017-02-13,1.73,15.487
Fitzroy,Fitzroy West,145.9963,-16.9232,827,2017-02-14,0.671,1.127
Fitzroy,Fitzroy West,145.9963,-16.9232,827,2017-02-15,0.844,2.178
Fitzroy,Fitzroy West,145.9963,-16.9232,827,2017-02-16,0.497,0.918
Fitzroy,Fitzroy West,145.9963,-16.9232,827,2017-02-17,0.589,0.809
Fitzroy,Fitzroy West,145.9963,-16.9232,827,2017-02-18,0.6,0.963
Fitzroy,Fitzroy West,145.9963,-16.9232,827,2017-02-19,3.951,13.004
Fitzroy,Fitzroy West,145.9963,-16.9232,827,2017-02-20,1.804,3.754
Fitzroy,Fitzroy West,145.9963,-16.9232,827,2017-02-21,0.325,0.723
Fitzroy,Fitzroy West,145.9963,-16.9232,827,2017-02-22,0.414,1.447
Fitzroy,Fitzroy West,145.9963,-16.9232,827,2017-02-23,0.368,0.773
Fitzroy,Fitzroy West,145.9963,-16.9232,827,2017-02-24,0.432,0.715
Fitzroy,Fitzroy West,145.9963,-16.9232,827,2017-02-25,0.458,0.833
Fitzroy,Fitzroy West,145.9963,-16.9232,827,2017-02-26,0.43,0.767
Fitzroy,Fitzroy West,145.9963,-16.9232,827,2017-02-27,0.434,0.878
Fitzroy,Fitzroy West,145.9963,-16.9232,827,2017-02-28,0.406,0.94
Fitzroy,Fitzroy West,145.9963,-16.9232,827,2017-03-01,0.365,1.014
Fitzroy,Fitzroy West,145.9963,-16.9232,827,2017-03-02,0.386,0.971
Fitzroy,Fitzroy West,145.9963,-16.9232,827,2017-03-03,0.434,1.095
Fitzroy,Fitzroy West,145.9963,-16.9232,827,2017-03-04,0.445,1.58
Fitzroy,Fitzroy West,145.9963,-16.9232,827,2017-03-05,0.468,1.244
Fitzroy,Fitzroy West,145.9963,-16.9232,827,2017-03-06,0.388,0.81
Fitzroy,Fitzroy West,145.9963,-16.9232,837,2017-03-07,0.225,0.47
Fitzroy,Fitzroy West,145.9963,-16.9232,827,2017-03-07,0.28,0.534
Fitzroy,Fitzroy West,145.9963,-16.9232,837,2017-03-08,0.249,0.619
Fitzroy,Fitzroy West,145.9963,-16.9232,837,2017-03-09,0.276,0.621
Fitzroy,Fitzroy West,145.9963,-16.9232,837,2017-03-10,0.432,0.608
Fitzroy,Fitzroy West,145.9963,-16.9232,837,2017-03-11,0.43,0.732
Fitzroy,Fitzroy West,145.9963,-16.9232,837,2017-03-12,0.283,0.659
Fitzroy,Fitzroy West,145.9963,-16.9232,837,2017-03-13,0.349,0.652
Fitzroy,Fitzroy West,145.9963,-16.9232,837,2017-03-14,0.352,0.555
Fitzroy,Fitzroy West,145.9963,-16.9232,837,2017-03-15,0.186,0.526
Fitzroy,Fitzroy West,145.9963,-16.9232,837,2017-03-16,0.222,0.706
Fitzroy,Fitzroy West,145.9963,-16.9232,837,2017-03-17,0.222,2.3
Fitzroy,Fitzroy West,145.9963,-16.9232,837,2017-03-18,0.141,0.919
Fitzroy,Fitzroy West,145.9963,-16.9232,837,2017-03-19,0.165,0.451
Fitzroy,Fitzroy West,145.9963,-16.9232,837,2017-03-20,0.171,0.35
Fitzroy,Fitzroy West,145.9963,-16.9232,837,2017-03-21,0.219,0.47
Fitzroy,Fitzroy West,145.9963,-16.9232,837,2017-03-22,0.712,0.45
Fitzroy,Fitzroy West,145.9963,-16.9232,837,2017-03-23,0.137,0.501
Fitzroy,Fitzroy West,145.9963,-16.9232,837,2017-03-24,0.322,0.617
Fitzroy,Fitzroy West,145.9963,-16.9232,837,2017-03-25,0.245,0.502
Fitzroy,Fitzroy West,145.9963,-16.9232,837,2017-03-26,0.247,0.613
Fitzroy,Fitzroy West,145.9963,-16.9232,837,2017-03-27,0.254,0.596
Fitzroy,Fitzroy West,145.9963,-16.9232,837,2017-03-28,0.28,2.808
Fitzroy,Fitzroy West,145.9963,-16.9232,837,2017-03-29,0.664,8.492
Fitzroy,Fitzroy West,145.9963,-16.9232,837,2017-03-30,0.652,3.862
Fitzroy,Fitzroy West,145.9963,-16.9232,837,2017-03-31,0.517,1.179
Fitzroy,Fitzroy West,145.9963,-16.9232,837,2017-04-01,0.431,0.839
Fitzroy,Fitzroy West,145.9963,-16.9232,837,2017-04-02,0.345,0.651
Fitzroy,Fitzroy West,145.9963,-16.9232,837,2017-04-03,0.359,0.726
Fitzroy,Fitzroy West,145.9963,-16.9232,837,2017-04-04,0.394,1.166
Fitzroy,Fitzroy West,145.9963,-16.9232,837,2017-04-05,0.386,1.757
Fitzroy,Fitzroy West,145.9963,-16.9232,837,2017-04-06,0.402,1.119
Fitzroy,Fitzroy West,145.9963,-16.9232,837,2017-04-07,0.442,1.975
Fitzroy,Fitzroy West,145.9963,-16.9232,837,2017-04-08,0.465,2.51
Fitzroy,Fitzroy West,145.9963,-16.9232,837,2017-04-09,0.539,1.583
Fitzroy,Fitzroy West,145.9963,-16.9232,837,2017-04-10,0.665,1.485
Fitzroy,Fitzroy West,145.9963,-16.9232,837,2017-04-11,0.656,6.846
Fitzroy,Fitzroy West,145.9963,-16.9232,837,2017-04-12,0.467,1.014
Fitzroy,Fitzroy West,145.9963,-16.9232,837,2017-04-13,0.499,1.089
Fitzroy,Fitzroy West,145.9963,-16.9232,837,2017-04-14,0.545,1.2
Fitzroy,Fitzroy West,145.9963,-16.9232,837,2017-04-15,0.509,1.109
Fitzroy,Fitzroy West,145.9963,-16.9232,837,2017-04-16,0.409,1.127
Fitzroy,Fitzroy West,145.9963,-16.9232,837,2017-04-17,0.388,1.13
Fitzroy,Fitzroy West,145.9963,-16.9232,837,2017-04-18,0.366,1.184
Fitzroy,Fitzroy West,145.9963,-16.9232,837,2017-04-19,0.421,1.469
Fitzroy,Fitzroy West,145.9963,-16.9232,837,2017-04-20,0.531,1.566
Fitzroy,Fitzroy West,145.9963,-16.9232,837,2017-04-21,0.554,1.163
Fitzroy,Fitzroy West,145.9963,-16.9232,837,2017-04-22,0.491,1.117
Fitzroy,Fitzroy West,145.9963,-16.9232,837,2017-04-23,0.526,0.95
Fitzroy,Fitzroy West,145.9963,-16.9232,837,2017-04-24,0.51,0.841
Fitzroy,Fitzroy West,145.9963,-16.9232,837,2017-04-25,0.481,0.856
Fitzroy,Fitzroy West,145.9963,-16.9232,837,2017-04-26,0.592,0.715
Fitzroy,Fitzroy West,145.9963,-16.9232,837,2017-04-27,0.646,0.613
Fitzroy,Fitzroy West,145.9963,-16.9232,837,2017-04-28,0.644,0.606
Fitzroy,Fitzroy West,145.9963,-16.9232,837,2017-04-29,0.486,0.471
Fitzroy,Fitzroy West,145.9963,-16.9232,837,2017-04-30,0.344,0.454
Fitzroy,Fitzroy West,145.9963,-16.9232,837,2017-05-01,0.436,0.917
Fitzroy,Fitzroy West,145.9963,-16.9232,837,2017-05-02,0.423,0.775
Fitzroy,Fitzroy West,145.9963,-16.9232,837,2017-05-03,0.382,0.935
Fitzroy,Fitzroy West,145.9963,-16.9232,837,2017-05-04,0.488,2.962
Fitzroy,Fitzroy West,145.9963,-16.9232,837,2017-05-05,0.358,1.094
Fitzroy,Fitzroy West,145.9963,-16.9232,837,2017-05-06,0.386,1.03
Fitzroy,Fitzroy West,145.9963,-16.9232,837,2017-05-07,0.439,1.414
Fitzroy,Fitzroy West,145.9963,-16.9232,837,2017-05-08,0.439,1.388
Fitzroy,Fitzroy West,145.9963,-16.9232,837,2017-05-09,0.458,1.087
Fitzroy,Fitzroy West,145.9963,-16.9232,837,2017-05-10,0.54,1.318
Fitzroy,Fitzroy West,145.9963,-16.9232,837,2017-05-11,0.434,0.946
Fitzroy,Fitzroy West,145.9963,-16.9232,837,2017-05-12,0.422,0.825
Fitzroy,Fitzroy West,145.9963,-16.9232,837,2017-05-13,0.425,0.843
Fitzroy,Fitzroy West,145.9963,-16.9232,837,2017-05-14,0.448,0.87
Fitzroy,Fitzroy West,145.9963,-16.9232,837,2017-05-15,0.417,0.764
Fitzroy,Fitzroy West,145.9963,-16.9232,837,2017-05-16,0.375,0.958
Fitzroy,Fitzroy West,145.9963,-16.9232,837,2017-05-17,0.391,1.308
Fitzroy,Fitzroy West,145.9963,-16.9232,837,2017-05-18,0.426,1.725
Fitzroy,Fitzroy West,145.9963,-16.9232,837,2017-05-19,0.459,2.066
Fitzroy,Fitzroy West,145.9963,-16.9232,837,2017-05-20,0.395,1.343
Fitzroy,Fitzroy West,145.9963,-16.9232,837,2017-05-21,0.549,0.956
Fitzroy,Fitzroy West,145.9963,-16.9232,837,2017-05-22,0.579,0.896
Fitzroy,Fitzroy West,145.9963,-16.9232,837,2017-05-23,0.517,0.973
Fitzroy,Fitzroy West,145.9963,-16.9232,837,2017-05-24,0.356,1.152
Fitzroy,Fitzroy West,145.9963,-16.9232,837,2017-05-25,0.307,1.038
Fitzroy,Fitzroy West,145.9963,-16.9232,837,2017-05-26,0.351,1.179
Fitzroy,Fitzroy West,145.9963,-16.9232,837,2017-05-27,0.327,1.538
Fitzroy,Fitzroy West,145.9963,-16.9232,837,2017-05-28,0.318,0.988
Fitzroy,Fitzroy West,145.9963,-16.9232,837,2017-05-29,0.396,0.777
Fitzroy,Fitzroy West,145.9963,-16.9232,837,2017-05-30,0.47,0.705
Fitzroy,Fitzroy West,145.9963,-16.9232,837,2017-05-31,0.472,0.788
Fitzroy,Fitzroy West,145.9963,-16.9232,837,2017-06-01,0.475,1.187
Fitzroy,Fitzroy West,145.9963,-16.9232,837,2017-06-02,0.54,2.694
Fitzroy,Fitzroy West,145.9963,-16.9232,837,2017-06-03,0.516,4.367
Fitzroy,Fitzroy West,145.9963,-16.9232,843,2017-06-26,0.313,0.82
Fitzroy,Fitzroy West,145.9963,-16.9232,843,2017-06-27,0.204,1.038
Fitzroy,Fitzroy West,145.9963,-16.9232,843,2017-06-28,0.183,1.217
Fitzroy,Fitzroy West,145.9963,-16.9232,843,2017-06-29,0.197,1.91
Fitzroy,Fitzroy West,145.9963,-16.9232,843,2017-06-30,0.201,1.303
Fitzroy,Fitzroy West,145.9963,-16.9232,843,2017-07-01,0.236,3.057
Fitzroy,Fitzroy West,145.9963,-16.9232,843,2017-07-02,0.257,3.341
Fitzroy,Fitzroy West,145.9963,-16.9232,843,2017-07-03,0.326,4.565
Fitzroy,Fitzroy West,145.9963,-16.9232,843,2017-07-04,0.321,1.643
Fitzroy,Fitzroy West,145.9963,-16.9232,843,2017-07-05,0.36,1.341
Fitzroy,Fitzroy West,145.9963,-16.9232,843,2017-07-06,0.315,1.056
Fitzroy,Fitzroy West,145.9963,-16.9232,843,2017-07-07,0.296,0.803
Fitzroy,Fitzroy West,145.9963,-16.9232,843,2017-07-08,0.197,0.601
Fitzroy,Fitzroy West,145.9963,-16.9232,843,2017-07-09,0.14,0.597
Fitzroy,Fitzroy West,145.9963,-16.9232,843,2017-07-10,0.168,1.497
Fitzroy,Fitzroy West,145.9963,-16.9232,843,2017-07-11,0.24,3.766
Fitzroy,Fitzroy West,145.9963,-16.9232,843,2017-07-12,0.273,4.4
Fitzroy,Fitzroy West,145.9963,-16.9232,843,2017-07-13,0.231,2.667
Fitzroy,Fitzroy West,145.9963,-16.9232,843,2017-07-14,0.299,2.604
Fitzroy,Fitzroy West,145.9963,-16.9232,843,2017-07-15,0.274,1.444
Fitzroy,Fitzroy West,145.9963,-16.9232,843,2017-07-16,0.247,1.225
Fitzroy,Fitzroy West,145.9963,-16.9232,843,2017-07-17,0.219,0.91
Fitzroy,Fitzroy West,145.9963,-16.9232,843,2017-07-18,0.248,0.807
Fitzroy,Fitzroy West,145.9963,-16.9232,843,2017-07-19,0.264,0.816
Fitzroy,Fitzroy West,145.9963,-16.9232,843,2017-07-20,0.261,0.67
Fitzroy,Fitzroy West,145.9963,-16.9232,843,2017-07-21,0.309,0.831
Fitzroy,Fitzroy West,145.9963,-16.9232,843,2017-07-22,0.286,0.77
Fitzroy,Fitzroy West,145.9963,-16.9232,843,2017-07-23,0.242,0.771
Fitzroy,Fitzroy West,145.9963,-16.9232,843,2017-07-24,0.249,0.931
Fitzroy,Fitzroy West,145.9963,-16.9232,843,2017-07-25,0.25,1.119
Fitzroy,Fitzroy West,145.9963,-16.9232,843,2017-07-26,0.211,1.794
Fitzroy,Fitzroy West,145.9963,-16.9232,843,2017-07-27,0.258,1.671
Fitzroy,Fitzroy West,145.9963,-16.9232,843,2017-07-28,0.225,1.603
Fitzroy,Fitzroy West,145.9963,-16.9232,843,2017-07-29,0.234,1.435
Fitzroy,Fitzroy West,145.9963,-16.9232,843,2017-07-30,0.215,1.329
Fitzroy,Fitzroy West,145.9963,-16.9232,843,2017-07-31,0.238,1.219
Fitzroy,Fitzroy West,145.9963,-16.9232,843,2017-08-01,0.263,1.128
Fitzroy,Fitzroy West,145.9963,-16.9232,843,2017-08-02,0.285,0.924
Fitzroy,Fitzroy West,145.9963,-16.9232,843,2017-08-03,0.283,1.061
Fitzroy,Fitzroy West,145.9963,-16.9232,843,2017-08-04,0.263,0.833
Fitzroy,Fitzroy West,145.9963,-16.9232,843,2017-08-05,0.229,0.664
Fitzroy,Fitzroy West,145.9963,-16.9232,843,2017-08-06,0.19,0.674
Fitzroy,Fitzroy West,145.9963,-16.9232,843,2017-08-07,0.131,0.498
Fitzroy,Fitzroy West,145.9963,-16.9232,843,2017-08-08,0.168,0.634
Fitzroy,Fitzroy West,145.9963,-16.9232,843,2017-08-09,0.152,0.945
Fitzroy,Fitzroy West,145.9963,-16.9232,843,2017-08-10,0.186,1.074
Fitzroy,Fitzroy West,145.9963,-16.9232,843,2017-08-11,0.126,0.843
Fitzroy,Fitzroy West,145.9963,-16.9232,843,2017-08-12,0.102,0.718
Fitzroy,Fitzroy West,145.9963,-16.9232,843,2017-08-13,0.115,0.801
Fitzroy,Fitzroy West,145.9963,-16.9232,843,2017-08-14,0.211,1.205
Fitzroy,Fitzroy West,145.9963,-16.9232,843,2017-08-15,0.18,0.895
Fitzroy,Fitzroy West,145.9963,-16.9232,843,2017-08-16,0.169,0.688
Fitzroy,Fitzroy West,145.9963,-16.9232,843,2017-08-17,0.229,0.693
Fitzroy,Fitzroy West,145.9963,-16.9232,843,2017-08-18,0.129,0.447
Fitzroy,Fitzroy West,145.9963,-16.9232,843,2017-08-19,0.133,0.551
Fitzroy,Fitzroy West,145.9963,-16.9232,843,2017-08-20,0.129,0.605
Fitzroy,Fitzroy West,145.9963,-16.9232,843,2017-08-21,0.17,0.683
Fitzroy,Fitzroy West,145.9963,-16.9232,843,2017-08-22,0.171,0.622
Fitzroy,Fitzroy West,145.9963,-16.9232,843,2017-08-23,0.112,0.61
Fitzroy,Fitzroy West,145.9963,-16.9232,843,2017-08-24,0.081,0.49
Fitzroy,Fitzroy West,145.9963,-16.9232,843,2017-08-25,0.099,0.481
Fitzroy,Fitzroy West,145.9963,-16.9232,843,2017-08-26,0.123,0.533
Fitzroy,Fitzroy West,145.9963,-16.9232,843,2017-08-27,0.162,0.543
Fitzroy,Fitzroy West,145.9963,-16.9232,843,2017-08-28,0.188,0.531
Fitzroy,Fitzroy West,145.9963,-16.9232,843,2017-08-29,0.12,0.47
Fitzroy,Fitzroy West,145.9963,-16.9232,843,2017-08-30,0.087,0.589
Fitzroy,Fitzroy West,145.9963,-16.9232,843,2017-08-31,0.105,0.681
Fitzroy,Fitzroy West,145.9963,-16.9232,843,2017-09-01,0.126,0.733
Fitzroy,Fitzroy West,145.9963,-16.9232,843,2017-09-02,0.131,1.209
Fitzroy,Fitzroy West,145.9963,-16.9232,843,2017-09-03,0.107,1.083
Fitzroy,Fitzroy West,145.9963,-16.9232,843,2017-09-04,0.065,0.561
Fitzroy,Fitzroy West,145.9963,-16.9232,843,2017-09-05,0.062,0.491
Fitzroy,Fitzroy West,145.9963,-16.9232,843,2017-09-06,0.081,0.456
Fitzroy,Fitzroy West,145.9963,-16.9232,843,2017-09-07,0.077,0.598
Fitzroy,Fitzroy West,145.9963,-16.9232,843,2017-09-08,0.11,0.875
Fitzroy,Fitzroy West,145.9963,-16.9232,843,2017-09-09,0.103,0.965
Fitzroy,Fitzroy West,145.9963,-16.9232,843,2017-09-10,0.119,1.347
Fitzroy,Fitzroy West,145.9963,-16.9232,843,2017-09-11,0.11,0.846
Fitzroy,Fitzroy West,145.9963,-16.9232,843,2017-09-12,0.115,0.68
Fitzroy,Fitzroy West,145.9963,-16.9232,843,2017-09-13,0.107,0.662
Fitzroy,Fitzroy West,145.9963,-16.9232,843,2017-09-14,0.097,0.575
Fitzroy,Fitzroy West,145.9963,-16.9232,843,2017-09-15,0.104,0.507
Fitzroy,Fitzroy West,145.9963,-16.9232,843,2017-09-16,0.141,0.662
Fitzroy,Fitzroy West,145.9963,-16.9232,843,2017-09-17,0.162,0.735
Fitzroy,Fitzroy West,145.9963,-16.9232,843,2017-09-18,0.146,1.038
Fitzroy,Fitzroy West,145.9963,-16.9232,843,2017-09-19,0.166,0.98
Fitzroy,Fitzroy West,145.9963,-16.9232,843,2017-09-20,0.149,0.863
Fitzroy,Fitzroy West,145.9963,-16.9232,843,2017-09-21,0.159,0.747
Fitzroy,Fitzroy West,145.9963,-16.9232,843,2017-09-22,0.135,0.679
Fitzroy,Fitzroy West,145.9963,-16.9232,843,2017-09-23,0.135,0.613
Fitzroy,Fitzroy West,145.9963,-16.9232,843,2017-09-24,0.211,0.589
Fitzroy,Fitzroy West,145.9963,-16.9232,843,2017-09-25,0.228,0.519
Fitzroy,Fitzroy West,145.9963,-16.9232,1329,2017-09-27,0.254,0.719
Fitzroy,Fitzroy West,145.9963,-16.9232,1329,2017-09-28,0.252,0.902
Fitzroy,Fitzroy West,145.9963,-16.9232,1329,2017-09-29,0.243,0.706
Fitzroy,Fitzroy West,145.9963,-16.9232,1329,2017-09-30,0.227,0.655
Fitzroy,Fitzroy West,145.9963,-16.9232,1329,2017-10-01,0.221,0.682
Fitzroy,Fitzroy West,145.9963,-16.9232,1329,2017-10-02,0.24,0.718
Fitzroy,Fitzroy West,145.9963,-16.9232,1329,2017-10-03,0.242,0.75
Fitzroy,Fitzroy West,145.9963,-16.9232,1329,2017-10-04,0.259,0.786
Fitzroy,Fitzroy West,145.9963,-16.9232,1329,2017-10-05,0.276,0.872
Fitzroy,Fitzroy West,145.9963,-16.9232,1329,2017-10-06,0.292,0.882
Fitzroy,Fitzroy West,145.9963,-16.9232,1329,2017-10-07,0.23,0.868
Fitzroy,Fitzroy West,145.9963,-16.9232,1329,2017-10-08,0.254,0.993
Fitzroy,Fitzroy West,145.9963,-16.9232,1329,2017-10-09,0.293,1.17
Fitzroy,Fitzroy West,145.9963,-16.9232,1329,2017-10-10,0.285,0.899
Fitzroy,Fitzroy West,145.9963,-16.9232,1329,2017-10-11,0.313,0.842
Fitzroy,Fitzroy West,145.9963,-16.9232,1329,2017-10-12,0.291,0.799
Fitzroy,Fitzroy West,145.9963,-16.9232,1329,2017-10-13,0.284,0.809
Fitzroy,Fitzroy West,145.9963,-16.9232,1329,2017-10-14,0.317,0.725
Fitzroy,Fitzroy West,145.9963,-16.9232,1329,2017-10-15,0.344,0.683
Fitzroy,Fitzroy West,145.9963,-16.9232,1329,2017-10-16,0.381,0.648
Fitzroy,Fitzroy West,145.9963,-16.9232,1329,2017-10-17,0.463,0.638
Fitzroy,Fitzroy West,145.9963,-16.9232,1329,2017-10-18,0.567,1.936
Fitzroy,Fitzroy West,145.9963,-16.9232,1329,2017-10-19,0.565,4.626
Fitzroy,Fitzroy West,145.9963,-16.9232,1329,2017-10-20,0.467,2.006
Fitzroy,Fitzroy West,145.9963,-16.9232,1329,2017-10-21,0.499,1.235
Fitzroy,Fitzroy West,145.9963,-16.9232,1329,2017-10-22,0.477,1.126
Fitzroy,Fitzroy West,145.9963,-16.9232,1329,2017-10-23,0.4,0.913
Fitzroy,Fitzroy West,145.9963,-16.9232,1329,2017-10-24,0.281,0.831
Fitzroy,Fitzroy West,145.9963,-16.9232,1329,2017-10-25,0.261,1.27
Fitzroy,Fitzroy West,145.9963,-16.9232,1329,2017-10-26,0.241,0.756
Fitzroy,Fitzroy West,145.9963,-16.9232,1329,2017-10-27,0.211,0.595
Fitzroy,Fitzroy West,145.9963,-16.9232,1329,2017-10-28,0.359,0.903
Fitzroy,Fitzroy West,145.9963,-16.9232,1329,2017-10-29,0.324,0.965
Fitzroy,Fitzroy West,145.9963,-16.9232,1329,2017-10-30,0.274,0.899
Fitzroy,Fitzroy West,145.9963,-16.9232,1329,2017-10-31,0.249,0.89
Fitzroy,Fitzroy West,145.9963,-16.9232,1329,2017-11-01,0.25,0.943
Fitzroy,Fitzroy West,145.9963,-16.9232,1329,2017-11-02,0.204,0.786
Fitzroy,Fitzroy West,145.9963,-16.9232,1329,2017-11-03,0.195,0.749
Fitzroy,Fitzroy West,145.9963,-16.9232,1329,2017-11-04,0.196,0.846
Fitzroy,Fitzroy West,145.9963,-16.9232,1329,2017-11-05,0.207,0.654
Fitzroy,Fitzroy West,145.9963,-16.9232,1329,2017-11-06,0.202,0.647
Fitzroy,Fitzroy West,145.9963,-16.9232,1329,2017-11-07,0.228,0.603
Fitzroy,Fitzroy West,145.9963,-16.9232,1329,2017-11-08,0.288,0.59
Fitzroy,Fitzroy West,145.9963,-16.9232,1329,2017-11-09,0.325,1.237
Fitzroy,Fitzroy West,145.9963,-16.9232,1329,2017-11-10,0.309,1.836
Fitzroy,Fitzroy West,145.9963,-16.9232,1329,2017-11-11,0.327,1.836
Fitzroy,Fitzroy West,145.9963,-16.9232,1329,2017-11-12,0.373,1.87
Fitzroy,Fitzroy West,145.9963,-16.9232,1329,2017-11-13,0.408,1.943
Fitzroy,Fitzroy West,145.9963,-16.9232,1329,2017-11-14,0.379,1.547
Fitzroy,Fitzroy West,145.9963,-16.9232,1329,2017-11-15,0.357,1.336
Fitzroy,Fitzroy West,145.9963,-16.9232,1329,2017-11-16,0.365,1.099
Fitzroy,Fitzroy West,145.9963,-16.9232,1329,2017-11-17,0.353,0.984
Fitzroy,Fitzroy West,145.9963,-16.9232,1329,2017-11-18,0.381,0.86
Fitzroy,Fitzroy West,145.9963,-16.9232,1329,2017-11-19,0.364,0.826
Fitzroy,Fitzroy West,145.9963,-16.9232,1329,2017-11-20,0.309,0.685
Fitzroy,Fitzroy West,145.9963,-16.9232,1329,2017-11-21,0.41,0.897
Fitzroy,Fitzroy West,145.9963,-16.9232,1329,2017-11-22,0.38,0.832
Fitzroy,Fitzroy West,145.9963,-16.9232,1329,2017-11-23,0.458,0.753
Fitzroy,Fitzroy West,145.9963,-16.9232,1329,2017-11-24,0.4,0.674
Fitzroy,Fitzroy West,145.9963,-16.9232,1329,2017-11-25,0.385,0.629
Fitzroy,Fitzroy West,145.9963,-16.9232,1329,2017-11-26,0.422,0.625
Fitzroy,Fitzroy West,145.9963,-16.9232,1329,2017-11-27,0.523,0.64
Fitzroy,Fitzroy West,145.9963,-16.9232,1329,2017-11-28,0.66,0.658
Fitzroy,Fitzroy West,145.9963,-16.9232,1329,2017-11-29,0.707,1.089
Fitzroy,Fitzroy West,145.9963,-16.9232,1329,2017-11-30,0.792,0.923
Fitzroy,Fitzroy West,145.9963,-16.9232,1329,2017-12-01,0.687,1.05
Fitzroy,Fitzroy West,145.9963,-16.9232,1329,2017-12-02,0.629,0.834
Fitzroy,Fitzroy West,145.9963,-16.9232,1329,2017-12-03,0.623,0.921
Fitzroy,Fitzroy West,145.9963,-16.9232,1329,2017-12-04,0.586,0.786
Fitzroy,Fitzroy West,145.9963,-16.9232,1329,2017-12-05,0.451,0.629
Fitzroy,Fitzroy West,145.9963,-16.9232,1329,2017-12-06,0.466,0.737
Fitzroy,Fitzroy West,145.9963,-16.9232,1329,2017-12-07,0.413,0.48
Fitzroy,Fitzroy West,145.9963,-16.9232,1329,2017-12-08,0.472,0.742
Fitzroy,Fitzroy West,145.9963,-16.9232,1329,2017-12-09,0.736,1.421
Fitzroy,Fitzroy West,145.9963,-16.9232,1329,2017-12-10,2.167,3.421
Fitzroy,Fitzroy West,145.9963,-16.9232,1329,2017-12-11,0.409,0.663
Fitzroy,Fitzroy West,145.9963,-16.9232,1329,2017-12-12,0.443,0.644
Fitzroy,Fitzroy West,145.9963,-16.9232,1329,2017-12-13,0.498,0.621
Fitzroy,Fitzroy West,145.9963,-16.9232,1329,2017-12-14,0.51,0.599
Fitzroy,Fitzroy West,145.9963,-16.9232,1329,2017-12-15,0.597,0.725
Fitzroy,Fitzroy West,145.9963,-16.9232,1329,2017-12-16,0.635,0.715
Fitzroy,Fitzroy West,145.9963,-16.9232,1329,2017-12-17,0.801,0.711
Fitzroy,Fitzroy West,145.9963,-16.9232,1329,2017-12-18,2.253,1.487
Fitzroy,Fitzroy West,145.9963,-16.9232,1329,2017-12-19,1.363,1.147
Fitzroy,Fitzroy West,145.9963,-16.9232,1329,2017-12-20,0.611,0.708
Fitzroy,Fitzroy West,145.9963,-16.9232,1329,2017-12-21,0.588,0.64
Fitzroy,Fitzroy West,145.9963,-16.9232,1329,2017-12-22,0.625,0.711
Fitzroy,Fitzroy West,145.9963,-16.9232,1329,2017-12-23,2.006,2.701
Fitzroy,Fitzroy West,145.9963,-16.9232,1329,2017-12-24,0.609,0.84
Fitzroy,Fitzroy West,145.9963,-16.9232,1329,2017-12-25,0.575,0.636
Fitzroy,Fitzroy West,145.9963,-16.9232,1329,2017-12-26,0.557,0.683
Fitzroy,Fitzroy West,145.9963,-16.9232,1329,2017-12-27,0.557,0.752
Fitzroy,Fitzroy West,145.9963,-16.9232,1329,2017-12-28,0.573,0.89
Fitzroy,Fitzroy West,145.9963,-16.9232,1329,2017-12-29,0.614,0.842
Fitzroy,Fitzroy West,145.9963,-16.9232,1329,2017-12-30,0.536,0.657
Fitzroy,Fitzroy West,145.9963,-16.9232,1329,2017-12-31,0.475,0.575
Fitzroy,Fitzroy West,145.9963,-16.9232,1329,2018-01-01,0.535,1.135
Fitzroy,Fitzroy West,145.9963,-16.9232,1329,2018-01-02,0.471,1.037
Fitzroy,Fitzroy West,145.9963,-16.9232,1329,2018-01-03,0.495,1.078
Fitzroy,Fitzroy West,145.9963,-16.9232,1329,2018-01-04,0.496,1.99
Fitzroy,Fitzroy West,145.9963,-16.9232,1329,2018-01-05,0.534,0.995
Fitzroy,Fitzroy West,145.9963,-16.9232,1329,2018-01-06,0.505,1.378
Fitzroy,Fitzroy West,145.9963,-16.9232,1329,2018-01-07,0.431,1.104
Fitzroy,Fitzroy West,145.9963,-16.9232,1329,2018-01-08,0.413,0.92
Fitzroy,Fitzroy West,145.9963,-16.9232,1329,2018-01-09,0.427,1.121
Fitzroy,Fitzroy West,145.9963,-16.9232,1329,2018-01-10,0.412,1.12
Fitzroy,Fitzroy West,145.9963,-16.9232,1329,2018-01-11,0.462,1.174
Fitzroy,Fitzroy West,145.9963,-16.9232,1329,2018-01-12,0.467,1.259
Fitzroy,Fitzroy West,145.9963,-16.9232,1329,2018-01-13,0.54,1.145
Fitzroy,Fitzroy West,145.9963,-16.9232,1329,2018-01-14,0.454,0.905
Fitzroy,Fitzroy West,145.9963,-16.9232,1329,2018-01-15,0.651,0.878
Fitzroy,Fitzroy West,145.9963,-16.9232,1329,2018-01-16,0.721,1.151
Fitzroy,Fitzroy West,145.9963,-16.9232,1329,2018-01-17,1.048,2.61
Fitzroy,Fitzroy West,145.9963,-16.9232,1329,2018-01-18,1.063,2.466
Fitzroy,Fitzroy West,145.9963,-16.9232,1329,2018-01-19,0.615,2.716
Fitzroy,Fitzroy West,145.9963,-16.9232,1329,2018-01-20,0.62,2.153
Fitzroy,Fitzroy West,145.9963,-16.9232,1329,2018-01-21,0.624,2.49
Fitzroy,Fitzroy West,145.9963,-16.9232,1329,2018-01-22,0.714,2.984
Fitzroy,Fitzroy West,145.9963,-16.9232,1329,2018-01-23,0.699,1.769
Fitzroy,Fitzroy West,145.9963,-16.9232,1329,2018-01-24,0.593,1.428
Fitzroy,Fitzroy West,145.9963,-16.9232,1329,2018-01-25,0.884,2.501
Fitzroy,Fitzroy West,145.9963,-16.9232,1329,2018-01-26,0.709,2.482
Fitzroy,Fitzroy West,145.9963,-16.9232,1329,2018-01-27,0.698,3.501
Fitzroy,Fitzroy West,145.9963,-16.9232,1329,2018-01-28,0.525,1.645
Fitzroy,Fitzroy West,145.9963,-16.9232,1329,2018-01-29,0.457,1.277
Fitzroy,Fitzroy West,145.9963,-16.9232,1329,2018-01-30,0.657,1.968
Fitzroy,Fitzroy West,145.9963,-16.9232,1329,2018-01-31,0.352,0.869
Fitzroy,Fitzroy West,145.9963,-16.9232,1329,2018-02-01,0.358,0.844
Fitzroy,Fitzroy West,145.9963,-16.9232,1329,2018-02-02,0.355,0.723
Fitzroy,Fitzroy West,145.9963,-16.9232,1329,2018-02-03,0.351,0.751
Fitzroy,Fitzroy West,145.9963,-16.9232,1329,2018-02-04,0.348,0.806
Fitzroy,Fitzroy West,145.9963,-16.9232,1329,2018-02-05,0.52,0.899
Fitzroy,Fitzroy West,145.9963,-16.9232,1329,2018-02-06,0.46,3.156
Fitzroy,Fitzroy West,145.9963,-16.9232,1329,2018-02-07,0.503,5.668
Fitzroy,Fitzroy West,145.9963,-16.9232,1329,2018-02-08,0.653,5.4
Fitzroy,Fitzroy West,145.9963,-16.9232,1329,2018-02-09,0.703,3.781
Fitzroy,Fitzroy West,145.9963,-16.9232,1329,2018-02-10,0.567,1.435
Fitzroy,Fitzroy West,145.9963,-16.9232,1329,2018-02-11,0.643,1.325
Fitzroy,Fitzroy West,145.9963,-16.9232,1329,2018-02-12,0.471,1.057
Fitzroy,Fitzroy West,145.9963,-16.9232,1044,2018-02-12,0.182,0.708
Fitzroy,Fitzroy West,145.9963,-16.9232,1044,2018-02-13,0.336,1.052
Fitzroy,Fitzroy West,145.9963,-16.9232,1044,2018-02-14,0.508,1.315
Fitzroy,Fitzroy West,145.9963,-16.9232,1044,2018-02-15,0.336,1.154
Fitzroy,Fitzroy West,145.9963,-16.9232,1044,2018-02-16,0.109,0.782
Fitzroy,Fitzroy West,145.9963,-16.9232,1044,2018-02-17,0.162,0.825
Fitzroy,Fitzroy West,145.9963,-16.9232,1044,2018-02-18,0.099,0.789
Fitzroy,Fitzroy West,145.9963,-16.9232,1044,2018-02-19,0.035,0.73
Fitzroy,Fitzroy West,145.9963,-16.9232,1044,2018-02-20,0.038,0.636
Fitzroy,Fitzroy West,145.9963,-16.9232,1044,2018-02-21,0.042,0.887
Fitzroy,Fitzroy West,145.9963,-16.9232,1044,2018-02-22,0.085,1.05
Fitzroy,Fitzroy West,145.9963,-16.9232,1044,2018-02-23,0.223,1.697
Fitzroy,Fitzroy West,145.9963,-16.9232,1044,2018-02-24,0.178,1.097
Fitzroy,Fitzroy West,145.9963,-16.9232,1044,2018-02-25,0.252,1.28
Fitzroy,Fitzroy West,145.9963,-16.9232,1044,2018-02-26,0.232,1.152
Fitzroy,Fitzroy West,145.9963,-16.9232,1044,2018-02-27,0.162,0.929
Fitzroy,Fitzroy West,145.9963,-16.9232,1044,2018-02-28,0.068,0.531
Fitzroy,Fitzroy West,145.9963,-16.9232,1044,2018-03-01,0.086,0.538
Fitzroy,Fitzroy West,145.9963,-16.9232,1044,2018-03-02,0.241,0.703
Fitzroy,Fitzroy West,145.9963,-16.9232,1044,2018-03-03,0.196,0.637
Fitzroy,Fitzroy West,145.9963,-16.9232,1044,2018-03-04,0.102,0.475
Fitzroy,Fitzroy West,145.9963,-16.9232,1044,2018-03-05,0.174,0.917
Fitzroy,Fitzroy West,145.9963,-16.9232,1044,2018-03-06,0.16,0.641
Fitzroy,Fitzroy West,145.9963,-16.9232,1044,2018-03-07,0.15,0.944
Fitzroy,Fitzroy West,145.9963,-16.9232,1044,2018-03-08,0.213,3.806
Fitzroy,Fitzroy West,145.9963,-16.9232,1044,2018-03-09,0.343,5.016
Fitzroy,Fitzroy West,145.9963,-16.9232,1044,2018-03-10,0.492,4.506
Fitzroy,Fitzroy West,145.9963,-16.9232,1044,2018-03-11,0.626,3.121
Fitzroy,Fitzroy West,145.9963,-16.9232,1044,2018-03-12,0.74,3.642
Fitzroy,Fitzroy West,145.9963,-16.9232,1044,2018-03-13,0.944,2.326
Fitzroy,Fitzroy West,145.9963,-16.9232,1044,2018-03-14,1.15,1.478
Fitzroy,Fitzroy West,145.9963,-16.9232,1044,2018-03-15,0.749,1.26
Fitzroy,Fitzroy West,145.9963,-16.9232,1044,2018-03-16,0.659,1.124
Fitzroy,Fitzroy West,145.9963,-16.9232,1044,2018-03-17,0.495,0.999
Fitzroy,Fitzroy West,145.9963,-16.9232,1044,2018-03-18,0.402,0.784
Fitzroy,Fitzroy West,145.9963,-16.9232,1044,2018-03-19,0.372,0.782
Fitzroy,Fitzroy West,145.9963,-16.9232,1044,2018-03-20,0.405,1.706
Fitzroy,Fitzroy West,145.9963,-16.9232,1044,2018-03-21,0.452,2.826
Fitzroy,Fitzroy West,145.9963,-16.9232,1044,2018-03-22,0.387,1.37
Fitzroy,Fitzroy West,145.9963,-16.9232,1044,2018-03-23,0.416,0.927
Fitzroy,Fitzroy West,145.9963,-16.9232,1044,2018-03-24,0.451,1.068
Fitzroy,Fitzroy West,145.9963,-16.9232,1044,2018-03-25,0.474,4.387
Fitzroy,Fitzroy West,145.9963,-16.9232,1044,2018-03-26,0.424,4.334
Fitzroy,Fitzroy West,145.9963,-16.9232,1044,2018-03-27,0.492,2.455
Fitzroy,Fitzroy West,145.9963,-16.9232,1044,2018-03-28,0.51,1.449
Fitzroy,Fitzroy West,145.9963,-16.9232,1044,2018-03-29,0.506,1.082
Fitzroy,Fitzroy West,145.9963,-16.9232,1044,2018-03-30,0.465,0.994
Fitzroy,Fitzroy West,145.9963,-16.9232,1044,2018-03-31,0.359,0.814
Fitzroy,Fitzroy West,145.9963,-16.9232,1044,2018-04-01,0.318,1.69
Fitzroy,Fitzroy West,145.9963,-16.9232,1044,2018-04-02,0.398,1.683
Fitzroy,Fitzroy West,145.9963,-16.9232,1044,2018-04-03,0.533,2.609
Fitzroy,Fitzroy West,145.9963,-16.9232,1044,2018-04-04,0.562,1.985
Fitzroy,Fitzroy West,145.9963,-16.9232,1044,2018-04-05,0.543,1.22
Fitzroy,Fitzroy West,145.9963,-16.9232,1044,2018-04-06,0.475,1.106
Fitzroy,Fitzroy West,145.9963,-16.9232,1044,2018-04-07,0.491,0.997
Fitzroy,Fitzroy West,145.9963,-16.9232,1044,2018-04-08,0.421,1.162
Fitzroy,Fitzroy West,145.9963,-16.9232,1044,2018-04-09,0.358,1.395
Fitzroy,Fitzroy West,145.9963,-16.9232,1044,2018-04-10,0.382,1.694
Fitzroy,Fitzroy West,145.9963,-16.9232,1044,2018-04-11,0.402,1.71
Fitzroy,Fitzroy West,145.9963,-16.9232,1044,2018-04-12,0.348,1.651
Fitzroy,Fitzroy West,145.9963,-16.9232,1044,2018-04-13,0.261,1.542
Fitzroy,Fitzroy West,145.9963,-16.9232,1044,2018-04-14,0.244,1.187
Fitzroy,Fitzroy West,145.9963,-16.9232,1044,2018-04-15,0.278,1.307
Fitzroy,Fitzroy West,145.9963,-16.9232,1044,2018-04-16,0.28,1.637
Fitzroy,Fitzroy West,145.9963,-16.9232,1044,2018-04-17,0.292,1.699
Fitzroy,Fitzroy West,145.9963,-16.9232,1044,2018-04-18,0.322,1.695
Fitzroy,Fitzroy West,145.9963,-16.9232,1044,2018-04-19,0.293,1.852
Fitzroy,Fitzroy West,145.9963,-16.9232,1044,2018-04-20,0.304,1.389
Fitzroy,Fitzroy West,145.9963,-16.9232,1044,2018-04-21,0.272,1.023
Fitzroy,Fitzroy West,145.9963,-16.9232,1044,2018-04-22,0.227,0.965
Fitzroy,Fitzroy West,145.9963,-16.9232,1044,2018-04-23,0.261,0.843
Fitzroy,Fitzroy West,145.9963,-16.9232,1044,2018-04-24,0.356,0.855
Fitzroy,Fitzroy West,145.9963,-16.9232,1044,2018-04-25,0.391,0.944
Fitzroy,Fitzroy West,145.9963,-16.9232,1044,2018-04-26,0.368,1.029
Fitzroy,Fitzroy West,145.9963,-16.9232,1044,2018-04-27,0.235,0.647
Fitzroy,Fitzroy West,145.9963,-16.9232,1044,2018-04-28,0.286,0.751
Fitzroy,Fitzroy West,145.9963,-16.9232,1044,2018-04-29,0.39,1.138
Fitzroy,Fitzroy West,145.9963,-16.9232,1044,2018-04-30,0.3,0.865
Fitzroy,Fitzroy West,145.9963,-16.9232,1044,2018-05-01,0.442,1.129
Fitzroy,Fitzroy West,145.9963,-16.9232,1044,2018-05-02,0.622,1.808
Fitzroy,Fitzroy West,145.9963,-16.9232,1044,2018-05-03,0.576,1.765
Fitzroy,Fitzroy West,145.9963,-16.9232,1044,2018-05-04,0.451,1.163
Fitzroy,Fitzroy West,145.9963,-16.9232,1044,2018-05-05,0.397,1.252
Fitzroy,Fitzroy West,145.9963,-16.9232,1044,2018-05-06,0.343,1.791
Fitzroy,Fitzroy West,145.9963,-16.9232,1044,2018-05-07,0.38,2.079
Fitzroy,Fitzroy West,145.9963,-16.9232,1044,2018-05-08,0.476,1.309
Fitzroy,Fitzroy West,145.9963,-16.9232,1044,2018-05-09,0.448,1.132
Fitzroy,Fitzroy West,145.9963,-16.9232,1044,2018-05-10,0.417,1.055
Fitzroy,Fitzroy West,145.9963,-16.9232,1044,2018-05-11,0.329,0.985
Fitzroy,Fitzroy West,145.9963,-16.9232,1044,2018-05-12,0.329,1.047
Fitzroy,Fitzroy West,145.9963,-16.9232,1044,2018-05-13,0.254,0.816
Fitzroy,Fitzroy West,145.9963,-16.9232,1044,2018-05-14,0.263,0.86
Fitzroy,Fitzroy West,145.9963,-16.9232,1044,2018-05-15,0.357,1.092
Fitzroy,Fitzroy West,145.9963,-16.9232,1044,2018-05-16,0.307,1.115
Fitzroy,Fitzroy West,145.9963,-16.9232,1044,2018-05-17,0.297,1.746
Fitzroy,Fitzroy West,145.9963,-16.9232,1044,2018-05-18,0.34,1.638
Fitzroy,Fitzroy West,145.9963,-16.9232,1044,2018-05-19,0.428,3.328
Fitzroy,Fitzroy West,145.9963,-16.9232,1044,2018-05-20,0.453,3.643
Fitzroy,Fitzroy West,145.9963,-16.9232,1044,2018-05-21,0.39,2.525
Fitzroy,Fitzroy West,145.9963,-16.9232,1044,2018-05-22,0.331,1.875
Fitzroy,Fitzroy West,145.9963,-16.9232,1044,2018-05-23,0.313,1.433
Fitzroy,Fitzroy West,145.9963,-16.9232,1044,2018-05-24,0.233,1.367
Fitzroy,Fitzroy West,145.9963,-16.9232,1044,2018-05-25,0.302,1.493
Fitzroy,Fitzroy West,145.9963,-16.9232,1044,2018-05-26,0.294,1.709
Fitzroy,Fitzroy West,145.9963,-16.9232,1044,2018-05-27,0.317,1.619
Fitzroy,Fitzroy West,145.9963,-16.9232,1044,2018-05-28,0.368,1.465
Fitzroy,Fitzroy West,145.9963,-16.9232,1044,2018-05-29,0.367,1.839
Fitzroy,Fitzroy West,145.9963,-16.9232,1044,2018-05-30,0.322,1.27
Fitzroy,Fitzroy West,145.9963,-16.9232,1044,2018-05-31,0.358,1.192
Fitzroy,Fitzroy West,145.9963,-16.9232,1044,2018-06-01,0.366,1.229
Fitzroy,Fitzroy West,145.9963,-16.9232,1044,2018-06-02,0.338,1.107
Fitzroy,Fitzroy West,145.9963,-16.9232,817,2018-06-03,0.229,0.668
Fitzroy,Fitzroy West,145.9963,-16.9232,1044,2018-06-03,0.171,0.631
Fitzroy,Fitzroy West,145.9963,-16.9232,817,2018-06-04,0.232,0.563
Fitzroy,Fitzroy West,145.9963,-16.9232,817,2018-06-05,0.297,0.658
Fitzroy,Fitzroy West,145.9963,-16.9232,817,2018-06-06,0.372,0.652
Fitzroy,Fitzroy West,145.9963,-16.9232,817,2018-06-07,0.342,0.744
Fitzroy,Fitzroy West,145.9963,-16.9232,817,2018-06-08,0.362,0.935
Fitzroy,Fitzroy West,145.9963,-16.9232,817,2018-06-09,0.397,0.973
Fitzroy,Fitzroy West,145.9963,-16.9232,817,2018-06-10,0.371,1.034
Fitzroy,Fitzroy West,145.9963,-16.9232,817,2018-06-11,0.299,0.744
Fitzroy,Fitzroy West,145.9963,-16.9232,817,2018-06-12,0.235,0.604
Fitzroy,Fitzroy West,145.9963,-16.9232,817,2018-06-13,0.286,0.807
Fitzroy,Fitzroy West,145.9963,-16.9232,817,2018-06-14,0.322,0.798
Fitzroy,Fitzroy West,145.9963,-16.9232,817,2018-06-15,0.324,0.906
Fitzroy,Fitzroy West,145.9963,-16.9232,817,2018-06-16,0.46,1.06
Fitzroy,Fitzroy West,145.9963,-16.9232,817,2018-06-17,0.399,0.92
Fitzroy,Fitzroy West,145.9963,-16.9232,817,2018-06-18,0.312,0.736
Fitzroy,Fitzroy West,145.9963,-16.9232,817,2018-06-19,0.301,0.877
Fitzroy,Fitzroy West,145.9963,-16.9232,817,2018-06-20,0.282,0.947
Fitzroy,Fitzroy West,145.9963,-16.9232,817,2018-06-21,0.277,0.842
Fitzroy,Fitzroy West,145.9963,-16.9232,828,2018-10-09,0.26,0.628
Fitzroy,Fitzroy West,145.9963,-16.9232,828,2018-10-10,0.237,0.696
Fitzroy,Fitzroy West,145.9963,-16.9232,828,2018-10-11,0.228,0.729
Fitzroy,Fitzroy West,145.9963,-16.9232,828,2018-10-12,0.274,0.741
Fitzroy,Fitzroy West,145.9963,-16.9232,828,2018-10-13,0.271,0.82
Fitzroy,Fitzroy West,145.9963,-16.9232,828,2018-10-14,0.302,0.807
Fitzroy,Fitzroy West,145.9963,-16.9232,828,2018-10-15,0.271,0.709
Fitzroy,Fitzroy West,145.9963,-16.9232,828,2018-10-16,0.223,0.5
Fitzroy,Fitzroy West,145.9963,-16.9232,828,2018-10-17,0.226,0.432
Fitzroy,Fitzroy West,145.9963,-16.9232,828,2018-10-18,0.258,0.693
Fitzroy,Fitzroy West,145.9963,-16.9232,828,2018-10-19,0.296,0.755
Fitzroy,Fitzroy West,145.9963,-16.9232,828,2018-10-20,0.314,0.535
Fitzroy,Fitzroy West,145.9963,-16.9232,828,2018-10-21,0.316,0.551
Fitzroy,Fitzroy West,145.9963,-16.9232,828,2018-10-22,0.4,0.788
Fitzroy,Fitzroy West,145.9963,-16.9232,828,2018-10-23,0.435,0.819
Fitzroy,Fitzroy West,145.9963,-16.9232,828,2018-10-24,0.392,0.726
Fitzroy,Fitzroy West,145.9963,-16.9232,828,2018-10-25,0.366,0.678
Fitzroy,Fitzroy West,145.9963,-16.9232,828,2018-10-26,0.343,0.701
Fitzroy,Fitzroy West,145.9963,-16.9232,828,2018-10-27,0.345,0.661
Fitzroy,Fitzroy West,145.9963,-16.9232,828,2018-10-28,0.356,0.614
Fitzroy,Fitzroy West,145.9963,-16.9232,828,2018-10-29,0.515,1.974
Fitzroy,Fitzroy West,145.9963,-16.9232,828,2018-10-30,0.38,0.766
Fitzroy,Fitzroy West,145.9963,-16.9232,828,2018-10-31,0.336,1.346
Fitzroy,Fitzroy West,145.9963,-16.9232,828,2018-11-01,0.329,1.358
Fitzroy,Fitzroy West,145.9963,-16.9232,828,2018-11-02,0.369,1.74
Fitzroy,Fitzroy West,145.9963,-16.9232,828,2018-11-03,0.359,1.073
Fitzroy,Fitzroy West,145.9963,-16.9232,828,2018-11-04,0.288,0.947
Fitzroy,Fitzroy West,145.9963,-16.9232,828,2018-11-05,0.292,0.705
Fitzroy,Fitzroy West,145.9963,-16.9232,828,2018-11-06,0.309,0.577
Fitzroy,Fitzroy West,145.9963,-16.9232,828,2018-11-07,0.211,0.604
Fitzroy,Fitzroy West,145.9963,-16.9232,828,2018-11-08,0.332,0.605
Fitzroy,Fitzroy West,145.9963,-16.9232,828,2018-11-09,0.336,0.611
Fitzroy,Fitzroy West,145.9963,-16.9232,828,2018-11-10,0.327,0.623
Fitzroy,Fitzroy West,145.9963,-16.9232,828,2018-11-11,0.353,0.59
Fitzroy,Fitzroy West,145.9963,-16.9232,828,2018-11-12,0.383,0.603
Fitzroy,Fitzroy West,145.9963,-16.9232,828,2018-11-13,0.377,0.866
Fitzroy,Fitzroy West,145.9963,-16.9232,828,2018-11-14,0.418,0.622
Fitzroy,Fitzroy West,145.9963,-16.9232,828,2018-11-15,0.405,0.584
Fitzroy,Fitzroy West,145.9963,-16.9232,828,2018-11-16,0.406,0.79
Fitzroy,Fitzroy West,145.9963,-16.9232,828,2018-11-17,0.383,0.597
Fitzroy,Fitzroy West,145.9963,-16.9232,828,2018-11-18,0.364,0.551
Fitzroy,Fitzroy West,145.9963,-16.9232,828,2018-11-19,0.34,0.615
Fitzroy,Fitzroy West,145.9963,-16.9232,828,2018-11-20,0.332,0.674
Fitzroy,Fitzroy West,145.9963,-16.9232,828,2018-11-21,0.306,0.602
Fitzroy,Fitzroy West,145.9963,-16.9232,828,2018-11-22,0.347,0.619
Fitzroy,Fitzroy West,145.9963,-16.9232,828,2018-11-23,0.4,0.7
Fitzroy,Fitzroy West,145.9963,-16.9232,828,2018-11-24,0.447,0.939
Fitzroy,Fitzroy West,145.9963,-16.9232,828,2018-11-25,0.461,1.225
Fitzroy,Fitzroy West,145.9963,-16.9232,828,2018-11-26,0.452,1.294
Fitzroy,Fitzroy West,145.9963,-16.9232,828,2018-11-27,0.449,0.778
Fitzroy,Fitzroy West,145.9963,-16.9232,828,2018-11-28,0.479,0.773
Fitzroy,Fitzroy West,145.9963,-16.9232,828,2018-11-29,0.45,0.707
Fitzroy,Fitzroy West,145.9963,-16.9232,828,2018-11-30,0.37,0.567
Fitzroy,Fitzroy West,145.9963,-16.9232,828,2018-12-01,0.349,0.399
Fitzroy,Fitzroy West,145.9963,-16.9232,828,2018-12-02,0.338,0.353
Fitzroy,Fitzroy West,145.9963,-16.9232,828,2018-12-03,0.367,0.562
Fitzroy,Fitzroy West,145.9963,-16.9232,828,2018-12-04,0.46,0.749
Fitzroy,Fitzroy West,145.9963,-16.9232,828,2018-12-05,0.425,0.622
Fitzroy,Fitzroy West,145.9963,-16.9232,828,2018-12-06,0.454,0.426
Fitzroy,Fitzroy West,145.9963,-16.9232,828,2018-12-07,0.558,0.642
Fitzroy,Fitzroy West,145.9963,-16.9232,828,2018-12-08,0.539,0.724
Fitzroy,Fitzroy West,145.9963,-16.9232,828,2018-12-09,0.546,1.225
Fitzroy,Fitzroy West,145.9963,-16.9232,828,2018-12-10,0.883,19.329
Fitzroy,Fitzroy West,145.9963,-16.9232,828,2018-12-11,0.643,1.684
Fitzroy,Fitzroy West,145.9963,-16.9232,828,2018-12-12,0.663,1.025
Fitzroy,Fitzroy West,145.9963,-16.9232,828,2018-12-13,0.797,0.996
Fitzroy,Fitzroy West,145.9963,-16.9232,828,2018-12-14,0.63,0.862
Fitzroy,Fitzroy West,145.9963,-16.9232,828,2018-12-15,0.676,2.121
Fitzroy,Fitzroy West,145.9963,-16.9232,828,2018-12-16,0.743,1.357
Fitzroy,Fitzroy West,145.9963,-16.9232,828,2018-12-17,0.625,0.872
Fitzroy,Fitzroy West,145.9963,-16.9232,828,2018-12-18,0.513,0.665
Fitzroy,Fitzroy West,145.9963,-16.9232,828,2018-12-19,0.565,0.582
Fitzroy,Fitzroy West,145.9963,-16.9232,828,2018-12-20,0.494,0.412
Fitzroy,Fitzroy West,145.9963,-16.9232,828,2018-12-21,0.543,0.458
Fitzroy,Fitzroy West,145.9963,-16.9232,828,2018-12-22,0.566,0.447
Fitzroy,Fitzroy West,145.9963,-16.9232,828,2018-12-23,0.536,0.415
Fitzroy,Fitzroy West,145.9963,-16.9232,828,2018-12-24,0.579,0.65
Fitzroy,Fitzroy West,145.9963,-16.9232,828,2018-12-25,0.592,1.64
Fitzroy,Fitzroy West,145.9963,-16.9232,828,2018-12-26,0.682,2.928
Fitzroy,Fitzroy West,145.9963,-16.9232,828,2018-12-27,0.699,3.34
Fitzroy,Fitzroy West,145.9963,-16.9232,828,2018-12-28,0.783,3.787
Fitzroy,Fitzroy West,145.9963,-16.9232,828,2018-12-29,0.939,5.661
Fitzroy,Fitzroy West,145.9963,-16.9232,828,2018-12-30,0.844,7.679
Fitzroy,Fitzroy West,145.9963,-16.9232,828,2018-12-31,0.931,5.685
Fitzroy,Fitzroy West,145.9963,-16.9232,828,2019-01-01,0.765,2.679
Fitzroy,Fitzroy West,145.9963,-16.9232,828,2019-01-02,0.714,2.691
Fitzroy,Fitzroy West,145.9963,-16.9232,828,2019-01-03,0.667,1.325
Fitzroy,Fitzroy West,145.9963,-16.9232,828,2019-01-04,0.614,0.941
Fitzroy,Fitzroy West,145.9963,-16.9232,828,2019-01-05,0.568,1.151
Fitzroy,Fitzroy West,145.9963,-16.9232,828,2019-01-06,0.564,0.683
Fitzroy,Fitzroy West,145.9963,-16.9232,828,2019-01-07,0.527,0.528
Fitzroy,Fitzroy West,145.9963,-16.9232,828,2019-01-08,0.549,0.481
Fitzroy,Fitzroy West,145.9963,-16.9232,828,2019-01-09,0.54,0.452
Fitzroy,Fitzroy West,145.9963,-16.9232,828,2019-01-10,0.522,0.504
Fitzroy,Fitzroy West,145.9963,-16.9232,828,2019-01-11,0.489,0.474
Fitzroy,Fitzroy West,145.9963,-16.9232,828,2019-01-12,0.529,0.647
Fitzroy,Fitzroy West,145.9963,-16.9232,828,2019-01-13,0.532,0.427
Fitzroy,Fitzroy West,145.9963,-16.9232,828,2019-01-14,0.573,0.64
Fitzroy,Fitzroy West,145.9963,-16.9232,828,2019-01-15,0.614,0.752
Fitzroy,Fitzroy West,145.9963,-16.9232,828,2019-01-16,0.63,0.564
Fitzroy,Fitzroy West,145.9963,-16.9232,828,2019-01-17,0.677,0.862
Fitzroy,Fitzroy West,145.9963,-16.9232,828,2019-01-18,0.71,0.65
Fitzroy,Fitzroy West,145.9963,-16.9232,828,2019-01-19,0.717,0.703
Fitzroy,Fitzroy West,145.9963,-16.9232,828,2019-01-20,0.663,0.866
Fitzroy,Fitzroy West,145.9963,-16.9232,828,2019-01-21,0.71,0.908
Fitzroy,Fitzroy West,145.9963,-16.9232,828,2019-01-22,0.711,0.735
Fitzroy,Fitzroy West,145.9963,-16.9232,828,2019-01-23,0.733,0.884
Fitzroy,Fitzroy West,145.9963,-16.9232,828,2019-01-24,0.673,0.978
Fitzroy,Fitzroy West,145.9963,-16.9232,828,2019-01-25,0.642,1.334
Fitzroy,Fitzroy West,145.9963,-16.9232,828,2019-01-26,0.651,4.412
Fitzroy,Fitzroy West,145.9963,-16.9232,828,2019-01-27,0.668,4.174
Fitzroy,Fitzroy West,145.9963,-16.9232,828,2019-01-28,0.812,5.105
Fitzroy,Fitzroy West,145.9963,-16.9232,828,2019-01-29,1.203,2.627
Fitzroy,Fitzroy West,145.9963,-16.9232,828,2019-01-30,1.239,2.867
Fitzroy,Fitzroy West,145.9963,-16.9232,828,2019-01-31,0.993,1.952
Fitzroy,Fitzroy West,145.9963,-16.9232,828,2019-02-01,0.871,1.959
Fitzroy,Fitzroy West,145.9963,-16.9232,828,2019-02-02,0.955,1.116
Fitzroy,Fitzroy West,145.9963,-16.9232,828,2019-02-03,1.104,1.137
Fitzroy,Fitzroy West,145.9963,-16.9232,828,2019-02-04,0.925,1.118
Fitzroy,Fitzroy West,145.9963,-16.9232,828,2019-02-05,0.656,0.925
Fitzroy,Fitzroy West,145.9963,-16.9232,828,2019-02-06,0.632,1.149
Fitzroy,Fitzroy West,145.9963,-16.9232,828,2019-02-07,0.688,1.007
Fitzroy,Fitzroy West,145.9963,-16.9232,828,2019-02-08,0.966,1.876
Fitzroy,Fitzroy West,145.9963,-16.9232,828,2019-02-09,1.237,2.697
Fitzroy,Fitzroy West,145.9963,-16.9232,828,2019-02-10,1.024,1.55
Fitzroy,Fitzroy West,145.9963,-16.9232,828,2019-02-11,1.101,0.857
Fitzroy,Fitzroy West,145.9963,-16.9232,828,2019-02-12,0.997,0.518
Fitzroy,Fitzroy West,145.9963,-16.9232,828,2019-02-13,0.71,0.413
Fitzroy,Fitzroy West,145.9963,-16.9232,828,2019-02-14,0.935,0.469
Fitzroy,Fitzroy West,145.9963,-16.9232,828,2019-02-15,0.817,0.423
Fitzroy,Fitzroy West,145.9963,-16.9232,828,2019-02-16,0.678,0.427
Fitzroy,Fitzroy West,145.9963,-16.9232,828,2019-02-17,0.638,0.367
Fitzroy,Fitzroy West,145.9963,-16.9232,828,2019-02-18,0.652,0.345
Fitzroy,Fitzroy West,145.9963,-16.9232,828,2019-02-19,0.631,0.398
Fitzroy,Fitzroy West,145.9963,-16.9232,828,2019-02-20,0.639,0.406
Fitzroy,Fitzroy West,145.9963,-16.9232,828,2019-02-21,0.656,0.416
Fitzroy,Fitzroy West,145.9963,-16.9232,828,2019-02-22,0.595,0.523
Fitzroy,Fitzroy West,145.9963,-16.9232,828,2019-02-23,0.575,0.315
Fitzroy,Fitzroy West,145.9963,-16.9232,828,2019-02-24,0.535,0.792
Fitzroy,Fitzroy West,145.9963,-16.9232,828,2019-02-25,0.594,0.683
Fitzroy,Fitzroy West,145.9963,-16.9232,828,2019-02-26,0.737,1.06
Fitzroy,Fitzroy West,145.9963,-16.9232,828,2019-02-27,0.741,0.771
Fitzroy,Fitzroy West,145.9963,-16.9232,828,2019-02-28,0.756,0.686
Fitzroy,Fitzroy West,145.9963,-16.9232,828,2019-03-01,0.828,0.68
Fitzroy,Fitzroy West,145.9963,-16.9232,828,2019-03-02,0.84,0.754
Fitzroy,Fitzroy West,145.9963,-16.9232,828,2019-03-03,0.894,0.718
Fitzroy,Fitzroy West,145.9963,-16.9232,828,2019-03-04,0.851,0.878
Fitzroy,Fitzroy West,145.9963,-16.9232,828,2019-03-05,0.921,1.068
Fitzroy,Fitzroy West,145.9963,-16.9232,828,2019-03-06,0.884,0.95
Fitzroy,Fitzroy West,145.9963,-16.9232,1464,2019-03-07,0.364,0.692
Fitzroy,Fitzroy West,145.9963,-16.9232,828,2019-03-07,0.971,0.841
Fitzroy,Fitzroy West,145.9963,-16.9232,1464,2019-03-08,0.365,0.814
Fitzroy,Fitzroy West,145.9963,-16.9232,1464,2019-03-09,0.261,0.87
Fitzroy,Fitzroy West,145.9963,-16.9232,1464,2019-03-10,0.277,0.929
Fitzroy,Fitzroy West,145.9963,-16.9232,1464,2019-03-11,0.325,0.927
Fitzroy,Fitzroy West,145.9963,-16.9232,1464,2019-03-12,0.255,0.734
Fitzroy,Fitzroy West,145.9963,-16.9232,1464,2019-03-13,0.238,0.617
Fitzroy,Fitzroy West,145.9963,-16.9232,1464,2019-03-14,0.228,0.68
Fitzroy,Fitzroy West,145.9963,-16.9232,1464,2019-03-15,0.204,0.892
Fitzroy,Fitzroy West,145.9963,-16.9232,1464,2019-03-16,0.145,1.189
Fitzroy,Fitzroy West,145.9963,-16.9232,1464,2019-03-17,0.119,0.602
Fitzroy,Fitzroy West,145.9963,-16.9232,1464,2019-03-18,0.247,4.589
Fitzroy,Fitzroy West,145.9963,-16.9232,1464,2019-03-19,0.221,2.641
Fitzroy,Fitzroy West,145.9963,-16.9232,1464,2019-03-20,0.244,1.49
Fitzroy,Fitzroy West,145.9963,-16.9232,1464,2019-03-21,0.295,1.188
Fitzroy,Fitzroy West,145.9963,-16.9232,1464,2019-03-22,0.304,1.281
Fitzroy,Fitzroy West,145.9963,-16.9232,1464,2019-03-23,0.316,0.737
Fitzroy,Fitzroy West,145.9963,-16.9232,1464,2019-03-24,0.277,0.594
Fitzroy,Fitzroy West,145.9963,-16.9232,1464,2019-03-25,0.236,0.568
Fitzroy,Fitzroy West,145.9963,-16.9232,1464,2019-03-26,0.156,0.511
Fitzroy,Fitzroy West,145.9963,-16.9232,1464,2019-03-27,0.205,0.373
Fitzroy,Fitzroy West,145.9963,-16.9232,1464,2019-03-28,0.141,0.405
Fitzroy,Fitzroy West,145.9963,-16.9232,1464,2019-03-29,0.195,0.329
Fitzroy,Fitzroy West,145.9963,-16.9232,1464,2019-03-30,0.224,0.413
Fitzroy,Fitzroy West,145.9963,-16.9232,1464,2019-03-31,0.148,0.378
Fitzroy,Fitzroy West,145.9963,-16.9232,1464,2019-04-01,0.181,0.431
Fitzroy,Fitzroy West,145.9963,-16.9232,1464,2019-04-02,0.252,0.831
Fitzroy,Fitzroy West,145.9963,-16.9232,1464,2019-04-03,0.367,1.424
Fitzroy,Fitzroy West,145.9963,-16.9232,1464,2019-04-04,0.509,2.205
Fitzroy,Fitzroy West,145.9963,-16.9232,1464,2019-04-05,0.495,1.889
Fitzroy,Fitzroy West,145.9963,-16.9232,1464,2019-04-06,0.525,1.6
Fitzroy,Fitzroy West,145.9963,-16.9232,1464,2019-04-07,0.444,1.22
Fitzroy,Fitzroy West,145.9963,-16.9232,1464,2019-04-08,0.4,1.185
Fitzroy,Fitzroy West,145.9963,-16.9232,1464,2019-04-09,0.436,1.023
Fitzroy,Fitzroy West,145.9963,-16.9232,1464,2019-04-10,0.404,0.982
Fitzroy,Fitzroy West,145.9963,-16.9232,1464,2019-04-11,0.388,0.744
Fitzroy,Fitzroy West,145.9963,-16.9232,1464,2019-04-12,0.337,0.756
Fitzroy,Fitzroy West,145.9963,-16.9232,1464,2019-04-13,0.418,1.027
Fitzroy,Fitzroy West,145.9963,-16.9232,1464,2019-04-14,0.389,1.43
Fitzroy,Fitzroy West,145.9963,-16.9232,1464,2019-04-15,0.408,1.171
Fitzroy,Fitzroy West,145.9963,-16.9232,1464,2019-04-16,0.404,0.944
Fitzroy,Fitzroy West,145.9963,-16.9232,1464,2019-04-17,0.399,0.912
Fitzroy,Fitzroy West,145.9963,-16.9232,1464,2019-04-18,0.344,0.8
Fitzroy,Fitzroy West,145.9963,-16.9232,1464,2019-04-19,0.359,0.917
Fitzroy,Fitzroy West,145.9963,-16.9232,1464,2019-04-20,0.376,1.044
Fitzroy,Fitzroy West,145.9963,-16.9232,1464,2019-04-21,0.382,0.892
Fitzroy,Fitzroy West,145.9963,-16.9232,1464,2019-04-22,0.302,0.964
Fitzroy,Fitzroy West,145.9963,-16.9232,1464,2019-04-23,0.34,0.929
Fitzroy,Fitzroy West,145.9963,-16.9232,1464,2019-04-24,0.354,0.588
Fitzroy,Fitzroy West,145.9963,-16.9232,1464,2019-04-25,0.361,0.782
Fitzroy,Fitzroy West,145.9963,-16.9232,1464,2019-04-26,0.338,0.881
Fitzroy,Fitzroy West,145.9963,-16.9232,1464,2019-04-27,0.193,0.677
Fitzroy,Fitzroy West,145.9963,-16.9232,1464,2019-04-28,0.249,0.845
Fitzroy,Fitzroy West,145.9963,-16.9232,1464,2019-04-29,0.334,1.73
Fitzroy,Fitzroy West,145.9963,-16.9232,1464,2019-04-30,0.364,1.902
Fitzroy,Fitzroy West,145.9963,-16.9232,1464,2019-05-01,0.265,1.309
Fitzroy,Fitzroy West,145.9963,-16.9232,1464,2019-05-02,0.323,1.623
Fitzroy,Fitzroy West,145.9963,-16.9232,1464,2019-05-03,0.299,1.715
Fitzroy,Fitzroy West,145.9963,-16.9232,1464,2019-05-04,0.345,1.135
Fitzroy,Fitzroy West,145.9963,-16.9232,1464,2019-05-05,0.277,1.046
Fitzroy,Fitzroy West,145.9963,-16.9232,1464,2019-05-06,0.256,0.929
Fitzroy,Fitzroy West,145.9963,-16.9232,1464,2019-05-07,0.29,0.864
Fitzroy,Fitzroy West,145.9963,-16.9232,1464,2019-05-08,0.359,0.77
Fitzroy,Fitzroy West,145.9963,-16.9232,1464,2019-05-09,0.369,0.631
Fitzroy,Fitzroy West,145.9963,-16.9232,1464,2019-05-10,0.361,0.746
Fitzroy,Fitzroy West,145.9963,-16.9232,1464,2019-05-11,0.296,0.847
Fitzroy,Fitzroy West,145.9963,-16.9232,1464,2019-05-12,0.263,1.001
Fitzroy,Fitzroy West,145.9963,-16.9232,1464,2019-05-13,0.279,1.037
Fitzroy,Fitzroy West,145.9963,-16.9232,1464,2019-05-14,0.316,1.922
Fitzroy,Fitzroy West,145.9963,-16.9232,1464,2019-05-15,0.374,4.221
Fitzroy,Fitzroy West,145.9963,-16.9232,1464,2019-05-16,0.387,3.618
Fitzroy,Fitzroy West,145.9963,-16.9232,1464,2019-05-17,0.406,2.62
Fitzroy,Fitzroy West,145.9963,-16.9232,1464,2019-05-18,0.387,1.883
Fitzroy,Fitzroy West,145.9963,-16.9232,1464,2019-05-19,0.341,1.66
Fitzroy,Fitzroy West,145.9963,-16.9232,1464,2019-05-20,0.347,1.654
Fitzroy,Fitzroy West,145.9963,-16.9232,1464,2019-05-21,0.389,1.44
Fitzroy,Fitzroy West,145.9963,-16.9232,1464,2019-05-22,0.275,1.928
Fitzroy,Fitzroy West,145.9963,-16.9232,1464,2019-05-23,0.254,1.71
Fitzroy,Fitzroy West,145.9963,-16.9232,1464,2019-05-24,0.263,0.993
Fitzroy,Fitzroy West,145.9963,-16.9232,1464,2019-05-25,0.28,0.751
Fitzroy,Fitzroy West,145.9963,-16.9232,1464,2019-05-26,0.354,0.827
Fitzroy,Fitzroy West,145.9963,-16.9232,1464,2019-05-27,0.261,0.657
Fitzroy,Fitzroy West,145.9963,-16.9232,1464,2019-05-28,0.335,0.688
Fitzroy,Fitzroy West,145.9963,-16.9232,1464,2019-05-29,0.313,0.863
Fitzroy,Fitzroy West,145.9963,-16.9232,1464,2019-05-30,0.261,0.686
Fitzroy,Fitzroy West,145.9963,-16.9232,1464,2019-05-31,0.292,1.259
Fitzroy,Fitzroy West,145.9963,-16.9232,1464,2019-06-01,0.324,1.535
Fitzroy,Fitzroy West,145.9963,-16.9232,1464,2019-06-02,0.362,1.176
Fitzroy,Fitzroy West,145.9963,-16.9232,1464,2019-06-03,0.363,1.186
Fitzroy,Fitzroy West,145.9963,-16.9232,1464,2019-06-04,0.401,0.873
Fitzroy,Fitzroy West,145.9963,-16.9232,1464,2019-06-05,0.516,0.763
Fitzroy,Fitzroy West,145.9963,-16.9232,1464,2019-06-06,0.387,0.804
Fitzroy,Fitzroy West,145.9963,-16.9232,1464,2019-06-07,0.33,2.456
Fitzroy,Fitzroy West,145.9963,-16.9232,1464,2019-06-08,0.337,2.64
Fitzroy,Fitzroy West,145.9963,-16.9232,1464,2019-06-09,0.339,1.521
Fitzroy,Fitzroy West,145.9963,-16.9232,1464,2019-06-10,0.334,1.194
Fitzroy,Fitzroy West,145.9963,-16.9232,1464,2019-06-11,0.284,0.905
Fitzroy,Fitzroy West,145.9963,-16.9232,1464,2019-06-12,0.24,0.774
Fitzroy,Fitzroy West,145.9963,-16.9232,1464,2019-06-13,0.233,0.72
Fitzroy,Fitzroy West,145.9963,-16.9232,1464,2019-06-14,0.235,0.894
Fitzroy,Fitzroy West,145.9963,-16.9232,1464,2019-06-15,0.232,0.717
Fitzroy,Fitzroy West,145.9963,-16.9232,1464,2019-06-16,0.265,0.812
Fitzroy,Fitzroy West,145.9963,-16.9232,1464,2019-06-17,0.284,0.731
Fitzroy,Fitzroy West,145.9963,-16.9232,1464,2019-06-18,0.282,0.66
Fitzroy,Fitzroy West,145.9963,-16.9232,1464,2019-06-19,0.379,0.823
Fitzroy,Fitzroy West,145.9963,-16.9232,1464,2019-06-20,0.361,0.635
Fitzroy,Fitzroy West,145.9963,-16.9232,1464,2019-06-21,0.409,0.673
Fitzroy,Fitzroy West,145.9963,-16.9232,1464,2019-06-22,0.297,0.72
Fitzroy,Fitzroy West,145.9963,-16.9232,1464,2019-06-23,0.261,0.744
Fitzroy,Fitzroy West,145.9963,-16.9232,1464,2019-06-24,0.269,0.632
Fitzroy,Fitzroy West,145.9963,-16.9232,1464,2019-06-25,0.293,0.602
Fitzroy,Fitzroy West,145.9963,-16.9232,1464,2019-06-26,0.281,0.807
Fitzroy,Fitzroy West,145.9963,-16.9232,1464,2019-06-27,0.29,0.863
Fitzroy,Fitzroy West,145.9963,-16.9232,1464,2019-06-28,0.323,0.894
Fitzroy,Fitzroy West,145.9963,-16.9232,1464,2019-06-29,0.286,1.466
Fitzroy,Fitzroy West,145.9963,-16.9232,1464,2019-06-30,0.308,0.938
Fitzroy,Fitzroy West,145.9963,-16.9232,1464,2019-07-01,0.338,0.81
Fitzroy,Fitzroy West,145.9963,-16.9232,1464,2019-07-02,0.333,1.027
Fitzroy,Fitzroy West,145.9963,-16.9232,1464,2019-07-03,0.335,0.679
Fitzroy,Fitzroy West,145.9963,-16.9232,1464,2019-07-04,0.389,0.807
Fitzroy,Fitzroy West,145.9963,-16.9232,1464,2019-07-05,0.402,0.766
Fitzroy,Fitzroy West,145.9963,-16.9232,1464,2019-07-06,0.432,0.994
Fitzroy,Fitzroy West,145.9963,-16.9232,1464,2019-07-07,0.442,0.839
Fitzroy,Fitzroy West,145.9963,-16.9232,1464,2019-07-08,0.455,0.917
Fitzroy,Fitzroy West,145.9963,-16.9232,1464,2019-07-09,0.352,1.047
Fitzroy,Fitzroy West,145.9963,-16.9232,1464,2019-07-10,0.357,0.946
Fitzroy,Fitzroy West,145.9963,-16.9232,1464,2019-07-11,0.411,1.014
Fitzroy,Fitzroy West,145.9963,-16.9232,1464,2019-07-12,0.44,0.992
Fitzroy,Fitzroy West,145.9963,-16.9232,1464,2019-07-13,0.411,0.961
Fitzroy,Fitzroy West,145.9963,-16.9232,1464,2019-07-14,0.439,0.934
Fitzroy,Fitzroy West,145.9963,-16.9232,1464,2019-07-15,0.452,1.186
Fitzroy,Fitzroy West,145.9963,-16.9232,1464,2019-07-16,0.424,0.906
Fitzroy,Fitzroy West,145.9963,-16.9232,1464,2019-07-17,0.438,0.894
Fitzroy,Fitzroy West,145.9963,-16.9232,1464,2019-07-18,0.461,0.845
Fitzroy,Fitzroy West,145.9963,-16.9232,1464,2019-07-19,0.471,0.926
Fitzroy,Fitzroy West,145.9963,-16.9232,1464,2019-07-20,0.512,0.993
Fitzroy,Fitzroy West,145.9963,-16.9232,1464,2019-07-21,0.411,0.892
Fitzroy,Fitzroy West,145.9963,-16.9232,1464,2019-07-22,0.339,0.801
Fitzroy,Fitzroy West,145.9963,-16.9232,817,2019-07-22,0.241,1.261
Fitzroy,Fitzroy West,145.9963,-16.9232,817,2019-07-23,0.205,0.975
Fitzroy,Fitzroy West,145.9963,-16.9232,817,2019-07-24,0.219,1.869
Fitzroy,Fitzroy West,145.9963,-16.9232,817,2019-07-25,0.192,1.251
Fitzroy,Fitzroy West,145.9963,-16.9232,817,2019-07-26,0.19,1.347
Fitzroy,Fitzroy West,145.9963,-16.9232,817,2019-07-27,0.195,1.123
Fitzroy,Fitzroy West,145.9963,-16.9232,817,2019-07-28,0.23,0.955
Fitzroy,Fitzroy West,145.9963,-16.9232,817,2019-07-29,0.225,0.873
Fitzroy,Fitzroy West,145.9963,-16.9232,817,2019-07-30,0.195,0.794
Fitzroy,Fitzroy West,145.9963,-16.9232,817,2019-07-31,0.213,1.008
Fitzroy,Fitzroy West,145.9963,-16.9232,817,2019-08-01,0.22,0.937
Fitzroy,Fitzroy West,145.9963,-16.9232,817,2019-08-02,0.219,1.317
Fitzroy,Fitzroy West,145.9963,-16.9232,817,2019-08-03,0.259,1.553
Fitzroy,Fitzroy West,145.9963,-16.9232,817,2019-08-04,0.278,2.669
Fitzroy,Fitzroy West,145.9963,-16.9232,817,2019-08-05,0.264,1.892
Fitzroy,Fitzroy West,145.9963,-16.9232,817,2019-08-06,0.212,1.161
Fitzroy,Fitzroy West,145.9963,-16.9232,817,2019-08-07,0.243,0.933
Fitzroy,Fitzroy West,145.9963,-16.9232,817,2019-08-08,0.205,0.85
Fitzroy,Fitzroy West,145.9963,-16.9232,817,2019-08-09,0.203,0.895
Fitzroy,Fitzroy West,145.9963,-16.9232,817,2019-08-10,0.163,0.668
Fitzroy,Fitzroy West,145.9963,-16.9232,817,2019-08-11,0.171,0.614
Fitzroy,Fitzroy West,145.9963,-16.9232,817,2019-08-12,0.165,0.616
Fitzroy,Fitzroy West,145.9963,-16.9232,817,2019-08-13,0.185,0.731
Fitzroy,Fitzroy West,145.9963,-16.9232,817,2019-08-14,0.181,0.862
Fitzroy,Fitzroy West,145.9963,-16.9232,817,2019-08-15,0.222,0.89
Fitzroy,Fitzroy West,145.9963,-16.9232,817,2019-08-16,0.195,0.958
Fitzroy,Fitzroy West,145.9963,-16.9232,817,2019-08-17,0.166,0.925
Fitzroy,Fitzroy West,145.9963,-16.9232,817,2019-08-18,0.156,0.815
Fitzroy,Fitzroy West,145.9963,-16.9232,817,2019-08-19,0.122,0.532
Fitzroy,Fitzroy West,145.9963,-16.9232,817,2019-08-20,0.121,0.527
Fitzroy,Fitzroy West,145.9963,-16.9232,817,2019-08-21,0.161,1.007
Fitzroy,Fitzroy West,145.9963,-16.9232,817,2019-08-22,0.171,0.971
Fitzroy,Fitzroy West,145.9963,-16.9232,817,2019-08-23,0.138,0.956
Fitzroy,Fitzroy West,145.9963,-16.9232,817,2019-08-24,0.137,0.779
Fitzroy,Fitzroy West,145.9963,-16.9232,817,2019-08-25,0.217,0.968
Fitzroy,Fitzroy West,145.9963,-16.9232,817,2019-08-26,0.173,0.904
Fitzroy,Fitzroy West,145.9963,-16.9232,817,2019-08-27,0.149,0.669
Fitzroy,Fitzroy West,145.9963,-16.9232,817,2019-08-28,0.187,0.812
Fitzroy,Fitzroy West,145.9963,-16.9232,817,2019-08-29,0.178,0.792
Fitzroy,Fitzroy West,145.9963,-16.9232,817,2019-08-30,0.148,0.765
Fitzroy,Fitzroy West,145.9963,-16.9232,817,2019-08-31,0.158,0.77
Fitzroy,Fitzroy West,145.9963,-16.9232,817,2019-09-01,0.17,0.744
Fitzroy,Fitzroy West,145.9963,-16.9232,817,2019-09-02,0.14,0.823
Fitzroy,Fitzroy West,145.9963,-16.9232,817,2019-09-03,0.137,0.825
Fitzroy,Fitzroy West,145.9963,-16.9232,817,2019-09-04,0.147,0.641
Fitzroy,Fitzroy West,145.9963,-16.9232,817,2019-09-05,0.137,0.613
Fitzroy,Fitzroy West,145.9963,-16.9232,817,2019-09-06,0.188,0.784
Fitzroy,Fitzroy West,145.9963,-16.9232,817,2019-09-07,0.197,0.859
Fitzroy,Fitzroy West,145.9963,-16.9232,817,2019-09-08,0.204,0.892
Fitzroy,Fitzroy West,145.9963,-16.9232,817,2019-09-09,0.202,0.765
Fitzroy,Fitzroy West,145.9963,-16.9232,817,2019-09-10,0.209,0.749
Fitzroy,Fitzroy West,145.9963,-16.9232,817,2019-09-11,0.249,1.697
Fitzroy,Fitzroy West,145.9963,-16.9232,817,2019-09-12,0.214,1.181
Fitzroy,Fitzroy West,145.9963,-16.9232,817,2019-09-13,0.205,1.101
Fitzroy,Fitzroy West,145.9963,-16.9232,817,2019-09-14,0.239,1.063
Fitzroy,Fitzroy West,145.9963,-16.9232,817,2019-09-15,0.226,1.39
Fitzroy,Fitzroy West,145.9963,-16.9232,817,2019-09-16,0.211,1.437
Fitzroy,Fitzroy West,145.9963,-16.9232,817,2019-09-17,0.23,1.447
Fitzroy,Fitzroy West,145.9963,-16.9232,817,2019-09-18,0.225,0.897
Fitzroy,Fitzroy West,145.9963,-16.9232,817,2019-09-19,0.266,1.031
Fitzroy,Fitzroy West,145.9963,-16.9232,817,2019-09-20,0.22,1.387
Fitzroy,Fitzroy West,145.9963,-16.9232,817,2019-09-21,0.236,1.829
Fitzroy,Fitzroy West,145.9963,-16.9232,817,2019-09-22,0.268,1.493
Fitzroy,Fitzroy West,145.9963,-16.9232,817,2019-09-23,0.256,1.268
Fitzroy,Fitzroy West,145.9963,-16.9232,817,2019-09-24,0.294,1.367
Fitzroy,Fitzroy West,145.9963,-16.9232,817,2019-09-25,0.293,1.347
Fitzroy,Fitzroy West,145.9963,-16.9232,817,2019-09-26,0.284,1.528
Fitzroy,Fitzroy West,145.9963,-16.9232,817,2019-09-27,0.275,1.408
Fitzroy,Fitzroy West,145.9963,-16.9232,817,2019-09-28,0.25,0.966
Fitzroy,Fitzroy West,145.9963,-16.9232,817,2019-09-29,0.2,0.842
Fitzroy,Fitzroy West,145.9963,-16.9232,817,2019-09-30,0.194,0.874
Fitzroy,Fitzroy West,145.9963,-16.9232,817,2019-10-01,0.192,1.017
Fitzroy,Fitzroy West,145.9963,-16.9232,817,2019-10-02,0.191,1.852
Fitzroy,Fitzroy West,145.9963,-16.9232,817,2019-10-03,0.261,2.356
Fitzroy,Fitzroy West,145.9963,-16.9232,817,2019-10-04,0.282,1.818
Fitzroy,Fitzroy West,145.9963,-16.9232,817,2019-10-05,0.301,1.459
Fitzroy,Fitzroy West,145.9963,-16.9232,817,2019-10-06,0.31,1.246
Fitzroy,Fitzroy West,145.9963,-16.9232,817,2019-10-07,0.277,1.108
Fitzroy,Fitzroy West,145.9963,-16.9232,1091,2019-10-09,0.234,0.957
Fitzroy,Fitzroy West,145.9963,-16.9232,1091,2019-10-10,0.196,0.939
Fitzroy,Fitzroy West,145.9963,-16.9232,1091,2019-10-11,0.167,0.766
Fitzroy,Fitzroy West,145.9963,-16.9232,1091,2019-10-12,0.194,0.816
Fitzroy,Fitzroy West,145.9963,-16.9232,1091,2019-10-13,0.226,0.835
Fitzroy,Fitzroy West,145.9963,-16.9232,1091,2019-10-14,0.165,0.772
Fitzroy,Fitzroy West,145.9963,-16.9232,1091,2019-10-15,0.148,0.848
Fitzroy,Fitzroy West,145.9963,-16.9232,1091,2019-10-16,0.156,0.704
Fitzroy,Fitzroy West,145.9963,-16.9232,1091,2019-10-17,0.155,0.754
Fitzroy,Fitzroy West,145.9963,-16.9232,1091,2019-10-18,0.148,0.797
Fitzroy,Fitzroy West,145.9963,-16.9232,1091,2019-10-19,0.218,0.782
Fitzroy,Fitzroy West,145.9963,-16.9232,1091,2019-10-20,0.239,0.837
Fitzroy,Fitzroy West,145.9963,-16.9232,1091,2019-10-21,0.195,0.948
Fitzroy,Fitzroy West,145.9963,-16.9232,1091,2019-10-22,0.236,2.727
Fitzroy,Fitzroy West,145.9963,-16.9232,1091,2019-10-23,0.212,1.655
Fitzroy,Fitzroy West,145.9963,-16.9232,1091,2019-10-24,0.212,1.126
Fitzroy,Fitzroy West,145.9963,-16.9232,1091,2019-10-25,0.229,1.101
Fitzroy,Fitzroy West,145.9963,-16.9232,1091,2019-10-26,0.213,0.838
Fitzroy,Fitzroy West,145.9963,-16.9232,1091,2019-10-27,0.208,0.875
Fitzroy,Fitzroy West,145.9963,-16.9232,1091,2019-10-28,0.211,0.844
Fitzroy,Fitzroy West,145.9963,-16.9232,1091,2019-10-29,0.252,1.017
Fitzroy,Fitzroy West,145.9963,-16.9232,1091,2019-10-30,0.311,1.381
Fitzroy,Fitzroy West,145.9963,-16.9232,1091,2019-10-31,0.303,1.107
Fitzroy,Fitzroy West,145.9963,-16.9232,1091,2019-11-01,0.17,0.931
Fitzroy,Fitzroy West,145.9963,-16.9232,1091,2019-11-02,0.136,0.976
Fitzroy,Fitzroy West,145.9963,-16.9232,1091,2019-11-03,0.16,1.02
Fitzroy,Fitzroy West,145.9963,-16.9232,1091,2019-11-04,0.177,0.963
Fitzroy,Fitzroy West,145.9963,-16.9232,1091,2019-11-05,0.153,0.881
Fitzroy,Fitzroy West,145.9963,-16.9232,1091,2019-11-06,0.091,0.695
Fitzroy,Fitzroy West,145.9963,-16.9232,1091,2019-11-07,0.081,0.712
Fitzroy,Fitzroy West,145.9963,-16.9232,1091,2019-11-08,0.118,0.691
Fitzroy,Fitzroy West,145.9963,-16.9232,1091,2019-11-09,0.142,0.675
Fitzroy,Fitzroy West,145.9963,-16.9232,1091,2019-11-10,0.17,0.739
Fitzroy,Fitzroy West,145.9963,-16.9232,1091,2019-11-11,0.129,0.654
Fitzroy,Fitzroy West,145.9963,-16.9232,1091,2019-11-12,0.076,0.678
Fitzroy,Fitzroy West,145.9963,-16.9232,1091,2019-11-13,0.064,0.675
Fitzroy,Fitzroy West,145.9963,-16.9232,1091,2019-11-14,0.078,0.641
Fitzroy,Fitzroy West,145.9963,-16.9232,1091,2019-11-15,0.094,0.62
Fitzroy,Fitzroy West,145.9963,-16.9232,1091,2019-11-16,0.085,0.75
Fitzroy,Fitzroy West,145.9963,-16.9232,1091,2019-11-17,0.076,0.818
Fitzroy,Fitzroy West,145.9963,-16.9232,1091,2019-11-18,0.051,0.559
Fitzroy,Fitzroy West,145.9963,-16.9232,1091,2019-11-19,0.065,0.606
Fitzroy,Fitzroy West,145.9963,-16.9232,1091,2019-11-20,0.047,0.58
Fitzroy,Fitzroy West,145.9963,-16.9232,1091,2019-11-21,0.061,0.713
Fitzroy,Fitzroy West,145.9963,-16.9232,1091,2019-11-22,0.096,0.619
Fitzroy,Fitzroy West,145.9963,-16.9232,1091,2019-11-23,0.174,0.755
Fitzroy,Fitzroy West,145.9963,-16.9232,1091,2019-11-24,0.205,0.636
Fitzroy,Fitzroy West,145.9963,-16.9232,1091,2019-11-25,0.164,0.631
Fitzroy,Fitzroy West,145.9963,-16.9232,1091,2019-11-26,0.073,0.605
Fitzroy,Fitzroy West,145.9963,-16.9232,1091,2019-11-27,0.054,0.527
Fitzroy,Fitzroy West,145.9963,-16.9232,1091,2019-11-28,0.086,0.631
Fitzroy,Fitzroy West,145.9963,-16.9232,1091,2019-11-29,0.075,0.582
Fitzroy,Fitzroy West,145.9963,-16.9232,1091,2019-11-30,0.072,0.639
Fitzroy,Fitzroy West,145.9963,-16.9232,1091,2019-12-01,0.05,0.588
Fitzroy,Fitzroy West,145.9963,-16.9232,1091,2019-12-02,0.077,0.722
Fitzroy,Fitzroy West,145.9963,-16.9232,1091,2019-12-03,0.097,0.726
Fitzroy,Fitzroy West,145.9963,-16.9232,1091,2019-12-04,0.086,0.758
Fitzroy,Fitzroy West,145.9963,-16.9232,1091,2019-12-05,0.096,0.783
Fitzroy,Fitzroy West,145.9963,-16.9232,1091,2019-12-06,0.103,0.794
Fitzroy,Fitzroy West,145.9963,-16.9232,1091,2019-12-07,0.103,0.785
Fitzroy,Fitzroy West,145.9963,-16.9232,1091,2019-12-08,0.084,0.744
Fitzroy,Fitzroy West,145.9963,-16.9232,1091,2019-12-09,0.086,0.616
Fitzroy,Fitzroy West,145.9963,-16.9232,1091,2019-12-10,0.155,1.03
Fitzroy,Fitzroy West,145.9963,-16.9232,1091,2019-12-11,0.174,1.399
Fitzroy,Fitzroy West,145.9963,-16.9232,1091,2019-12-12,0.161,0.955
Fitzroy,Fitzroy West,145.9963,-16.9232,1091,2019-12-13,0.156,0.74
Fitzroy,Fitzroy West,145.9963,-16.9232,1091,2019-12-14,0.15,0.614
Fitzroy,Fitzroy West,145.9963,-16.9232,1091,2019-12-15,0.197,0.778
Fitzroy,Fitzroy West,145.9963,-16.9232,1091,2019-12-16,0.228,0.8
Fitzroy,Fitzroy West,145.9963,-16.9232,1091,2019-12-17,0.209,0.625
Fitzroy,Fitzroy West,145.9963,-16.9232,1091,2019-12-18,0.207,0.7
Fitzroy,Fitzroy West,145.9963,-16.9232,1091,2019-12-19,0.264,0.969
Fitzroy,Fitzroy West,145.9963,-16.9232,1091,2019-12-20,0.275,0.74
Fitzroy,Fitzroy West,145.9963,-16.9232,1091,2019-12-21,0.276,0.843
Fitzroy,Fitzroy West,145.9963,-16.9232,1091,2019-12-22,0.264,0.777
Fitzroy,Fitzroy West,145.9963,-16.9232,1091,2019-12-23,0.265,0.688
Fitzroy,Fitzroy West,145.9963,-16.9232,1091,2019-12-24,0.224,0.625
Fitzroy,Fitzroy West,145.9963,-16.9232,1091,2019-12-25,0.186,0.581
Fitzroy,Fitzroy West,145.9963,-16.9232,1091,2019-12-26,0.196,0.638
Fitzroy,Fitzroy West,145.9963,-16.9232,1091,2019-12-27,0.26,0.702
Fitzroy,Fitzroy West,145.9963,-16.9232,1091,2019-12-28,0.345,0.711
Fitzroy,Fitzroy West,145.9963,-16.9232,1091,2019-12-29,0.299,0.753
Fitzroy,Fitzroy West,145.9963,-16.9232,1091,2019-12-30,0.284,0.857
Fitzroy,Fitzroy West,145.9963,-16.9232,1091,2019-12-31,0.362,0.855
Fitzroy,Fitzroy West,145.9963,-16.9232,1091,2020-01-01,0.31,0.623
Fitzroy,Fitzroy West,145.9963,-16.9232,1091,2020-01-02,0.904,4.079
Fitzroy,Fitzroy West,145.9963,-16.9232,1091,2020-01-03,0.284,1.434
Fitzroy,Fitzroy West,145.9963,-16.9232,1091,2020-01-04,0.227,1.03
Fitzroy,Fitzroy West,145.9963,-16.9232,1091,2020-01-05,0.25,0.857
Fitzroy,Fitzroy West,145.9963,-16.9232,1091,2020-01-06,0.251,0.702
Fitzroy,Fitzroy West,145.9963,-16.9232,1091,2020-01-07,0.189,0.628
Fitzroy,Fitzroy West,145.9963,-16.9232,1091,2020-01-08,0.185,0.786
Fitzroy,Fitzroy West,145.9963,-16.9232,1091,2020-01-09,0.266,0.851
Fitzroy,Fitzroy West,145.9963,-16.9232,1091,2020-01-10,0.273,0.741
Fitzroy,Fitzroy West,145.9963,-16.9232,1091,2020-01-11,0.26,0.871
Fitzroy,Fitzroy West,145.9963,-16.9232,1091,2020-01-12,0.292,0.751
Fitzroy,Fitzroy West,145.9963,-16.9232,1091,2020-01-13,0.29,0.601
Fitzroy,Fitzroy West,145.9963,-16.9232,1091,2020-01-14,0.417,0.626
Fitzroy,Fitzroy West,145.9963,-16.9232,1091,2020-01-15,0.342,0.625
Fitzroy,Fitzroy West,145.9963,-16.9232,1091,2020-01-16,0.256,0.587
Fitzroy,Fitzroy West,145.9963,-16.9232,1091,2020-01-17,0.262,2.019
Fitzroy,Fitzroy West,145.9963,-16.9232,1091,2020-01-18,0.328,0.972
Fitzroy,Fitzroy West,145.9963,-16.9232,1091,2020-01-19,0.255,0.779
Fitzroy,Fitzroy West,145.9963,-16.9232,1091,2020-01-20,0.262,0.904
Fitzroy,Fitzroy West,145.9963,-16.9232,1091,2020-01-21,0.302,1.159
Fitzroy,Fitzroy West,145.9963,-16.9232,1091,2020-01-22,0.226,0.545
Fitzroy,Fitzroy West,145.9963,-16.9232,1091,2020-01-23,0.24,0.399
Fitzroy,Fitzroy West,145.9963,-16.9232,1091,2020-01-24,0.182,0.455
Fitzroy,Fitzroy West,145.9963,-16.9232,1091,2020-01-25,0.225,0.485
Fitzroy,Fitzroy West,145.9963,-16.9232,1091,2020-01-26,0.191,0.431
Fitzroy,Fitzroy West,145.9963,-16.9232,1091,2020-01-27,0.163,0.459
Fitzroy,Fitzroy West,145.9963,-16.9232,1091,2020-01-28,0.174,0.518
Fitzroy,Fitzroy West,145.9963,-16.9232,1091,2020-01-29,0.263,0.742
Fitzroy,Fitzroy West,145.9963,-16.9232,1091,2020-01-30,0.197,0.458
Fitzroy,Fitzroy West,145.9963,-16.9232,1091,2020-01-31,0.123,0.423
Fitzroy,Fitzroy West,145.9963,-16.9232,1091,2020-02-01,0.125,0.619
Fitzroy,Fitzroy West,145.9963,-16.9232,1091,2020-02-02,0.13,0.638
Fitzroy,Fitzroy West,145.9963,-16.9232,1091,2020-02-03,0.175,0.645
Fitzroy,Fitzroy West,145.9963,-16.9232,843,2020-02-03,0.25,0.612
Fitzroy,Fitzroy West,145.9963,-16.9232,843,2020-02-04,0.201,0.524
Fitzroy,Fitzroy West,145.9963,-16.9232,843,2020-02-05,0.197,0.457
Fitzroy,Fitzroy West,145.9963,-16.9232,843,2020-02-06,0.233,0.436
Fitzroy,Fitzroy West,145.9963,-16.9232,843,2020-02-07,0.248,0.429
Fitzroy,Fitzroy West,145.9963,-16.9232,843,2020-02-08,0.233,0.388
Fitzroy,Fitzroy West,145.9963,-16.9232,843,2020-02-09,0.235,0.571
Fitzroy,Fitzroy West,145.9963,-16.9232,843,2020-02-10,0.268,0.496
Fitzroy,Fitzroy West,145.9963,-16.9232,843,2020-02-11,0.23,0.428
Fitzroy,Fitzroy West,145.9963,-16.9232,843,2020-02-12,0.219,0.42
Fitzroy,Fitzroy West,145.9963,-16.9232,843,2020-02-13,0.244,0.452
Fitzroy,Fitzroy West,145.9963,-16.9232,843,2020-02-14,0.372,0.876
Fitzroy,Fitzroy West,145.9963,-16.9232,843,2020-02-15,0.388,1.39
Fitzroy,Fitzroy West,145.9963,-16.9232,843,2020-02-16,0.36,3.06
Fitzroy,Fitzroy West,145.9963,-16.9232,843,2020-02-17,0.258,0.356
Fitzroy,Fitzroy West,145.9963,-16.9232,843,2020-02-18,0.25,0.358
Fitzroy,Fitzroy West,145.9963,-16.9232,843,2020-02-19,0.275,0.42
Fitzroy,Fitzroy West,145.9963,-16.9232,843,2020-02-20,0.244,0.426
Fitzroy,Fitzroy West,145.9963,-16.9232,843,2020-02-21,0.282,0.413
Fitzroy,Fitzroy West,145.9963,-16.9232,843,2020-02-22,0.316,0.5
Fitzroy,Fitzroy West,145.9963,-16.9232,843,2020-02-23,0.355,0.503
Fitzroy,Fitzroy West,145.9963,-16.9232,843,2020-02-24,0.377,1.213
Fitzroy,Fitzroy West,145.9963,-16.9232,843,2020-02-25,0.373,0.571
Fitzroy,Fitzroy West,145.9963,-16.9232,843,2020-02-26,0.309,0.58
Fitzroy,Fitzroy West,145.9963,-16.9232,843,2020-02-27,0.259,0.393
Fitzroy,Fitzroy West,145.9963,-16.9232,843,2020-02-28,0.284,0.43
Fitzroy,Fitzroy West,145.9963,-16.9232,843,2020-02-29,0.323,0.416
Fitzroy,Fitzroy West,145.9963,-16.9232,843,2020-03-01,0.284,0.397
Fitzroy,Fitzroy West,145.9963,-16.9232,843,2020-03-02,0.333,0.437
Fitzroy,Fitzroy West,145.9963,-16.9232,843,2020-03-03,0.388,0.657
Fitzroy,Fitzroy West,145.9963,-16.9232,843,2020-03-04,0.38,0.642
Fitzroy,Fitzroy West,145.9963,-16.9232,843,2020-03-05,0.289,0.399
Fitzroy,Fitzroy West,145.9963,-16.9232,843,2020-03-06,0.358,0.522
Fitzroy,Fitzroy West,145.9963,-16.9232,843,2020-03-07,0.35,0.436
Fitzroy,Fitzroy West,145.9963,-16.9232,843,2020-03-08,0.603,0.743
Fitzroy,Fitzroy West,145.9963,-16.9232,843,2020-03-09,0.414,0.698
Fitzroy,Fitzroy West,145.9963,-16.9232,843,2020-03-10,0.488,0.692
Fitzroy,Fitzroy West,145.9963,-16.9232,843,2020-03-11,0.478,0.715
Fitzroy,Fitzroy West,145.9963,-16.9232,843,2020-03-12,0.406,1.223
Fitzroy,Fitzroy West,145.9963,-16.9232,843,2020-03-13,0.445,1.805
Fitzroy,Fitzroy West,145.9963,-16.9232,843,2020-03-14,0.639,1.435
Fitzroy,Fitzroy West,145.9963,-16.9232,843,2020-03-15,0.693,1.22
Fitzroy,Fitzroy West,145.9963,-16.9232,843,2020-03-16,0.756,0.936
Fitzroy,Fitzroy West,145.9963,-16.9232,843,2020-03-17,0.632,0.783
Fitzroy,Fitzroy West,145.9963,-16.9232,843,2020-03-18,0.602,1.115
Fitzroy,Fitzroy West,145.9963,-16.9232,843,2020-03-19,0.622,0.982
Fitzroy,Fitzroy West,145.9963,-16.9232,843,2020-03-20,0.615,1.022
Fitzroy,Fitzroy West,145.9963,-16.9232,843,2020-03-21,0.631,0.92
Fitzroy,Fitzroy West,145.9963,-16.9232,843,2020-03-22,0.676,1.162
Fitzroy,Fitzroy West,145.9963,-16.9232,843,2020-03-23,0.562,0.971
Fitzroy,Fitzroy West,145.9963,-16.9232,843,2020-03-24,0.531,1.122
Fitzroy,Fitzroy West,145.9963,-16.9232,843,2020-03-25,0.516,1.56
Fitzroy,Fitzroy West,145.9963,-16.9232,843,2020-03-26,0.487,1.059
Fitzroy,Fitzroy West,145.9963,-16.9232,843,2020-03-27,0.586,1.2
Fitzroy,Fitzroy West,145.9963,-16.9232,843,2020-03-28,0.635,1.127
Fitzroy,Fitzroy West,145.9963,-16.9232,843,2020-03-29,0.631,1.048
Fitzroy,Fitzroy West,145.9963,-16.9232,843,2020-03-30,0.667,1.159
Fitzroy,Fitzroy West,145.9963,-16.9232,843,2020-03-31,0.553,1.241
Fitzroy,Fitzroy West,145.9963,-16.9232,843,2020-04-01,0.496,1.078
Fitzroy,Fitzroy West,145.9963,-16.9232,843,2020-04-02,0.544,0.832
Fitzroy,Fitzroy West,145.9963,-16.9232,843,2020-04-03,0.671,0.917
Fitzroy,Fitzroy West,145.9963,-16.9232,843,2020-04-04,1.049,0.873
Fitzroy,Fitzroy West,145.9963,-16.9232,843,2020-04-05,1.114,1.312
Fitzroy,Fitzroy West,145.9963,-16.9232,843,2020-04-06,0.792,0.712
Fitzroy,Fitzroy West,145.9963,-16.9232,843,2020-04-07,1.051,1.83
Fitzroy,Fitzroy West,145.9963,-16.9232,1329,2020-07-19,0.342,0.886
Fitzroy,Fitzroy West,145.9963,-16.9232,1329,2020-07-20,0.335,0.862
Fitzroy,Fitzroy West,145.9963,-16.9232,1329,2020-07-21,0.358,1.522
Fitzroy,Fitzroy West,145.9963,-16.9232,1329,2020-07-22,0.354,1.102
Fitzroy,Fitzroy West,145.9963,-16.9232,1329,2020-07-23,0.344,0.965
Fitzroy,Fitzroy West,145.9963,-16.9232,1329,2020-07-24,0.382,1.084
Fitzroy,Fitzroy West,145.9963,-16.9232,1329,2020-07-25,0.324,0.921
Fitzroy,Fitzroy West,145.9963,-16.9232,1329,2020-07-26,0.276,0.848
Fitzroy,Fitzroy West,145.9963,-16.9232,1329,2020-07-27,0.24,0.815
Fitzroy,Fitzroy West,145.9963,-16.9232,1329,2020-07-28,0.216,0.752
Fitzroy,Fitzroy West,145.9963,-16.9232,1329,2020-07-29,0.283,0.823
Fitzroy,Fitzroy West,145.9963,-16.9232,1329,2020-07-30,0.245,0.93
Fitzroy,Fitzroy West,145.9963,-16.9232,1329,2020-07-31,0.212,0.924
Fitzroy,Fitzroy West,145.9963,-16.9232,1329,2020-08-01,0.205,1.021
Fitzroy,Fitzroy West,145.9963,-16.9232,1329,2020-08-02,0.233,1.431
Fitzroy,Fitzroy West,145.9963,-16.9232,1329,2020-08-03,0.214,1.376
Fitzroy,Fitzroy West,145.9963,-16.9232,1329,2020-08-04,0.237,0.95
Fitzroy,Fitzroy West,145.9963,-16.9232,1329,2020-08-05,0.156,0.786
Fitzroy,Fitzroy West,145.9963,-16.9232,1329,2020-08-06,0.153,0.794
Fitzroy,Fitzroy West,145.9963,-16.9232,1329,2020-08-07,0.126,0.684
Fitzroy,Fitzroy West,145.9963,-16.9232,1329,2020-08-08,0.183,0.99
Fitzroy,Fitzroy West,145.9963,-16.9232,1329,2020-08-09,0.132,0.737
Fitzroy,Fitzroy West,145.9963,-16.9232,1329,2020-08-10,0.089,0.629
Fitzroy,Fitzroy West,145.9963,-16.9232,1329,2020-08-11,0.069,0.518
Fitzroy,Fitzroy West,145.9963,-16.9232,1329,2020-08-12,0.036,0.446
Fitzroy,Fitzroy West,145.9963,-16.9232,1329,2020-08-13,0.037,0.516
Fitzroy,Fitzroy West,145.9963,-16.9232,1329,2020-08-14,0.076,0.743
Fitzroy,Fitzroy West,145.9963,-16.9232,1329,2020-08-15,0.036,0.607
Fitzroy,Fitzroy West,145.9963,-16.9232,1329,2020-08-16,0.078,0.591
Fitzroy,Fitzroy West,145.9963,-16.9232,1329,2020-08-17,0.098,0.57
Fitzroy,Fitzroy West,145.9963,-16.9232,1329,2020-08-18,0.116,0.708
Fitzroy,Fitzroy West,145.9963,-16.9232,1329,2020-08-19,0.154,0.854
Fitzroy,Fitzroy West,145.9963,-16.9232,1329,2020-08-20,0.161,1.078
Fitzroy,Fitzroy West,145.9963,-16.9232,1329,2020-08-21,0.164,0.93
Fitzroy,Fitzroy West,145.9963,-16.9232,1329,2020-08-22,0.139,1.092
Fitzroy,Fitzroy West,145.9963,-16.9232,1329,2020-08-23,0.125,0.714
Fitzroy,Fitzroy West,145.9963,-16.9232,1329,2020-08-24,0.133,0.813
Fitzroy,Fitzroy West,145.9963,-16.9232,1329,2020-08-25,0.147,0.779
Fitzroy,Fitzroy West,145.9963,-16.9232,1329,2020-08-26,0.178,1.462
Fitzroy,Fitzroy West,145.9963,-16.9232,1329,2020-08-27,0.133,1.907
Fitzroy,Fitzroy West,145.9963,-16.9232,1329,2020-08-28,0.202,2.434
Fitzroy,Fitzroy West,145.9963,-16.9232,1329,2020-08-29,0.309,3.657
Fitzroy,Fitzroy West,145.9963,-16.9232,1329,2020-08-30,0.433,9.369
Fitzroy,Fitzroy West,145.9963,-16.9232,1329,2020-08-31,0.376,6.552
Fitzroy,Fitzroy West,145.9963,-16.9232,1329,2020-09-01,0.323,2.685
Fitzroy,Fitzroy West,145.9963,-16.9232,1329,2020-09-02,0.225,1.592
Fitzroy,Fitzroy West,145.9963,-16.9232,1329,2020-09-03,0.226,1.49
Fitzroy,Fitzroy West,145.9963,-16.9232,1329,2020-09-04,0.15,1.384
Fitzroy,Fitzroy West,145.9963,-16.9232,1329,2020-09-05,0.094,1.073
Fitzroy,Fitzroy West,145.9963,-16.9232,1329,2020-09-06,0.105,0.981
Fitzroy,Fitzroy West,145.9963,-16.9232,1329,2020-09-07,0.178,1.76
Fitzroy,Fitzroy West,145.9963,-16.9232,1329,2020-09-08,0.181,1.887
Fitzroy,Fitzroy West,145.9963,-16.9232,1329,2020-09-09,0.193,1.323
Fitzroy,Fitzroy West,145.9963,-16.9232,1329,2020-09-10,0.237,1.344
Fitzroy,Fitzroy West,145.9963,-16.9232,1329,2020-09-11,0.3,1.12
Fitzroy,Fitzroy West,145.9963,-16.9232,1329,2020-09-12,0.374,1.071
Fitzroy,Fitzroy West,145.9963,-16.9232,1329,2020-09-13,0.33,0.757
Fitzroy,Fitzroy West,145.9963,-16.9232,1329,2020-09-14,0.322,0.882
Fitzroy,Fitzroy West,145.9963,-16.9232,1329,2020-09-15,0.382,1.124
Fitzroy,Fitzroy West,145.9963,-16.9232,1329,2020-09-16,0.419,1.195
Fitzroy,Fitzroy West,145.9963,-16.9232,1329,2020-09-17,0.501,1.792
Fitzroy,Fitzroy West,145.9963,-16.9232,1329,2020-09-18,0.386,2.397
Fitzroy,Fitzroy West,145.9963,-16.9232,1329,2020-09-19,0.2,1.383
Fitzroy,Fitzroy West,145.9963,-16.9232,1329,2020-09-20,0.151,0.752
Fitzroy,Fitzroy West,145.9963,-16.9232,1329,2020-09-21,0.153,0.642
Fitzroy,Fitzroy West,145.9963,-16.9232,1329,2020-09-22,0.229,0.7
Fitzroy,Fitzroy West,145.9963,-16.9232,1329,2020-09-23,0.213,0.902
Fitzroy,Fitzroy West,145.9963,-16.9232,1329,2020-09-24,0.224,0.734
Fitzroy,Fitzroy West,145.9963,-16.9232,1329,2020-09-25,0.28,0.713
Fitzroy,Fitzroy West,145.9963,-16.9232,1329,2020-09-26,0.325,0.736
Fitzroy,Fitzroy West,145.9963,-16.9232,1329,2020-09-27,0.394,0.826
Fitzroy,Fitzroy West,145.9963,-16.9232,1329,2020-09-28,0.366,0.875
Fitzroy,Fitzroy West,145.9963,-16.9232,1329,2020-09-29,0.373,1.196
Fitzroy,Fitzroy West,145.9963,-16.9232,1329,2020-09-30,0.414,1.065
Fitzroy,Fitzroy West,145.9963,-16.9232,1329,2020-10-01,0.461,0.796
Fitzroy,Fitzroy West,145.9963,-16.9232,1329,2020-10-02,0.527,1.037
Fitzroy,Fitzroy West,145.9963,-16.9232,1329,2020-10-03,0.497,1.65
Fitzroy,Fitzroy West,145.9963,-16.9232,1329,2020-10-04,0.476,1.814
Fitzroy,Fitzroy West,145.9963,-16.9232,1329,2020-10-05,0.509,1.204
Fitzroy,Fitzroy West,145.9963,-16.9232,1329,2020-10-06,0.526,0.874
Fitzroy,Fitzroy West,145.9963,-16.9232,1329,2020-10-07,0.572,0.821
Fitzroy,Fitzroy West,145.9963,-16.9232,1329,2020-10-08,0.537,0.764
Fitzroy,Fitzroy West,145.9963,-16.9232,819,2020-10-20,0.277,1.088
Fitzroy,Fitzroy West,145.9963,-16.9232,819,2020-10-21,0.276,1.125
Fitzroy,Fitzroy West,145.9963,-16.9232,819,2020-10-22,0.295,1.143
Fitzroy,Fitzroy West,145.9963,-16.9232,819,2020-10-23,0.309,1.098
Fitzroy,Fitzroy West,145.9963,-16.9232,819,2020-10-24,0.305,1.028
Fitzroy,Fitzroy West,145.9963,-16.9232,819,2020-10-25,0.32,1.001
Fitzroy,Fitzroy West,145.9963,-16.9232,819,2020-10-26,0.368,1.041
Fitzroy,Fitzroy West,145.9963,-16.9232,819,2020-10-27,0.386,1.055
Fitzroy,Fitzroy West,145.9963,-16.9232,819,2020-10-28,0.339,1.023
Fitzroy,Fitzroy West,145.9963,-16.9232,819,2020-10-29,0.321,1.044
Fitzroy,Fitzroy West,145.9963,-16.9232,819,2020-10-30,0.354,1.008
Fitzroy,Fitzroy West,145.9963,-16.9232,819,2020-10-31,0.508,1.185
Fitzroy,Fitzroy West,145.9963,-16.9232,819,2020-11-01,0.329,1.046
Fitzroy,Fitzroy West,145.9963,-16.9232,819,2020-11-02,0.294,0.979
Fitzroy,Fitzroy West,145.9963,-16.9232,819,2020-11-03,0.32,0.86
Fitzroy,Fitzroy West,145.9963,-16.9232,819,2020-11-04,0.307,0.875
Fitzroy,Fitzroy West,145.9963,-16.9232,819,2020-11-05,0.316,0.853
Fitzroy,Fitzroy West,145.9963,-16.9232,819,2020-11-06,0.337,0.985
Fitzroy,Fitzroy West,145.9963,-16.9232,819,2020-11-07,0.306,0.851
Fitzroy,Fitzroy West,145.9963,-16.9232,819,2020-11-08,0.305,0.87
Fitzroy,Fitzroy West,145.9963,-16.9232,819,2020-11-09,0.384,1.512
Fitzroy,Fitzroy West,145.9963,-16.9232,819,2020-11-10,0.409,0.975
Fitzroy,Fitzroy West,145.9963,-16.9232,819,2020-11-11,0.348,0.817
Fitzroy,Fitzroy West,145.9963,-16.9232,819,2020-11-12,0.397,0.802
Fitzroy,Fitzroy West,145.9963,-16.9232,819,2020-11-13,0.316,0.731
Fitzroy,Fitzroy West,145.9963,-16.9232,819,2020-11-14,0.346,0.693
Fitzroy,Fitzroy West,145.9963,-16.9232,819,2020-11-15,0.457,0.805
Fitzroy,Fitzroy West,145.9963,-16.9232,819,2020-11-16,0.461,0.807
Fitzroy,Fitzroy West,145.9963,-16.9232,819,2020-11-17,0.439,0.798
Fitzroy,Fitzroy West,145.9963,-16.9232,819,2020-11-18,0.499,0.933
Fitzroy,Fitzroy West,145.9963,-16.9232,819,2020-11-19,0.512,1.0
Fitzroy,Fitzroy West,145.9963,-16.9232,819,2020-11-20,0.632,1.208
Fitzroy,Fitzroy West,145.9963,-16.9232,819,2020-11-21,0.581,1.271
Fitzroy,Fitzroy West,145.9963,-16.9232,819,2020-11-22,0.585,1.269
Fitzroy,Fitzroy West,145.9963,-16.9232,819,2020-11-23,0.683,1.192
Fitzroy,Fitzroy West,145.9963,-16.9232,819,2020-11-24,0.712,1.017
Fitzroy,Fitzroy West,145.9963,-16.9232,819,2020-11-25,0.849,1.063
Fitzroy,Fitzroy West,145.9963,-16.9232,819,2020-11-26,0.944,1.177
Fitzroy,Fitzroy West,145.9963,-16.9232,819,2020-11-27,1.039,1.456
Fitzroy,Fitzroy West,145.9963,-16.9232,819,2020-11-28,1.027,1.635
Fitzroy,Fitzroy West,145.9963,-16.9232,819,2020-11-29,0.915,1.594
Fitzroy,Fitzroy West,145.9963,-16.9232,819,2020-11-30,0.862,1.744
Fitzroy,Fitzroy West,145.9963,-16.9232,819,2020-12-01,0.825,1.999
Fitzroy,Fitzroy West,145.9963,-16.9232,819,2020-12-02,0.899,2.201
Fitzroy,Fitzroy West,145.9963,-16.9232,819,2020-12-03,0.564,1.194
Fitzroy,Fitzroy West,145.9963,-16.9232,5137,2021-02-14,0.185,0.776
Fitzroy,Fitzroy West,145.9963,-16.9232,5137,2021-02-15,0.186,0.764
Fitzroy,Fitzroy West,145.9963,-16.9232,5137,2021-02-16,0.195,0.905
Fitzroy,Fitzroy West,145.9963,-16.9232,5137,2021-02-17,0.256,0.824
Fitzroy,Fitzroy West,145.9963,-16.9232,5137,2021-02-18,0.285,0.833
Fitzroy,Fitzroy West,145.9963,-16.9232,5137,2021-02-19,0.289,0.846
Fitzroy,Fitzroy West,145.9963,-16.9232,5137,2021-02-20,0.348,0.985
Fitzroy,Fitzroy West,145.9963,-16.9232,5137,2021-02-21,0.43,1.008
Fitzroy,Fitzroy West,145.9963,-16.9232,5137,2021-02-22,0.395,0.695
Fitzroy,Fitzroy West,145.9963,-16.9232,5137,2021-02-23,0.226,0.612
Fitzroy,Fitzroy West,145.9963,-16.9232,5137,2021-02-24,0.201,0.598
Fitzroy,Fitzroy West,145.9963,-16.9232,5137,2021-02-25,0.229,0.643
Fitzroy,Fitzroy West,145.9963,-16.9232,5137,2021-02-26,0.3,0.676
Fitzroy,Fitzroy West,145.9963,-16.9232,5137,2021-02-27,0.299,0.734
Fitzroy,Fitzroy West,145.9963,-16.9232,5137,2021-02-28,0.418,0.877
Fitzroy,Fitzroy West,145.9963,-16.9232,5137,2021-03-01,0.445,1.027
Fitzroy,Fitzroy West,145.9963,-16.9232,816,2021-06-12,0.466,2.278
Fitzroy,Fitzroy West,145.9963,-16.9232,816,2021-06-13,0.383,2.212
Fitzroy,Fitzroy West,145.9963,-16.9232,816,2021-06-14,0.303,2.098
Fitzroy,Fitzroy West,145.9963,-16.9232,816,2021-06-15,0.333,2.134
Fitzroy,Fitzroy West,145.9963,-16.9232,816,2021-06-16,0.231,1.992
Fitzroy,Fitzroy West,145.9963,-16.9232,816,2021-06-17,0.21,2.213
Fitzroy,Fitzroy West,145.9963,-16.9232,816,2021-06-18,0.206,2.026
Fitzroy,Fitzroy West,145.9963,-16.9232,816,2021-06-19,0.239,1.815
Fitzroy,Fitzroy West,145.9963,-16.9232,816,2021-06-20,0.343,2.032
Fitzroy,Fitzroy West,145.9963,-16.9232,816,2021-06-21,0.303,2.008
Fitzroy,Fitzroy West,145.9963,-16.9232,816,2021-06-22,0.252,2.033
Fitzroy,Fitzroy West,145.9963,-16.9232,816,2021-06-23,0.276,3.024
Fitzroy,Fitzroy West,145.9963,-16.9232,816,2021-06-24,0.307,2.653
Fitzroy,Fitzroy West,145.9963,-16.9232,816,2021-06-25,0.213,2.314
Fitzroy,Fitzroy West,145.9963,-16.9232,816,2021-06-26,0.171,1.456
Fitzroy,Fitzroy West,145.9963,-16.9232,816,2021-06-27,0.306,1.288
Fitzroy,Fitzroy West,145.9963,-16.9232,816,2021-06-28,0.229,1.324
Fitzroy,Fitzroy West,145.9963,-16.9232,816,2021-06-29,0.198,1.268
Fitzroy,Fitzroy West,145.9963,-16.9232,816,2021-06-30,0.267,2.875
Fitzroy,Fitzroy West,145.9963,-16.9232,816,2021-07-01,0.33,2.992
Fitzroy,Fitzroy West,145.9963,-16.9232,816,2021-07-02,0.221,1.834
Fitzroy,Fitzroy West,145.9963,-16.9232,816,2021-07-03,0.164,1.01
Fitzroy,Fitzroy West,145.9963,-16.9232,816,2021-07-04,0.231,1.269
Fitzroy,Fitzroy West,145.9963,-16.9232,816,2021-07-05,0.234,1.192
Fitzroy,Fitzroy West,145.9963,-16.9232,816,2021-07-06,0.284,1.274
Fitzroy,Fitzroy West,145.9963,-16.9232,816,2021-07-07,0.199,1.39
Fitzroy,Fitzroy West,145.9963,-16.9232,816,2021-07-08,0.219,2.449
Fitzroy,Fitzroy West,145.9963,-16.9232,816,2021-07-09,0.193,1.405
Fitzroy,Fitzroy West,145.9963,-16.9232,816,2021-07-10,0.106,1.074
Fitzroy,Fitzroy West,145.9963,-16.9232,816,2021-07-11,0.131,1.38
Fitzroy,Fitzroy West,145.9963,-16.9232,816,2021-07-12,0.136,1.174
Fitzroy,Fitzroy West,145.9963,-16.9232,816,2021-07-13,0.153,1.259
Fitzroy,Fitzroy West,145.9963,-16.9232,816,2021-07-14,0.157,1.472
Fitzroy,Fitzroy West,145.9963,-16.9232,816,2021-07-15,0.158,1.726
Fitzroy,Fitzroy West,145.9963,-16.9232,816,2021-07-16,0.116,1.12
Fitzroy,Fitzroy West,145.9963,-16.9232,816,2021-07-17,0.18,1.201
Fitzroy,Fitzroy West,145.9963,-16.9232,816,2021-07-18,0.147,1.06
Fitzroy,Fitzroy West,145.9963,-16.9232,816,2021-07-19,0.214,1.206
Fitzroy,Fitzroy West,145.9963,-16.9232,816,2021-07-20,0.139,1.233
Fitzroy,Fitzroy West,145.9963,-16.9232,816,2021-07-21,0.132,1.071
Fitzroy,Fitzroy West,145.9963,-16.9232,816,2021-07-22,0.274,1.149
Fitzroy,Fitzroy West,145.9963,-16.9232,816,2021-07-23,0.18,1.018
Fitzroy,Fitzroy West,145.9963,-16.9232,816,2021-07-24,0.067,0.834
Fitzroy,Fitzroy West,145.9963,-16.9232,816,2021-07-25,0.078,0.996
Fitzroy,Fitzroy West,145.9963,-16.9232,816,2021-07-26,0.218,1.097
Fitzroy,Fitzroy West,145.9963,-16.9232,816,2021-07-27,0.162,1.543
Fitzroy,Fitzroy West,145.9963,-16.9232,816,2021-07-28,0.176,1.325
Fitzroy,Fitzroy West,145.9963,-16.9232,816,2021-07-29,0.238,1.07
Fitzroy,Fitzroy West,145.9963,-16.9232,816,2021-07-30,0.281,0.947
Fitzroy,Fitzroy West,145.9963,-16.9232,1091,2021-10-02,0.169,0.773
Fitzroy,Fitzroy West,145.9963,-16.9232,1091,2021-10-03,0.176,0.89
Fitzroy,Fitzroy West,145.9963,-16.9232,1091,2021-10-04,0.166,0.8
Fitzroy,Fitzroy West,145.9963,-16.9232,1091,2021-10-05,0.15,0.757
Fitzroy,Fitzroy West,145.9963,-16.9232,6667,2022-02-12,0.123,0.498
Fitzroy,Fitzroy West,145.9963,-16.9232,6667,2022-02-13,0.172,0.477
Fitzroy,Fitzroy West,145.9963,-16.9232,6667,2022-02-14,0.202,0.647
Fitzroy,Fitzroy West,145.9963,-16.9232,6667,2022-02-15,0.259,0.855
Fitzroy,Fitzroy West,145.9963,-16.9232,6667,2022-02-16,0.329,0.789
Fitzroy,Fitzroy West,145.9963,-16.9232,6667,2022-02-17,0.288,0.766
Fitzroy,Fitzroy West,145.9963,-16.9232,6667,2022-02-18,0.292,0.933
Fitzroy,Fitzroy West,145.9963,-16.9232,6667,2022-02-19,0.265,0.645
Fitzroy,Fitzroy West,145.9963,-16.9232,6667,2022-02-20,0.288,0.573
Fitzroy,Fitzroy West,145.9963,-16.9232,6667,2022-02-21,0.27,0.596
Fitzroy,Fitzroy West,145.9963,-16.9232,6667,2022-02-22,0.417,0.663
Fitzroy,Fitzroy West,145.9963,-16.9232,6667,2022-02-23,0.298,0.48
Fitzroy,Fitzroy West,145.9963,-16.9232,6667,2022-02-24,0.204,0.43
Fitzroy,Fitzroy West,145.9963,-16.9232,6667,2022-02-25,0.163,0.413
Fitzroy,Fitzroy West,145.9963,-16.9232,6667,2022-02-26,0.156,0.571
Fitzroy,Fitzroy West,145.9963,-16.9232,6667,2022-02-27,0.224,0.644
Fitzroy,Fitzroy West,145.9963,-16.9232,6667,2022-02-28,0.239,0.675
Fitzroy,Fitzroy West,145.9963,-16.9232,6667,2022-03-01,0.134,0.472
Fitzroy,Fitzroy West,145.9963,-16.9232,6667,2022-03-02,0.149,0.557
Fitzroy,Fitzroy West,145.9963,-16.9232,6667,2022-03-03,0.213,0.756
Fitzroy,Fitzroy West,145.9963,-16.9232,6667,2022-03-04,0.233,0.83
Fitzroy,Fitzroy West,145.9963,-16.9232,6667,2022-03-05,0.24,0.757
Fitzroy,Fitzroy West,145.9963,-16.9232,6667,2022-03-06,0.204,0.744
Fitzroy,Fitzroy West,145.9963,-16.9232,6667,2022-03-07,0.263,0.962
Fitzroy,Fitzroy West,145.9963,-16.9232,6667,2022-03-08,0.189,0.715
Fitzroy,Fitzroy West,145.9963,-16.9232,6667,2022-03-09,0.185,0.738
Fitzroy,Fitzroy West,145.9963,-16.9232,6667,2022-03-10,0.13,0.453
Fitzroy,Fitzroy West,145.9963,-16.9232,6667,2022-03-11,0.105,0.462
Fitzroy,Fitzroy West,145.9963,-16.9232,6667,2022-03-12,0.073,0.424
Fitzroy,Fitzroy West,145.9963,-16.9232,6667,2022-03-13,0.201,0.619
Fitzroy,Fitzroy West,145.9963,-16.9232,6667,2022-03-14,0.213,0.969
Fitzroy,Fitzroy West,145.9963,-16.9232,6667,2022-03-15,0.236,1.15
Fitzroy,Fitzroy West,145.9963,-16.9232,6667,2022-03-16,0.236,1.064
Fitzroy,Fitzroy West,145.9963,-16.9232,6667,2022-03-17,0.271,1.276
Fitzroy,Fitzroy West,145.9963,-16.9232,6667,2022-03-18,0.407,1.572
Fitzroy,Fitzroy West,145.9963,-16.9232,6667,2022-03-19,0.481,1.345
Fitzroy,Fitzroy West,145.9963,-16.9232,6667,2022-03-20,0.388,1.11
Fitzroy,Fitzroy West,145.9963,-16.9232,6667,2022-03-21,0.289,0.809
Fitzroy,Fitzroy West,145.9963,-16.9232,6667,2022-03-22,0.246,1.253
Fitzroy,Fitzroy West,145.9963,-16.9232,6667,2022-03-23,0.215,1.149
Fitzroy,Fitzroy West,145.9963,-16.9232,6667,2022-03-24,0.221,0.565
Fitzroy,Fitzroy West,145.9963,-16.9232,6667,2022-03-25,0.246,0.59
Fitzroy,Fitzroy West,145.9963,-16.9232,6667,2022-03-26,0.319,0.75
Fitzroy,Fitzroy West,145.9963,-16.9232,6667,2022-03-27,0.329,0.962
Fitzroy,Fitzroy West,145.9963,-16.9232,6667,2022-03-28,0.269,0.724
Fitzroy,Fitzroy West,145.9963,-16.9232,6667,2022-03-29,0.113,0.549
Fitzroy,Fitzroy West,145.9963,-16.9232,6667,2022-03-30,0.122,0.604
Fitzroy,Fitzroy West,145.9963,-16.9232,6667,2022-03-31,0.182,0.616
Fitzroy,Fitzroy West,145.9963,-16.9232,6667,2022-04-01,0.137,0.604
Fitzroy,Fitzroy West,145.9963,-16.9232,6667,2022-04-02,0.166,0.397
Fitzroy,Fitzroy West,145.9963,-16.9232,6667,2022-04-03,0.188,0.374
Fitzroy,Fitzroy West,145.9963,-16.9232,6667,2022-04-04,0.187,0.448
Fitzroy,Fitzroy West,145.9963,-16.9232,6667,2022-04-05,0.168,0.63
Fitzroy,Fitzroy West,145.9963,-16.9232,6667,2022-04-06,0.161,0.582
Fitzroy,Fitzroy West,145.9963,-16.9232,6667,2022-04-07,0.179,0.742
Fitzroy,Fitzroy West,145.9963,-16.9232,6667,2022-04-08,0.222,0.817
Fitzroy,Fitzroy West,145.9963,-16.9232,6667,2022-04-09,0.198,0.874
Fitzroy,Fitzroy West,145.9963,-16.9232,6667,2022-04-10,0.201,0.956
Fitzroy,Fitzroy West,145.9963,-16.9232,6667,2022-04-11,0.212,2.0
Fitzroy,Fitzroy West,145.9963,-16.9232,6667,2022-04-12,0.186,2.052
Fitzroy,Fitzroy West,145.9963,-16.9232,6667,2022-04-13,0.219,1.132
Fitzroy,Fitzroy West,145.9963,-16.9232,6667,2022-04-14,0.212,0.957
Fitzroy,Fitzroy West,145.9963,-16.9232,6667,2022-04-15,0.213,1.313
Fitzroy,Fitzroy West,145.9963,-16.9232,6667,2022-04-16,0.31,0.849
Fitzroy,Fitzroy West,145.9963,-16.9232,6667,2022-04-17,0.354,0.749
Fitzroy,Fitzroy West,145.9963,-16.9232,6667,2022-04-18,0.273,0.866
Fitzroy,Fitzroy West,145.9963,-16.9232,6667,2022-04-19,0.275,0.799
Fitzroy,Fitzroy West,145.9963,-16.9232,6667,2022-04-20,0.321,0.739
Fitzroy,Fitzroy West,145.9963,-16.9232,6667,2022-04-21,0.351,1.143
Fitzroy,Fitzroy West,145.9963,-16.9232,6667,2022-04-22,0.385,7.81
Fitzroy,Fitzroy West,145.9963,-16.9232,6667,2022-04-23,0.337,6.324
Fitzroy,Fitzroy West,145.9963,-16.9232,6667,2022-04-24,0.362,2.243
Fitzroy,Fitzroy West,145.9963,-16.9232,6667,2022-04-25,0.416,1.866
Fitzroy,Fitzroy West,145.9963,-16.9232,6667,2022-04-26,0.347,1.351
Fitzroy,Fitzroy West,145.9963,-16.9232,6667,2022-04-27,0.53,1.026
Fitzroy,Fitzroy West,145.9963,-16.9232,6667,2022-04-28,0.512,0.959
Fitzroy,Fitzroy West,145.9963,-16.9232,6667,2022-04-29,0.382,1.009
Fitzroy,Fitzroy West,145.9963,-16.9232,6667,2022-04-30,0.284,1.396
Fitzroy,Fitzroy West,145.9963,-16.9232,6667,2022-05-01,0.368,1.361
Fitzroy,Fitzroy West,145.9963,-16.9232,6667,2022-05-02,0.418,0.882
Fitzroy,Fitzroy West,145.9963,-16.9232,6667,2022-05-03,0.468,0.803
Fitzroy,Fitzroy West,145.9963,-16.9232,6667,2022-05-04,0.481,1.28
Fitzroy,Fitzroy West,145.9963,-16.9232,6667,2022-05-05,0.57,0.922
Fitzroy,Fitzroy West,145.9963,-16.9232,6667,2022-05-06,0.281,0.485
Fitzroy,Fitzroy West,145.9963,-16.9232,6667,2022-05-07,0.226,0.631
Fitzroy,Fitzroy West,145.9963,-16.9232,6667,2022-05-08,0.238,0.863
Fitzroy,Fitzroy West,145.9963,-16.9232,6667,2022-05-09,0.323,1.573
Fitzroy,Fitzroy West,145.9963,-16.9232,6667,2022-05-10,0.349,1.758
Fitzroy,Fitzroy West,145.9963,-16.9232,6667,2022-05-11,0.411,1.737
Fitzroy,Fitzroy West,145.9963,-16.9232,6667,2022-05-12,0.372,1.765
Fitzroy,Fitzroy West,145.9963,-16.9232,6667,2022-05-13,0.431,1.353
Fitzroy,Fitzroy West,145.9963,-16.9232,6667,2022-05-14,0.525,1.045
Fitzroy,Fitzroy West,145.9963,-16.9232,6667,2022-05-15,0.311,0.796
Fitzroy,Fitzroy West,145.9963,-16.9232,6667,2022-05-16,0.185,0.511
Fitzroy,Fitzroy West,145.9963,-16.9232,6667,2022-05-17,0.204,0.478
Fitzroy,Fitzroy West,145.9963,-16.9232,6667,2022-05-18,0.199,0.359
Fitzroy,Fitzroy West,145.9963,-16.9232,6667,2022-05-19,0.233,0.331
Fitzroy,Fitzroy West,145.9963,-16.9232,6667,2022-05-20,0.284,0.439
Fitzroy,Fitzroy West,145.9963,-16.9232,6667,2022-05-21,0.316,0.684
Fitzroy,Fitzroy West,145.9963,-16.9232,6667,2022-05-22,0.422,0.875
Fitzroy,Fitzroy West,145.9963,-16.9232,6667,2022-05-23,0.392,1.002
Fitzroy,Fitzroy West,145.9963,-16.9232,6667,2022-05-24,0.426,1.018
Fitzroy,Fitzroy West,145.9963,-16.9232,6667,2022-05-25,0.358,0.88
Fitzroy,Fitzroy West,145.9963,-16.9232,6667,2022-05-26,0.374,0.714
Fitzroy,Fitzroy West,145.9963,-16.9232,6667,2022-05-27,0.411,0.807
Fitzroy,Fitzroy West,145.9963,-16.9232,6667,2022-05-28,0.502,1.252
Fitzroy,Fitzroy West,145.9963,-16.9232,6667,2022-05-29,0.393,0.691
Fitzroy,Fitzroy West,145.9963,-16.9232,6667,2022-05-30,0.25,0.513
Fitzroy,Fitzroy West,145.9963,-16.9232,6667,2022-05-31,0.359,0.761
Fitzroy,Fitzroy West,145.9963,-16.9232,6667,2022-06-01,0.261,0.643
Fitzroy,Fitzroy West,145.9963,-16.9232,6667,2022-06-02,0.172,0.445
Fitzroy,Fitzroy West,145.9963,-16.9232,6667,2022-06-03,0.168,0.706
Fitzroy,Fitzroy West,145.9963,-16.9232,6667,2022-06-04,0.134,0.723
Fitzroy,Fitzroy West,145.9963,-16.9232,6667,2022-06-05,0.152,0.746
Fitzroy,Fitzroy West,145.9963,-16.9232,6667,2022-06-06,0.189,0.688
Fitzroy,Fitzroy West,145.9963,-16.9232,6667,2022-06-07,0.174,0.477
Fitzroy,Fitzroy West,145.9963,-16.9232,7219,2022-06-08,0.429,0.702
Fitzroy,Fitzroy West,145.9963,-16.9232,6667,2022-06-08,0.363,0.414
Fitzroy,Fitzroy West,145.9963,-16.9232,7219,2022-06-09,0.235,0.647
Fitzroy,Fitzroy West,145.9963,-16.9232,7219,2022-06-10,0.301,0.732
Fitzroy,Fitzroy West,145.9963,-16.9232,7219,2022-06-11,0.426,0.847
Fitzroy,Fitzroy West,145.9963,-16.9232,7219,2022-06-12,0.339,0.899
Fitzroy,Fitzroy West,145.9963,-16.9232,7219,2022-06-13,0.26,0.846
Fitzroy,Fitzroy West,145.9963,-16.9232,7219,2022-06-14,0.227,0.754
Fitzroy,Fitzroy West,145.9963,-16.9232,7219,2022-06-15,0.223,0.8
Fitzroy,Fitzroy West,145.9963,-16.9232,7219,2022-06-16,0.209,0.778
Fitzroy,Fitzroy West,145.9963,-16.9232,7219,2022-06-17,0.229,0.853
Fitzroy,Fitzroy West,145.9963,-16.9232,7219,2022-06-18,0.228,1.124
Fitzroy,Fitzroy West,145.9963,-16.9232,7219,2022-06-19,0.232,0.896
Fitzroy,Fitzroy West,145.9963,-16.9232,7219,2022-06-20,0.243,0.768
Fitzroy,Fitzroy West,145.9963,-16.9232,7219,2022-06-21,0.209,0.957
Fitzroy,Fitzroy West,145.9963,-16.9232,7219,2022-06-22,0.246,1.245
Fitzroy,Fitzroy West,145.9963,-16.9232,7219,2022-06-23,0.244,1.256
Fitzroy,Fitzroy West,145.9963,-16.9232,7219,2022-06-24,0.307,1.46
Fitzroy,Fitzroy West,145.9963,-16.9232,7219,2022-06-25,0.271,1.679
Fitzroy,Fitzroy West,145.9963,-16.9232,7219,2022-06-26,0.258,1.62
Fitzroy,Fitzroy West,145.9963,-16.9232,7219,2022-06-27,0.257,1.277
Fitzroy,Fitzroy West,145.9963,-16.9232,7219,2022-06-28,0.313,1.28
Fitzroy,Fitzroy West,145.9963,-16.9232,7219,2022-06-29,0.408,2.031
Fitzroy,Fitzroy West,145.9963,-16.9232,7219,2022-06-30,0.492,2.239
Fitzroy,Fitzroy West,145.9963,-16.9232,7219,2022-07-01,0.548,2.747
Fitzroy,Fitzroy West,145.9963,-16.9232,7219,2022-07-02,0.479,1.074
Fitzroy,Fitzroy West,145.9963,-16.9232,7219,2022-07-03,0.506,0.753
Fitzroy,Fitzroy West,145.9963,-16.9232,7219,2022-07-04,0.389,0.708
Fitzroy,Fitzroy West,145.9963,-16.9232,7219,2022-07-05,0.403,0.877
Fitzroy,Fitzroy West,145.9963,-16.9232,7219,2022-07-06,0.311,0.683
Fitzroy,Fitzroy West,145.9963,-16.9232,7219,2022-07-07,0.361,0.689
Fitzroy,Fitzroy West,145.9963,-16.9232,7219,2022-07-08,0.452,0.681
Fitzroy,Fitzroy West,145.9963,-16.9232,7219,2022-07-09,0.233,0.447
Fitzroy,Fitzroy West,145.9963,-16.9232,7219,2022-07-10,0.285,0.476
Fitzroy,Fitzroy West,145.9963,-16.9232,7219,2022-07-11,0.29,0.492
Fitzroy,Fitzroy West,145.9963,-16.9232,7219,2022-07-12,0.225,0.512
Fitzroy,Fitzroy West,145.9963,-16.9232,7219,2022-07-13,0.268,0.508
Fitzroy,Fitzroy West,145.9963,-16.9232,7219,2022-07-14,0.215,0.491
Fitzroy,Fitzroy West,145.9963,-16.9232,7219,2022-07-15,0.187,0.537
Fitzroy,Fitzroy West,145.9963,-16.9232,7219,2022-07-16,0.172,0.948
Fitzroy,Fitzroy West,145.9963,-16.9232,7219,2022-07-17,0.18,1.346
Fitzroy,Fitzroy West,145.9963,-16.9232,7219,2022-07-18,0.167,0.709
Fitzroy,Fitzroy West,145.9963,-16.9232,7219,2022-07-19,0.193,0.649
Fitzroy,Fitzroy West,145.9963,-16.9232,7219,2022-07-20,0.171,0.583
Fitzroy,Fitzroy West,145.9963,-16.9232,7219,2022-07-21,0.123,0.527
Fitzroy,Fitzroy West,145.9963,-16.9232,7219,2022-07-22,0.134,0.509
Fitzroy,Fitzroy West,145.9963,-16.9232,7219,2022-07-23,0.111,0.436
Fitzroy,Fitzroy West,145.9963,-16.9232,7219,2022-07-24,0.155,0.467
Fitzroy,Fitzroy West,145.9963,-16.9232,7219,2022-07-25,0.172,0.473
Fitzroy,Fitzroy West,145.9963,-16.9232,7219,2022-07-26,0.122,0.471
Fitzroy,Fitzroy West,145.9963,-16.9232,7219,2022-07-27,0.135,0.544
Fitzroy,Fitzroy West,145.9963,-16.9232,7219,2022-07-28,0.132,0.71
Fitzroy,Fitzroy West,145.9963,-16.9232,7219,2022-07-29,0.126,0.672
Fitzroy,Fitzroy West,145.9963,-16.9232,7219,2022-07-30,0.127,0.758
Fitzroy,Fitzroy West,145.9963,-16.9232,7219,2022-07-31,0.173,0.877
Fitzroy,Fitzroy West,145.9963,-16.9232,7219,2022-08-01,0.185,0.747
Fitzroy,Fitzroy West,145.9963,-16.9232,7219,2022-08-02,0.155,0.674
Fitzroy,Fitzroy West,145.9963,-16.9232,7219,2022-08-03,0.156,0.594
Fitzroy,Fitzroy West,145.9963,-16.9232,7219,2022-08-04,0.166,0.591
Fitzroy,Fitzroy West,145.9963,-16.9232,7219,2022-08-05,0.135,0.512
Fitzroy,Fitzroy West,145.9963,-16.9232,7219,2022-08-06,0.183,0.582
Fitzroy,Fitzroy West,145.9963,-16.9232,7219,2022-08-07,0.254,0.912
Fitzroy,Fitzroy West,145.9963,-16.9232,7219,2022-08-08,0.172,0.625
Fitzroy,Fitzroy West,145.9963,-16.9232,7219,2022-08-09,0.247,0.921
Fitzroy,Fitzroy West,145.9963,-16.9232,7219,2022-08-10,0.225,0.817
Fitzroy,Fitzroy West,145.9963,-16.9232,7219,2022-08-11,0.192,1.258
Fitzroy,Fitzroy West,145.9963,-16.9232,7219,2022-08-12,0.207,1.118
Fitzroy,Fitzroy West,145.9963,-16.9232,7219,2022-08-13,0.177,0.681
Fitzroy,Fitzroy West,145.9963,-16.9232,7219,2022-08-14,0.211,0.632
Fitzroy,Fitzroy West,145.9963,-16.9232,7219,2022-08-15,0.218,0.63
Fitzroy,Fitzroy West,145.9963,-16.9232,7219,2022-08-16,0.292,0.779
Fitzroy,Fitzroy West,145.9963,-16.9232,7219,2022-08-17,0.186,0.598
Fitzroy,Fitzroy West,145.9963,-16.9232,7219,2022-08-18,0.211,0.667
Fitzroy,Fitzroy West,145.9963,-16.9232,7219,2022-08-19,0.252,1.118
Fitzroy,Fitzroy West,145.9963,-16.9232,7219,2022-08-20,0.193,0.751
Fitzroy,Fitzroy West,145.9963,-16.9232,7219,2022-08-21,0.128,0.699
Fitzroy,Fitzroy West,145.9963,-16.9232,7219,2022-08-22,0.17,0.885
Fitzroy,Fitzroy West,145.9963,-16.9232,7219,2022-08-23,0.135,0.839
Fitzroy,Fitzroy West,145.9963,-16.9232,7219,2022-08-24,0.151,0.688
Fitzroy,Fitzroy West,145.9963,-16.9232,7219,2022-08-25,0.193,0.716
Fitzroy,Fitzroy West,145.9963,-16.9232,7219,2022-08-26,0.19,0.671
Fitzroy,Fitzroy West,145.9963,-16.9232,7219,2022-08-27,0.271,0.983
Fitzroy,Fitzroy West,145.9963,-16.9232,7219,2022-08-28,0.303,2.174
Fitzroy,Fitzroy West,145.9963,-16.9232,7219,2022-08-29,0.286,2.201
Fitzroy,Fitzroy West,145.9963,-16.9232,7219,2022-08-30,0.256,2.489
Fitzroy,Fitzroy West,145.9963,-16.9232,7219,2022-08-31,0.207,1.652
Fitzroy,Fitzroy West,145.9963,-16.9232,7219,2022-09-01,0.2,1.111
Fitzroy,Fitzroy West,145.9963,-16.9232,7219,2022-09-02,0.213,1.186
Fitzroy,Fitzroy West,145.9963,-16.9232,7219,2022-09-03,0.199,0.961
Fitzroy,Fitzroy West,145.9963,-16.9232,7219,2022-09-04,0.233,0.598
Fitzroy,Fitzroy West,145.9963,-16.9232,7219,2022-09-05,0.254,0.749
Fitzroy,Fitzroy West,145.9963,-16.9232,7219,2022-09-06,0.267,0.834
Fitzroy,Fitzroy West,145.9963,-16.9232,7219,2022-09-07,0.153,0.976
Fitzroy,Fitzroy West,145.9963,-16.9232,7219,2022-09-08,0.136,0.784
Fitzroy,Fitzroy West,145.9963,-16.9232,7219,2022-09-09,0.173,0.842
Fitzroy,Fitzroy West,145.9963,-16.9232,7219,2022-09-10,0.201,0.724
Fitzroy,Fitzroy West,145.9963,-16.9232,7219,2022-09-11,0.242,0.829
Fitzroy,Fitzroy West,145.9963,-16.9232,7219,2022-09-12,0.22,0.98
Fitzroy,Fitzroy West,145.9963,-16.9232,7219,2022-09-13,0.204,1.007
Fitzroy,Fitzroy West,145.9963,-16.9232,7219,2022-09-14,0.179,1.057
Fitzroy,Fitzroy West,145.9963,-16.9232,7219,2022-09-15,0.203,1.361
Fitzroy,Fitzroy West,145.9963,-16.9232,7219,2022-09-16,0.19,1.007
Fitzroy,Fitzroy West,145.9963,-16.9232,7219,2022-09-17,0.21,1.038
Fitzroy,Fitzroy West,145.9963,-16.9232,7219,2022-09-18,0.237,0.938
Fitzroy,Fitzroy West,145.9963,-16.9232,7219,2022-09-19,0.178,1.085
Fitzroy,Fitzroy West,145.9963,-16.9232,7219,2022-09-20,0.227,1.023
Fitzroy,Fitzroy West,145.9963,-16.9232,7219,2022-09-21,0.177,0.868
Fitzroy,Fitzroy West,145.9963,-16.9232,7219,2022-09-22,0.148,0.901
Fitzroy,Fitzroy West,145.9963,-16.9232,7219,2022-09-23,0.16,0.732
Fitzroy,Fitzroy West,145.9963,-16.9232,7219,2022-09-24,0.222,0.874
Fitzroy,Fitzroy West,145.9963,-16.9232,7219,2022-09-25,0.216,1.209
Fitzroy,Fitzroy West,145.9963,-16.9232,7219,2022-09-26,0.134,1.631
Fitzroy,Fitzroy West,145.9963,-16.9232,7219,2022-09-27,0.109,1.061
Fitzroy,Fitzroy West,145.9963,-16.9232,7219,2022-09-28,0.149,1.135
Fitzroy,Fitzroy West,145.9963,-16.9232,7219,2022-09-29,0.189,0.907
Fitzroy,Fitzroy West,145.9963,-16.9232,7219,2022-09-30,0.198,0.748
Fitzroy,Fitzroy West,145.9963,-16.9232,7219,2022-10-01,0.185,0.77
Fitzroy,Fitzroy West,145.9963,-16.9232,7219,2022-10-02,0.151,0.762
Fitzroy,Fitzroy West,145.9963,-16.9232,7219,2022-10-03,0.149,0.747
Fitzroy,Fitzroy West,145.9963,-16.9232,7219,2022-10-04,0.117,1.533
Fitzroy,Fitzroy West,145.9963,-16.9232,7219,2022-10-05,0.164,1.137
Fitzroy,Fitzroy West,145.9963,-16.9232,7219,2022-10-06,0.166,0.998
Fitzroy,Fitzroy West,145.9963,-16.9232,7219,2022-10-07,0.157,1.088
Fitzroy,Fitzroy West,145.9963,-16.9232,7219,2022-10-08,0.132,1.072
Fitzroy,Fitzroy West,145.9963,-16.9232,7219,2022-10-09,0.131,0.783
Fitzroy,Fitzroy West,145.9963,-16.9232,7219,2022-10-10,0.114,0.965
Fitzroy,Fitzroy West,145.9963,-16.9232,7219,2022-10-11,0.117,0.788
Fitzroy,Fitzroy West,145.9963,-16.9232,7219,2022-10-12,0.17,0.766
Fitzroy,Fitzroy West,145.9963,-16.9232,7219,2022-10-13,0.197,0.878
Fitzroy,Fitzroy West,145.9963,-16.9232,7219,2022-10-14,0.218,0.8
Fitzroy,Fitzroy West,145.9963,-16.9232,7219,2022-10-15,0.2,0.706
Fitzroy,Fitzroy West,145.9963,-16.9232,7219,2022-10-16,0.236,0.919
Fitzroy,Fitzroy West,145.9963,-16.9232,7219,2022-10-17,0.136,0.727
Fitzroy,Fitzroy West,145.9963,-16.9232,7219,2022-10-18,0.146,0.921
Fitzroy,Fitzroy West,145.9963,-16.9232,7219,2022-10-19,0.136,1.132
Fitzroy,Fitzroy West,145.9963,-16.9232,7219,2022-10-20,0.101,0.734
Fitzroy,Fitzroy West,145.9963,-16.9232,7219,2022-10-21,0.174,0.928
Fitzroy,Fitzroy West,145.9963,-16.9232,7219,2022-10-22,0.155,0.816
Fitzroy,Fitzroy West,145.9963,-16.9232,7219,2022-10-23,0.167,0.89
Fitzroy,Fitzroy West,145.9963,-16.9232,7219,2022-10-24,0.153,1.0
Fitzroy,Fitzroy West,145.9963,-16.9232,7219,2022-10-25,0.187,1.456
Fitzroy,Fitzroy West,145.9963,-16.9232,7219,2022-10-26,0.212,1.593
Fitzroy,Fitzroy West,145.9963,-16.9232,7219,2022-10-27,0.195,1.161
Fitzroy,Fitzroy West,145.9963,-16.9232,7219,2022-10-28,0.209,1.021
Fitzroy,Fitzroy West,145.9963,-16.9232,7219,2022-10-29,0.158,0.737
Fitzroy,Fitzroy West,145.9963,-16.9232,7219,2022-10-30,0.103,0.731
Fitzroy,Fitzroy West,145.9963,-16.9232,7219,2022-10-31,0.138,0.902
Fitzroy,Fitzroy West,145.9963,-16.9232,7219,2022-11-01,0.205,1.202
Fitzroy,Fitzroy West,145.9963,-16.9232,7219,2022-11-02,0.234,1.695
Fitzroy,Fitzroy West,145.9963,-16.9232,816,2022-11-02,0.755,2.371
Fitzroy,Fitzroy West,145.9963,-16.9232,816,2022-11-03,0.604,1.969
Fitzroy,Fitzroy West,145.9963,-16.9232,816,2022-11-04,0.648,2.15
Fitzroy,Fitzroy West,145.9963,-16.9232,816,2022-11-05,0.813,3.149
Fitzroy,Fitzroy West,145.9963,-16.9232,816,2022-11-06,0.747,2.48
Fitzroy,Fitzroy West,145.9963,-16.9232,816,2022-11-07,0.614,2.103
Fitzroy,Fitzroy West,145.9963,-16.9232,816,2022-11-08,0.636,2.073
Fitzroy,Fitzroy West,145.9963,-16.9232,816,2022-11-09,0.573,2.094
Fitzroy,Fitzroy West,145.9963,-16.9232,816,2022-11-10,0.55,1.971
Fitzroy,Fitzroy West,145.9963,-16.9232,816,2022-11-11,0.578,1.882
Fitzroy,Fitzroy West,145.9963,-16.9232,816,2022-11-12,0.527,1.759
Fitzroy,Fitzroy West,145.9963,-16.9232,816,2022-11-13,0.538,1.724
Fitzroy,Fitzroy West,145.9963,-16.9232,816,2022-11-14,0.444,1.747
Fitzroy,Fitzroy West,145.9963,-16.9232,816,2022-11-15,0.45,1.946
Fitzroy,Fitzroy West,145.9963,-16.9232,816,2022-11-16,0.434,1.672
Fitzroy,Fitzroy West,145.9963,-16.9232,816,2022-11-17,0.429,1.526
Fitzroy,Fitzroy West,145.9963,-16.9232,816,2022-11-18,0.439,1.392
Fitzroy,Fitzroy West,145.9963,-16.9232,816,2022-11-19,0.388,1.105
Fitzroy,Fitzroy West,145.9963,-16.9232,816,2022-11-20,0.39,1.101
Fitzroy,Fitzroy West,145.9963,-16.9232,816,2022-11-21,0.428,1.171
Fitzroy,Fitzroy West,145.9963,-16.9232,816,2022-11-22,0.507,1.803
Fitzroy,Fitzroy West,145.9963,-16.9232,816,2022-11-23,0.395,1.266
Fitzroy,Fitzroy West,145.9963,-16.9232,816,2022-11-24,0.365,1.189
Fitzroy,Fitzroy West,145.9963,-16.9232,816,2022-11-25,0.355,1.182
Fitzroy,Fitzroy West,145.9963,-16.9232,816,2022-11-26,0.378,0.974
Fitzroy,Fitzroy West,145.9963,-16.9232,816,2022-11-27,0.344,0.742
Fitzroy,Fitzroy West,145.9963,-16.9232,816,2022-11-28,0.401,0.935
Fitzroy,Fitzroy West,145.9963,-16.9232,816,2022-11-29,0.404,1.052
Fitzroy,Fitzroy West,145.9963,-16.9232,816,2022-11-30,0.413,1.227
Fitzroy,Fitzroy West,145.9963,-16.9232,816,2022-12-01,0.481,1.109
Fitzroy,Fitzroy West,145.9963,-16.9232,816,2022-12-02,0.445,0.925
Fitzroy,Fitzroy West,145.9963,-16.9232,816,2022-12-03,0.464,1.045
Fitzroy,Fitzroy West,145.9963,-16.9232,816,2022-12-04,0.409,1.094
Fitzroy,Fitzroy West,145.9963,-16.9232,816,2022-12-05,0.407,1.117
Fitzroy,Fitzroy West,145.9963,-16.9232,816,2022-12-06,0.396,1.079
Fitzroy,Fitzroy West,145.9963,-16.9232,816,2022-12-07,0.411,0.975
Fitzroy,Fitzroy West,145.9963,-16.9232,816,2022-12-08,0.429,1.124
Fitzroy,Fitzroy West,145.9963,-16.9232,816,2022-12-09,0.437,1.151
Fitzroy,Fitzroy West,145.9963,-16.9232,816,2022-12-10,0.502,1.358
Fitzroy,Fitzroy West,145.9963,-16.9232,816,2022-12-11,0.531,1.479
Fitzroy,Fitzroy West,145.9963,-16.9232,816,2022-12-12,0.478,1.308
Fitzroy,Fitzroy West,145.9963,-16.9232,816,2022-12-13,0.469,1.379
Fitzroy,Fitzroy West,145.9963,-16.9232,816,2022-12-14,0.493,1.303
Fitzroy,Fitzroy West,145.9963,-16.9232,816,2022-12-15,0.678,1.306
Fitzroy,Fitzroy West,145.9963,-16.9232,816,2022-12-16,0.502,1.207
Fitzroy,Fitzroy West,145.9963,-16.9232,816,2022-12-17,0.5,1.138
Fitzroy,Fitzroy West,145.9963,-16.9232,816,2022-12-18,0.444,1.303
Fitzroy,Fitzroy West,145.9963,-16.9232,816,2022-12-19,0.467,2.356
Fitzroy,Fitzroy West,145.9963,-16.9232,816,2022-12-20,0.477,2.363
Fitzroy,Fitzroy West,145.9963,-16.9232,816,2022-12-21,0.493,2.153
Fitzroy,Fitzroy West,145.9963,-16.9232,816,2022-12-22,0.533,2.032
Fitzroy,Fitzroy West,145.9963,-16.9232,816,2022-12-23,0.585,1.744
Fitzroy,Fitzroy West,145.9963,-16.9232,816,2022-12-24,0.719,1.782
Fitzroy,Fitzroy West,145.9963,-16.9232,816,2022-12-25,0.852,1.414
Fitzroy,Fitzroy West,145.9963,-16.9232,816,2022-12-26,0.896,1.553
Fitzroy,Fitzroy West,145.9963,-16.9232,816,2022-12-27,1.04,1.648
Fitzroy,Fitzroy West,145.9963,-16.9232,816,2022-12-28,1.232,1.379
Fitzroy,Fitzroy West,145.9963,-16.9232,351,2023-02-24,0.587,0.707
Fitzroy,Fitzroy West,145.9963,-16.9232,351,2023-02-25,0.637,1.051
Fitzroy,Fitzroy West,145.9963,-16.9232,351,2023-02-26,0.627,1.208
Fitzroy,Fitzroy West,145.9963,-16.9232,351,2023-02-27,0.601,0.937
Fitzroy,Fitzroy West,145.9963,-16.9232,351,2023-02-28,0.592,0.719
Fitzroy,Fitzroy West,145.9963,-16.9232,351,2023-03-01,0.516,0.74
Fitzroy,Fitzroy West,145.9963,-16.9232,351,2023-03-02,0.387,0.568
Fitzroy,Fitzroy West,145.9963,-16.9232,351,2023-03-03,0.355,0.514
Fitzroy,Fitzroy West,145.9963,-16.9232,351,2023-03-04,0.37,0.518
Fitzroy,Fitzroy West,145.9963,-16.9232,351,2023-03-05,0.339,0.884
Fitzroy,Fitzroy West,145.9963,-16.9232,351,2023-03-06,0.395,1.034
Fitzroy,Fitzroy West,145.9963,-16.9232,351,2023-03-07,0.36,0.872
Fitzroy,Fitzroy West,145.9963,-16.9232,351,2023-03-08,0.362,0.992
Fitzroy,Fitzroy West,145.9963,-16.9232,351,2023-03-09,0.36,1.079
Fitzroy,Fitzroy West,145.9963,-16.9232,351,2023-03-10,0.39,0.795
Fitzroy,Fitzroy West,145.9963,-16.9232,351,2023-03-11,0.351,0.567
Fitzroy,Fitzroy West,145.9963,-16.9232,351,2023-03-12,0.283,0.382
Fitzroy,Fitzroy West,145.9963,-16.9232,351,2023-03-13,0.286,0.424
Fitzroy,Fitzroy West,145.9963,-16.9232,351,2023-03-14,0.315,0.434
Fitzroy,Fitzroy West,145.9963,-16.9232,351,2023-03-15,0.269,0.432
Fitzroy,Fitzroy West,145.9963,-16.9232,351,2023-03-16,0.227,0.375
Fitzroy,Fitzroy West,145.9963,-16.9232,351,2023-03-17,0.244,0.416
Fitzroy,Fitzroy West,145.9963,-16.9232,351,2023-03-18,0.252,0.557
Fitzroy,Fitzroy West,145.9963,-16.9232,351,2023-03-19,0.31,0.991
Fitzroy,Fitzroy West,145.9963,-16.9232,351,2023-03-20,0.327,0.923
Fitzroy,Fitzroy West,145.9963,-16.9232,351,2023-03-21,0.339,0.891
Fitzroy,Fitzroy West,145.9963,-16.9232,351,2023-03-22,0.365,0.927
Fitzroy,Fitzroy West,145.9963,-16.9232,351,2023-03-23,0.408,1.114
Fitzroy,Fitzroy West,145.9963,-16.9232,351,2023-03-24,0.438,0.943
Fitzroy,Fitzroy West,145.9963,-16.9232,351,2023-03-25,0.372,0.898
Fitzroy,Fitzroy West,145.9963,-16.9232,351,2023-03-26,0.428,0.867
Fitzroy,Fitzroy West,145.9963,-16.9232,351,2023-03-27,0.449,0.859
Fitzroy,Fitzroy West,145.9963,-16.9232,351,2023-03-28,0.481,0.687
Fitzroy,Fitzroy West,145.9963,-16.9232,351,2023-03-29,0.445,0.62
Fitzroy,Fitzroy West,145.9963,-16.9232,351,2023-03-30,0.38,0.486
Fitzroy,Fitzroy West,145.9963,-16.9232,351,2023-03-31,0.37,0.624
Fitzroy,Fitzroy West,145.9963,-16.9232,351,2023-04-01,0.497,2.121
Fitzroy,Fitzroy West,145.9963,-16.9232,351,2023-04-02,0.427,1.089
Fitzroy,Fitzroy West,145.9963,-16.9232,351,2023-04-03,0.384,1.927
Fitzroy,Fitzroy West,145.9963,-16.9232,351,2023-04-04,0.304,0.463
Fitzroy,Fitzroy West,145.9963,-16.9232,351,2023-04-05,0.412,2.502
Fitzroy,Fitzroy West,145.9963,-16.9232,351,2023-04-06,0.287,0.491
Fitzroy,Fitzroy West,145.9963,-16.9232,351,2023-04-07,0.313,0.386
Fitzroy,Fitzroy West,145.9963,-16.9232,351,2023-04-08,0.35,0.454
Fitzroy,Fitzroy West,145.9963,-16.9232,351,2023-04-09,0.34,0.452
Fitzroy,Fitzroy West,145.9963,-16.9232,351,2023-04-10,0.381,0.525
Fitzroy,Fitzroy West,145.9963,-16.9232,351,2023-04-11,1.06,1.961
Fitzroy,Fitzroy West,145.9963,-16.9232,351,2023-04-12,0.348,0.503
Fitzroy,Fitzroy West,145.9963,-16.9232,351,2023-04-13,0.329,0.45
Fitzroy,Fitzroy West,145.9963,-16.9232,351,2023-04-14,0.354,0.536
Fitzroy,Fitzroy West,145.9963,-16.9232,351,2023-04-15,0.467,0.657
Fitzroy,Fitzroy West,145.9963,-16.9232,351,2023-04-16,0.446,0.648
Fitzroy,Fitzroy West,145.9963,-16.9232,351,2023-04-17,0.545,0.655
Fitzroy,Fitzroy West,145.9963,-16.9232,351,2023-04-18,0.47,0.549
Fitzroy,Fitzroy West,145.9963,-16.9232,351,2023-04-19,0.476,0.768
Fitzroy,Fitzroy West,145.9963,-16.9232,351,2023-04-20,0.445,0.625
Fitzroy,Fitzroy West,145.9963,-16.9232,351,2023-04-21,0.402,0.685
Fitzroy,Fitzroy West,145.9963,-16.9232,351,2023-04-22,0.457,0.853
Fitzroy,Fitzroy West,145.9963,-16.9232,351,2023-04-23,0.576,1.441
Fitzroy,Fitzroy West,145.9963,-16.9232,351,2023-04-24,0.676,3.908
Fitzroy,Fitzroy West,145.9963,-16.9232,351,2023-04-25,0.6,3.62
Fitzroy,Fitzroy West,145.9963,-16.9232,351,2023-04-26,0.745,5.379
Fitzroy,Fitzroy West,145.9963,-16.9232,351,2023-04-27,0.735,3.625
Fitzroy,Fitzroy West,145.9963,-16.9232,351,2023-04-28,0.779,2.029
Fitzroy,Fitzroy West,145.9963,-16.9232,351,2023-04-29,0.732,1.916
Fitzroy,Fitzroy West,145.9963,-16.9232,351,2023-04-30,0.825,1.15
Fitzroy,Fitzroy West,145.9963,-16.9232,351,2023-05-01,0.697,0.951
Fitzroy,Fitzroy West,145.9963,-16.9232,351,2023-05-02,0.497,0.882
Fitzroy,Fitzroy West,145.9963,-16.9232,351,2023-05-03,0.519,1.164
Fitzroy,Fitzroy West,145.9963,-16.9232,351,2023-05-04,0.563,1.676
Fitzroy,Fitzroy West,145.9963,-16.9232,351,2023-05-05,0.63,1.194
Fitzroy,Fitzroy West,145.9963,-16.9232,351,2023-05-06,0.738,1.086
Fitzroy,Fitzroy West,145.9963,-16.9232,351,2023-05-07,0.658,1.448
Fitzroy,Fitzroy West,145.9963,-16.9232,351,2023-05-08,0.565,0.938
Fitzroy,Fitzroy West,145.9963,-16.9232,351,2023-05-09,0.543,0.946
Fitzroy,Fitzroy West,145.9963,-16.9232,351,2023-05-10,0.545,0.824
Fitzroy,Fitzroy West,145.9963,-16.9232,351,2023-05-11,0.507,1.027
Fitzroy,Fitzroy West,145.9963,-16.9232,351,2023-05-12,0.558,1.861
Fitzroy,Fitzroy West,145.9963,-16.9232,351,2023-05-13,0.604,2.446
Fitzroy,Fitzroy West,145.9963,-16.9232,351,2023-05-14,0.674,2.157
Fitzroy,Fitzroy West,145.9963,-16.9232,351,2023-05-15,0.768,3.108
Fitzroy,Fitzroy West,145.9963,-16.9232,351,2023-05-16,0.93,2.442
Fitzroy,Fitzroy West,145.9963,-16.9232,351,2023-05-17,0.988,2.01
Fitzroy,Fitzroy West,145.9963,-16.9232,351,2023-05-18,0.845,1.684
Fitzroy,Fitzroy West,145.9963,-16.9232,351,2023-05-19,0.786,0.966
Fitzroy,Fitzroy West,145.9963,-16.9232,351,2023-05-20,1.463,1.006
Fitzroy,Fitzroy West,145.9963,-16.9232,351,2023-05-21,1.216,1.514
Fitzroy,Fitzroy West,145.9963,-16.9232,351,2023-05-22,2.115,3.526
Fitzroy,Fitzroy West,145.9963,-16.9232,351,2023-05-23,0.984,1.745
Fitzroy,Fitzroy West,145.9963,-16.9232,351,2023-05-24,1.051,5.952
Fitzroy,Fitzroy West,145.9963,-16.9232,351,2023-05-25,0.78,2.146
Fitzroy,Fitzroy West,145.9963,-16.9232,351,2023-05-26,1.442,3.673
Fitzroy,Fitzroy West,145.9963,-16.9232,351,2023-05-27,1.558,3.12
Fitzroy,Fitzroy West,145.9963,-16.9232,351,2023-05-28,4.451,4.993
Fitzroy,Fitzroy West,145.9963,-16.9232,351,2023-05-29,4.889,5.41
Fitzroy,Fitzroy West,145.9963,-16.9232,351,2023-05-30,4.396,4.541
Fitzroy,Fitzroy West,145.9963,-16.9232,351,2023-05-31,2.683,5.557
Fitzroy,Fitzroy West,145.9963,-16.9232,351,2023-06-01,1.357,5.344
Fitzroy,Fitzroy West,145.9963,-16.9232,351,2023-06-02,1.239,4.557
Fitzroy,Fitzroy West,145.9963,-16.9232,351,2023-06-03,1.33,3.458
Fitzroy,Fitzroy West,145.9963,-16.9232,351,2023-06-04,0.786,2.441
Fitzroy,Fitzroy West,145.9963,-16.9232,351,2023-06-05,0.782,2.195
Fitzroy,Fitzroy West,145.9963,-16.9232,351,2023-06-06,0.821,3.546
Fitzroy,Fitzroy West,145.9963,-16.9232,351,2023-06-07,0.875,2.911
Fitzroy,Fitzroy West,145.9963,-16.9232,351,2023-06-08,0.905,1.756
Fitzroy,Fitzroy West,145.9963,-16.9232,351,2023-06-09,0.907,1.14
Fitzroy,Fitzroy West,145.9963,-16.9232,351,2023-06-10,1.002,1.408
Fitzroy,Fitzroy West,145.9963,-16.9232,351,2023-06-11,0.983,1.185
Fitzroy,Fitzroy West,145.9963,-16.9232,351,2023-06-12,0.971,1.226
Fitzroy,Fitzroy West,145.9963,-16.9232,351,2023-06-13,0.768,0.908
Fitzroy,Fitzroy West,145.9963,-16.9232,351,2023-06-14,0.748,1.064
Fitzroy,Fitzroy West,145.9963,-16.9232,351,2023-06-15,0.916,1.54
Fitzroy,Fitzroy West,145.9963,-16.9232,351,2023-06-16,0.919,1.484
Fitzroy,Fitzroy West,145.9963,-16.9232,351,2023-06-17,0.718,2.154
Fitzroy,Fitzroy West,145.9963,-16.9232,351,2023-06-18,0.821,2.113
Fitzroy,Fitzroy West,145.9963,-16.9232,351,2023-06-19,1.134,2.259
Fitzroy,Fitzroy West,145.9963,-16.9232,351,2023-06-20,1.162,4.036
Fitzroy,Fitzroy West,145.9963,-16.9232,351,2023-06-21,0.991,2.27
Fitzroy,Fitzroy West,145.9963,-16.9232,7380,2023-06-21,0.427,1.203
Fitzroy,Fitzroy West,145.9963,-16.9232,7380,2023-06-22,0.367,1.36
Fitzroy,Fitzroy West,145.9963,-16.9232,7380,2023-06-23,0.445,1.284
Fitzroy,Fitzroy West,145.9963,-16.9232,7380,2023-06-24,0.305,1.074
Fitzroy,Fitzroy West,145.9963,-16.9232,7380,2023-06-25,0.335,1.277
Fitzroy,Fitzroy West,145.9963,-16.9232,7380,2023-06-26,0.291,2.127
Fitzroy,Fitzroy West,145.9963,-16.9232,7380,2023-06-27,0.29,2.118
Fitzroy,Fitzroy West,145.9963,-16.9232,7380,2023-06-28,0.278,1.929
Fitzroy,Fitzroy West,145.9963,-16.9232,7380,2023-06-29,0.309,1.091
Fitzroy,Fitzroy West,145.9963,-16.9232,7380,2023-06-30,0.325,1.001
Fitzroy,Fitzroy West,145.9963,-16.9232,7380,2023-07-01,0.389,2.049
Fitzroy,Fitzroy West,145.9963,-16.9232,7380,2023-07-02,0.397,2.482
Fitzroy,Fitzroy West,145.9963,-16.9232,7380,2023-07-03,0.426,1.81
Fitzroy,Fitzroy West,145.9963,-16.9232,7380,2023-07-04,0.439,3.297
Fitzroy,Fitzroy West,145.9963,-16.9232,7380,2023-07-05,0.52,1.843
Fitzroy,Fitzroy West,145.9963,-16.9232,7380,2023-07-06,0.527,1.387
Fitzroy,Fitzroy West,145.9963,-16.9232,7380,2023-07-07,0.456,1.114
Fitzroy,Fitzroy West,145.9963,-16.9232,7380,2023-07-08,0.484,1.054
Fitzroy,Fitzroy West,145.9963,-16.9232,7380,2023-07-09,0.502,1.042
Fitzroy,Fitzroy West,145.9963,-16.9232,7380,2023-07-10,0.466,1.408
Fitzroy,Fitzroy West,145.9963,-16.9232,7380,2023-07-11,0.356,1.473
Fitzroy,Fitzroy West,145.9963,-16.9232,7380,2023-07-12,0.39,1.467
Fitzroy,Fitzroy West,145.9963,-16.9232,7380,2023-07-13,0.413,1.822
Fitzroy,Fitzroy West,145.9963,-16.9232,7380,2023-07-14,0.431,4.035
Fitzroy,Fitzroy West,145.9963,-16.9232,7380,2023-07-15,0.506,4.251
Fitzroy,Fitzroy West,145.9963,-16.9232,7380,2023-07-16,0.507,2.488
Fitzroy,Fitzroy West,145.9963,-16.9232,7380,2023-07-17,0.534,3.191
Fitzroy,Fitzroy West,145.9963,-16.9232,7380,2023-07-18,0.446,2.638
Fitzroy,Fitzroy West,145.9963,-16.9232,7380,2023-07-19,0.36,1.19
Fitzroy,Fitzroy West,145.9963,-16.9232,7380,2023-07-20,0.374,1.186
Fitzroy,Fitzroy West,145.9963,-16.9232,7380,2023-07-21,0.283,0.832
Fitzroy,Fitzroy West,145.9963,-16.9232,7380,2023-07-22,0.241,0.572
Fitzroy,Fitzroy West,145.9963,-16.9232,7380,2023-07-23,0.311,0.889
Fitzroy,Fitzroy West,145.9963,-16.9232,7380,2023-07-24,0.416,0.826
Fitzroy,Fitzroy West,145.9963,-16.9232,7380,2023-07-25,0.515,1.272
Fitzroy,Fitzroy West,145.9963,-16.9232,7380,2023-07-26,0.385,3.235
Fitzroy,Fitzroy West,145.9963,-16.9232,7380,2023-07-27,0.421,4.942
Fitzroy,Fitzroy West,145.9963,-16.9232,7380,2023-07-28,0.498,3.394
Fitzroy,Fitzroy West,145.9963,-16.9232,7380,2023-07-29,0.528,2.058
Fitzroy,Fitzroy West,145.9963,-16.9232,7380,2023-07-30,0.356,1.181
Fitzroy,Fitzroy West,145.9963,-16.9232,7380,2023-07-31,0.267,0.854
Fitzroy,Fitzroy West,145.9963,-16.9232,7380,2023-08-01,0.294,1.307
Fitzroy,Fitzroy West,145.9963,-16.9232,7380,2023-08-02,0.317,3.825
Fitzroy,Fitzroy West,145.9963,-16.9232,7380,2023-08-03,0.312,2.958
Fitzroy,Fitzroy West,145.9963,-16.9232,7380,2023-08-04,0.381,4.097
Fitzroy,Fitzroy West,145.9963,-16.9232,7380,2023-08-05,0.483,5.291
Fitzroy,Fitzroy West,145.9963,-16.9232,7380,2023-08-06,0.517,3.752
Fitzroy,Fitzroy West,145.9963,-16.9232,7380,2023-08-07,0.509,1.977
Fitzroy,Fitzroy West,145.9963,-16.9232,7380,2023-08-08,0.479,2.351
Fitzroy,Fitzroy West,145.9963,-16.9232,7380,2023-08-09,0.45,1.608
Fitzroy,Fitzroy West,145.9963,-16.9232,7380,2023-08-10,0.374,2.269
Fitzroy,Fitzroy West,145.9963,-16.9232,7380,2023-08-11,0.259,1.518
Fitzroy,Fitzroy West,145.9963,-16.9232,7380,2023-08-12,0.261,1.326
Fitzroy,Fitzroy West,145.9963,-16.9232,7380,2023-08-13,0.25,0.63
Fitzroy,Fitzroy West,145.9963,-16.9232,7380,2023-08-14,0.304,0.804
Fitzroy,Fitzroy West,145.9963,-16.9232,7380,2023-08-15,0.292,0.712
Fitzroy,Fitzroy West,145.9963,-16.9232,7380,2023-08-16,0.291,0.693
Fitzroy,Fitzroy West,145.9963,-16.9232,7380,2023-08-17,0.29,0.717
Fitzroy,Fitzroy West,145.9963,-16.9232,7380,2023-08-18,0.291,0.669
Fitzroy,Fitzroy West,145.9963,-16.9232,7380,2023-08-19,0.348,0.885
Fitzroy,Fitzroy West,145.9963,-16.9232,7380,2023-08-20,0.324,0.906
Fitzroy,Fitzroy West,145.9963,-16.9232,7380,2023-08-21,0.416,0.967
Fitzroy,Fitzroy West,145.9963,-16.9232,7380,2023-08-22,0.349,1.152
Fitzroy,Fitzroy West,145.9963,-16.9232,7380,2023-08-23,0.369,1.367
Fitzroy,Fitzroy West,145.9963,-16.9232,7380,2023-08-24,0.358,1.215
Fitzroy,Fitzroy West,145.9963,-16.9232,7380,2023-08-25,0.376,1.554
Fitzroy,Fitzroy West,145.9963,-16.9232,7380,2023-08-26,0.426,2.87
Fitzroy,Fitzroy West,145.9963,-16.9232,7380,2023-08-27,0.483,3.12
Fitzroy,Fitzroy West,145.9963,-16.9232,7380,2023-08-28,0.483,1.873
Fitzroy,Fitzroy West,145.9963,-16.9232,7380,2023-08-29,0.44,1.212
Fitzroy,Fitzroy West,145.9963,-16.9232,7380,2023-08-30,0.412,0.94
Pine,Pine,148.8884,-20.3779,352,2015-03-06,0.87,2.072
Pine,Pine,148.8884,-20.3779,352,2015-03-07,0.782,2.022
Pine,Pine,148.8884,-20.3779,352,2015-03-08,0.809,1.667
Pine,Pine,148.8884,-20.3779,352,2015-03-09,0.793,1.501
Pine,Pine,148.8884,-20.3779,352,2015-03-10,0.853,1.862
Pine,Pine,148.8884,-20.3779,352,2015-03-11,0.825,1.726
Pine,Pine,148.8884,-20.3779,352,2015-03-12,0.805,1.296
Pine,Pine,148.8884,-20.3779,352,2015-03-13,0.77,2.068
Pine,Pine,148.8884,-20.3779,352,2015-03-14,0.838,2.176
Pine,Pine,148.8884,-20.3779,352,2015-03-15,0.731,1.144
Pine,Pine,148.8884,-20.3779,352,2015-03-16,0.783,1.293
Pine,Pine,148.8884,-20.3779,352,2015-03-17,0.843,1.687
Pine,Pine,148.8884,-20.3779,352,2015-03-18,0.827,2.69
Pine,Pine,148.8884,-20.3779,352,2015-03-19,0.792,3.201
Pine,Pine,148.8884,-20.3779,352,2015-03-20,0.786,4.016
Pine,Pine,148.8884,-20.3779,352,2015-03-21,0.793,4.469
Pine,Pine,148.8884,-20.3779,352,2015-03-22,0.76,4.307
Pine,Pine,148.8884,-20.3779,352,2015-03-23,0.777,3.695
Pine,Pine,148.8884,-20.3779,352,2015-03-24,0.794,2.812
Pine,Pine,148.8884,-20.3779,352,2015-03-25,0.849,2.267
Pine,Pine,148.8884,-20.3779,352,2015-03-26,0.962,1.586
Pine,Pine,148.8884,-20.3779,352,2015-03-27,0.861,1.12
Pine,Pine,148.8884,-20.3779,352,2015-03-28,0.698,1.462
Pine,Pine,148.8884,-20.3779,352,2015-03-29,0.634,1.074
Pine,Pine,148.8884,-20.3779,352,2015-03-30,0.707,1.172
Pine,Pine,148.8884,-20.3779,352,2015-03-31,0.814,2.393
Pine,Pine,148.8884,-20.3779,352,2015-04-01,0.765,3.718
Pine,Pine,148.8884,-20.3779,352,2015-04-02,0.721,2.7
Pine,Pine,148.8884,-20.3779,352,2015-04-03,0.737,2.669
Pine,Pine,148.8884,-20.3779,352,2015-04-04,0.741,2.429
Pine,Pine,148.8884,-20.3779,352,2015-04-05,0.781,2.195
Pine,Pine,148.8884,-20.3779,352,2015-04-06,0.796,1.733
Pine,Pine,148.8884,-20.3779,352,2015-04-07,0.824,1.451
Pine,Pine,148.8884,-20.3779,352,2015-04-08,0.914,3.27
Pine,Pine,148.8884,-20.3779,352,2015-04-09,0.87,2.396
Pine,Pine,148.8884,-20.3779,352,2015-04-10,0.826,1.917
Pine,Pine,148.8884,-20.3779,352,2015-04-11,0.727,1.159
Pine,Pine,148.8884,-20.3779,352,2015-04-12,0.602,0.821
Pine,Pine,148.8884,-20.3779,352,2015-04-13,0.635,0.994
Pine,Pine,148.8884,-20.3779,352,2015-04-14,0.713,1.069
Pine,Pine,148.8884,-20.3779,352,2015-04-15,0.782,2.413
Pine,Pine,148.8884,-20.3779,352,2015-04-16,0.769,3.198
Pine,Pine,148.8884,-20.3779,352,2015-04-17,0.766,3.723
Pine,Pine,148.8884,-20.3779,352,2015-04-18,0.773,4.309
Pine,Pine,148.8884,-20.3779,352,2015-04-19,0.788,4.137
Pine,Pine,148.8884,-20.3779,352,2015-04-20,0.8,4.658
Pine,Pine,148.8884,-20.3779,352,2015-04-21,0.774,4.602
Pine,Pine,148.8884,-20.3779,352,2015-04-22,0.787,4.173
Pine,Pine,148.8884,-20.3779,352,2015-04-23,0.773,3.032
Pine,Pine,148.8884,-20.3779,352,2015-04-24,0.788,2.136
Pine,Pine,148.8884,-20.3779,352,2015-04-25,0.852,1.355
Pine,Pine,148.8884,-20.3779,352,2015-04-26,0.721,1.455
Pine,Pine,148.8884,-20.3779,352,2015-04-27,0.737,1.977
Pine,Pine,148.8884,-20.3779,352,2015-04-28,0.638,1.095
Pine,Pine,148.8884,-20.3779,352,2015-04-29,0.754,1.704
Pine,Pine,148.8884,-20.3779,352,2015-04-30,0.704,1.954
Pine,Pine,148.8884,-20.3779,352,2015-05-01,0.671,1.809
Pine,Pine,148.8884,-20.3779,352,2015-05-02,0.68,2.114
Pine,Pine,148.8884,-20.3779,352,2015-05-03,0.694,2.076
Pine,Pine,148.8884,-20.3779,352,2015-05-04,0.699,2.078
Pine,Pine,148.8884,-20.3779,352,2015-05-05,0.705,1.935
Pine,Pine,148.8884,-20.3779,352,2015-05-06,0.694,1.775
Pine,Pine,148.8884,-20.3779,352,2015-05-07,0.715,1.531
Pine,Pine,148.8884,-20.3779,352,2015-05-08,0.754,2.683
Pine,Pine,148.8884,-20.3779,352,2015-05-09,0.781,1.599
Pine,Pine,148.8884,-20.3779,352,2015-05-10,0.816,1.174
Pine,Pine,148.8884,-20.3779,352,2015-05-11,0.816,0.965
Pine,Pine,148.8884,-20.3779,352,2015-05-12,0.766,0.854
Pine,Pine,148.8884,-20.3779,352,2015-05-13,0.694,0.971
Pine,Pine,148.8884,-20.3779,352,2015-05-14,0.741,3.95
Pine,Pine,148.8884,-20.3779,352,2015-05-15,0.765,4.706
Pine,Pine,148.8884,-20.3779,352,2015-05-16,0.778,5.472
Pine,Pine,148.8884,-20.3779,352,2015-05-17,0.751,5.328
Pine,Pine,148.8884,-20.3779,352,2015-05-18,0.728,5.421
Pine,Pine,148.8884,-20.3779,352,2015-05-19,0.73,4.74
Pine,Pine,148.8884,-20.3779,352,2015-05-20,0.713,3.814
Pine,Pine,148.8884,-20.3779,352,2015-05-21,0.734,3.09
Pine,Pine,148.8884,-20.3779,352,2015-05-22,0.79,2.512
Pine,Pine,148.8884,-20.3779,352,2015-05-23,0.797,2.614
Pine,Pine,148.8884,-20.3779,352,2015-05-24,0.866,1.874
Pine,Pine,148.8884,-20.3779,352,2015-05-25,0.753,1.118
Pine,Pine,148.8884,-20.3779,352,2015-05-26,0.63,1.287
Pine,Pine,148.8884,-20.3779,352,2015-05-27,0.554,0.88
Pine,Pine,148.8884,-20.3779,352,2015-05-28,0.597,1.002
Pine,Pine,148.8884,-20.3779,352,2015-05-29,0.658,0.912
Pine,Pine,148.8884,-20.3779,352,2015-05-30,0.785,0.959
Pine,Pine,148.8884,-20.3779,352,2015-05-31,0.877,1.008
Pine,Pine,148.8884,-20.3779,352,2015-06-01,0.904,1.095
Pine,Pine,148.8884,-20.3779,352,2015-06-02,0.91,2.359
Pine,Pine,148.8884,-20.3779,352,2015-06-03,0.93,1.896
Pine,Pine,148.8884,-20.3779,352,2015-06-04,0.931,1.759
Pine,Pine,148.8884,-20.3779,352,2015-06-05,0.951,1.87
Pine,Pine,148.8884,-20.3779,352,2015-06-06,0.961,3.001
Pine,Pine,148.8884,-20.3779,352,2015-06-07,0.921,3.477
Pine,Pine,148.8884,-20.3779,352,2015-06-08,0.823,2.41
Pine,Pine,148.8884,-20.3779,352,2015-06-09,0.769,2.102
Pine,Pine,148.8884,-20.3779,352,2015-06-10,0.746,1.946
Pine,Pine,148.8884,-20.3779,352,2015-06-11,0.736,1.898
Pine,Pine,148.8884,-20.3779,352,2015-06-12,0.718,2.18
Pine,Pine,148.8884,-20.3779,352,2015-06-13,0.742,3.098
Pine,Pine,148.8884,-20.3779,352,2015-06-14,0.742,2.702
Pine,Pine,148.8884,-20.3779,352,2015-06-15,0.77,3.339
Pine,Pine,148.8884,-20.3779,352,2015-06-16,0.788,3.657
Pine,Pine,148.8884,-20.3779,352,2015-06-17,0.813,3.143
Pine,Pine,148.8884,-20.3779,352,2015-06-18,0.911,2.805
Pine,Pine,148.8884,-20.3779,352,2015-06-19,0.925,2.445
Pine,Pine,148.8884,-20.3779,352,2015-06-20,0.982,4.218
Pine,Pine,148.8884,-20.3779,352,2015-06-21,0.929,3.153
Pine,Pine,148.8884,-20.3779,352,2015-06-22,0.941,2.214
Pine,Pine,148.8884,-20.3779,352,2015-06-23,0.874,1.208
Pine,Pine,148.8884,-20.3779,352,2015-06-24,0.721,0.866
Pine,Pine,148.8884,-20.3779,352,2015-06-25,0.705,0.726
Pine,Pine,148.8884,-20.3779,352,2015-06-26,0.784,1.557
Pine,Pine,148.8884,-20.3779,352,2015-06-27,0.78,1.407
Pine,Pine,148.8884,-20.3779,352,2015-06-28,0.772,1.907
Pine,Pine,148.8884,-20.3779,352,2015-06-29,0.682,1.869
Pine,Pine,148.8884,-20.3779,352,2015-06-30,0.698,2.259
Pine,Pine,148.8884,-20.3779,352,2015-07-01,0.753,2.799
Pine,Pine,148.8884,-20.3779,352,2015-07-02,0.781,2.843
Pine,Pine,148.8884,-20.3779,352,2015-07-03,0.831,3.674
Pine,Pine,148.8884,-20.3779,352,2015-07-04,0.863,4.465
Pine,Pine,148.8884,-20.3779,352,2015-07-05,0.83,3.694
Pine,Pine,148.8884,-20.3779,352,2015-07-06,0.809,3.07
Pine,Pine,148.8884,-20.3779,352,2015-07-07,0.821,2.142
Pine,Pine,148.8884,-20.3779,352,2015-07-08,0.871,2.413
Pine,Pine,148.8884,-20.3779,352,2015-07-09,0.867,2.083
Pine,Pine,148.8884,-20.3779,352,2015-07-10,0.78,2.547
Pine,Pine,148.8884,-20.3779,844,2015-07-10,0.613,1.97
Pine,Pine,148.8884,-20.3779,844,2015-07-11,0.526,1.544
Pine,Pine,148.8884,-20.3779,844,2015-07-12,0.525,1.167
Pine,Pine,148.8884,-20.3779,844,2015-07-13,0.479,2.112
Pine,Pine,148.8884,-20.3779,844,2015-07-14,0.44,1.178
Pine,Pine,148.8884,-20.3779,844,2015-07-15,0.442,1.177
Pine,Pine,148.8884,-20.3779,844,2015-07-16,0.449,1.187
Pine,Pine,148.8884,-20.3779,844,2015-07-17,0.467,1.815
Pine,Pine,148.8884,-20.3779,844,2015-07-18,0.476,2.194
Pine,Pine,148.8884,-20.3779,844,2015-07-19,0.474,1.779
Pine,Pine,148.8884,-20.3779,844,2015-07-20,0.464,2.17
Pine,Pine,148.8884,-20.3779,844,2015-07-21,0.442,1.619
Pine,Pine,148.8884,-20.3779,844,2015-07-22,0.388,0.828
Pine,Pine,148.8884,-20.3779,844,2015-07-23,0.363,0.678
Pine,Pine,148.8884,-20.3779,844,2015-07-24,0.408,0.528
Pine,Pine,148.8884,-20.3779,844,2015-07-25,0.417,0.476
Pine,Pine,148.8884,-20.3779,844,2015-07-26,0.365,0.463
Pine,Pine,148.8884,-20.3779,844,2015-07-27,0.328,0.516
Pine,Pine,148.8884,-20.3779,844,2015-07-28,0.388,2.655
Pine,Pine,148.8884,-20.3779,844,2015-07-29,0.427,1.84
Pine,Pine,148.8884,-20.3779,844,2015-07-30,0.441,1.851
Pine,Pine,148.8884,-20.3779,844,2015-07-31,0.462,2.233
Pine,Pine,148.8884,-20.3779,844,2015-08-01,0.497,2.435
Pine,Pine,148.8884,-20.3779,844,2015-08-02,0.507,2.93
Pine,Pine,148.8884,-20.3779,844,2015-08-03,0.511,2.75
Pine,Pine,148.8884,-20.3779,844,2015-08-04,0.492,2.459
Pine,Pine,148.8884,-20.3779,844,2015-08-05,0.513,3.525
Pine,Pine,148.8884,-20.3779,844,2015-08-06,0.484,1.679
Pine,Pine,148.8884,-20.3779,844,2015-08-07,0.49,1.923
Pine,Pine,148.8884,-20.3779,844,2015-08-08,0.493,1.136
Pine,Pine,148.8884,-20.3779,844,2015-08-09,0.514,1.035
Pine,Pine,148.8884,-20.3779,844,2015-08-10,0.477,1.031
Pine,Pine,148.8884,-20.3779,844,2015-08-11,0.425,1.161
Pine,Pine,148.8884,-20.3779,844,2015-08-12,0.376,1.271
Pine,Pine,148.8884,-20.3779,844,2015-08-13,0.357,1.736
Pine,Pine,148.8884,-20.3779,844,2015-08-14,0.376,1.645
Pine,Pine,148.8884,-20.3779,844,2015-08-15,0.396,1.676
Pine,Pine,148.8884,-20.3779,844,2015-08-16,0.425,1.863
Pine,Pine,148.8884,-20.3779,844,2015-08-17,0.446,1.262
Pine,Pine,148.8884,-20.3779,844,2015-08-18,0.456,1.121
Pine,Pine,148.8884,-20.3779,844,2015-08-19,0.436,0.921
Pine,Pine,148.8884,-20.3779,844,2015-08-20,0.383,0.842
Pine,Pine,148.8884,-20.3779,844,2015-08-21,0.384,0.684
Pine,Pine,148.8884,-20.3779,844,2015-08-22,0.386,0.53
Pine,Pine,148.8884,-20.3779,844,2015-08-23,0.321,0.486
Pine,Pine,148.8884,-20.3779,844,2015-08-24,0.253,0.412
Pine,Pine,148.8884,-20.3779,844,2015-08-25,0.256,0.477
Pine,Pine,148.8884,-20.3779,844,2015-08-26,0.276,0.579
Pine,Pine,148.8884,-20.3779,844,2015-08-27,0.303,0.799
Pine,Pine,148.8884,-20.3779,844,2015-08-28,0.334,1.247
Pine,Pine,148.8884,-20.3779,844,2015-08-29,0.355,1.804
Pine,Pine,148.8884,-20.3779,844,2015-08-30,0.378,2.592
Pine,Pine,148.8884,-20.3779,844,2015-08-31,0.381,2.948
Pine,Pine,148.8884,-20.3779,844,2015-09-01,0.379,2.858
Pine,Pine,148.8884,-20.3779,844,2015-09-02,0.399,2.81
Pine,Pine,148.8884,-20.3779,844,2015-09-03,0.412,2.24
Pine,Pine,148.8884,-20.3779,844,2015-09-04,0.421,1.625
Pine,Pine,148.8884,-20.3779,844,2015-09-05,0.461,0.924
Pine,Pine,148.8884,-20.3779,844,2015-09-06,0.449,0.715
Pine,Pine,148.8884,-20.3779,844,2015-09-07,0.408,0.654
Pine,Pine,148.8884,-20.3779,844,2015-09-08,0.35,0.653
Pine,Pine,148.8884,-20.3779,844,2015-09-09,0.355,1.136
Pine,Pine,148.8884,-20.3779,844,2015-09-10,0.428,2.372
Pine,Pine,148.8884,-20.3779,844,2015-09-11,0.466,3.203
Pine,Pine,148.8884,-20.3779,844,2015-09-12,0.472,3.904
Pine,Pine,148.8884,-20.3779,844,2015-09-13,0.453,4.033
Pine,Pine,148.8884,-20.3779,844,2015-09-14,0.446,3.639
Pine,Pine,148.8884,-20.3779,844,2015-09-15,0.44,3.227
Pine,Pine,148.8884,-20.3779,844,2015-09-16,0.444,2.543
Pine,Pine,148.8884,-20.3779,844,2015-09-17,0.458,1.939
Pine,Pine,148.8884,-20.3779,844,2015-09-18,0.443,3.492
Pine,Pine,148.8884,-20.3779,844,2015-09-19,0.39,1.149
Pine,Pine,148.8884,-20.3779,844,2015-09-20,0.387,0.847
Pine,Pine,148.8884,-20.3779,844,2015-09-21,0.339,0.863
Pine,Pine,148.8884,-20.3779,844,2015-09-22,0.34,0.897
Pine,Pine,148.8884,-20.3779,844,2015-09-23,0.371,0.827
Pine,Pine,148.8884,-20.3779,844,2015-09-24,0.389,1.544
Pine,Pine,148.8884,-20.3779,844,2015-09-25,0.418,1.58
Pine,Pine,148.8884,-20.3779,844,2015-09-26,0.46,2.477
Pine,Pine,148.8884,-20.3779,844,2015-09-27,0.471,3.361
Pine,Pine,148.8884,-20.3779,844,2015-09-28,0.47,4.216
Pine,Pine,148.8884,-20.3779,844,2015-09-29,0.461,4.985
Pine,Pine,148.8884,-20.3779,844,2015-09-30,0.457,4.681
Pine,Pine,148.8884,-20.3779,844,2015-10-01,0.45,3.959
Pine,Pine,148.8884,-20.3779,844,2015-10-02,0.474,4.345
Pine,Pine,148.8884,-20.3779,844,2015-10-03,0.509,5.349
Pine,Pine,148.8884,-20.3779,844,2015-10-04,0.509,3.229
Pine,Pine,148.8884,-20.3779,844,2015-10-05,0.51,2.429
Pine,Pine,148.8884,-20.3779,844,2015-10-06,0.465,1.952
Pine,Pine,148.8884,-20.3779,844,2015-10-07,0.472,2.507
Pine,Pine,148.8884,-20.3779,844,2015-10-08,0.487,4.014
Pine,Pine,148.8884,-20.3779,844,2015-10-09,0.481,6.082
Pine,Pine,148.8884,-20.3779,844,2015-10-10,0.457,6.099
Pine,Pine,148.8884,-20.3779,844,2015-10-11,0.439,4.955
Pine,Pine,148.8884,-20.3779,844,2015-10-12,0.452,4.476
Pine,Pine,148.8884,-20.3779,844,2015-10-13,0.481,3.891
Pine,Pine,148.8884,-20.3779,844,2015-10-14,0.513,3.408
Pine,Pine,148.8884,-20.3779,844,2015-10-15,0.522,3.651
Pine,Pine,148.8884,-20.3779,844,2015-10-16,0.532,3.428
Pine,Pine,148.8884,-20.3779,844,2015-10-17,0.545,3.377
Pine,Pine,148.8884,-20.3779,844,2015-10-18,0.538,2.705
Pine,Pine,148.8884,-20.3779,844,2015-10-19,0.485,1.724
Pine,Pine,148.8884,-20.3779,844,2015-10-20,0.432,1.438
Pine,Pine,148.8884,-20.3779,844,2015-10-21,0.426,1.105
Pine,Pine,148.8884,-20.3779,844,2015-10-22,0.399,1.011
Pine,Pine,148.8884,-20.3779,844,2015-10-23,0.37,1.159
Pine,Pine,148.8884,-20.3779,844,2015-10-24,0.372,1.406
Pine,Pine,148.8884,-20.3779,844,2015-10-25,0.388,1.743
Pine,Pine,148.8884,-20.3779,825,2016-01-07,0.597,1.086
Pine,Pine,148.8884,-20.3779,825,2016-01-08,0.561,1.051
Pine,Pine,148.8884,-20.3779,825,2016-01-09,0.716,1.347
Pine,Pine,148.8884,-20.3779,825,2016-01-10,0.786,1.661
Pine,Pine,148.8884,-20.3779,825,2016-01-11,0.819,1.865
Pine,Pine,148.8884,-20.3779,825,2016-01-12,0.874,2.01
Pine,Pine,148.8884,-20.3779,825,2016-01-13,0.876,1.924
Pine,Pine,148.8884,-20.3779,825,2016-01-14,0.871,1.701
Pine,Pine,148.8884,-20.3779,825,2016-01-15,0.867,1.342
Pine,Pine,148.8884,-20.3779,825,2016-01-16,0.817,1.08
Pine,Pine,148.8884,-20.3779,825,2016-01-17,0.829,1.278
Pine,Pine,148.8884,-20.3779,825,2016-01-18,0.772,1.606
Pine,Pine,148.8884,-20.3779,825,2016-01-19,0.801,1.311
Pine,Pine,148.8884,-20.3779,825,2016-01-20,0.869,1.375
Pine,Pine,148.8884,-20.3779,825,2016-01-21,0.869,1.427
Pine,Pine,148.8884,-20.3779,825,2016-01-22,0.772,1.582
Pine,Pine,148.8884,-20.3779,825,2016-01-23,0.763,1.865
Pine,Pine,148.8884,-20.3779,825,2016-01-24,0.792,1.988
Pine,Pine,148.8884,-20.3779,825,2016-01-25,0.799,1.998
Pine,Pine,148.8884,-20.3779,825,2016-01-26,0.829,1.782
Pine,Pine,148.8884,-20.3779,825,2016-01-27,0.87,1.549
Pine,Pine,148.8884,-20.3779,825,2016-01-28,0.941,1.614
Pine,Pine,148.8884,-20.3779,825,2016-01-29,0.938,1.371
Pine,Pine,148.8884,-20.3779,825,2016-01-30,0.913,0.943
Pine,Pine,148.8884,-20.3779,825,2016-01-31,0.835,0.775
Pine,Pine,148.8884,-20.3779,825,2016-02-01,0.852,0.745
Pine,Pine,148.8884,-20.3779,825,2016-02-02,0.85,0.724
Pine,Pine,148.8884,-20.3779,825,2016-02-03,0.835,0.926
Pine,Pine,148.8884,-20.3779,825,2016-02-04,0.802,0.726
Pine,Pine,148.8884,-20.3779,825,2016-02-05,0.852,0.766
Pine,Pine,148.8884,-20.3779,825,2016-02-06,0.909,1.044
Pine,Pine,148.8884,-20.3779,825,2016-02-07,0.927,2.633
Pine,Pine,148.8884,-20.3779,825,2016-02-08,0.875,4.174
Pine,Pine,148.8884,-20.3779,825,2016-02-09,0.854,4.465
Pine,Pine,148.8884,-20.3779,825,2016-02-10,0.885,5.291
Pine,Pine,148.8884,-20.3779,825,2016-02-11,0.881,5.45
Pine,Pine,148.8884,-20.3779,825,2016-02-12,0.916,5.562
Pine,Pine,148.8884,-20.3779,825,2016-02-13,0.932,5.28
Pine,Pine,148.8884,-20.3779,825,2016-02-14,0.956,3.433
Pine,Pine,148.8884,-20.3779,825,2016-02-15,1.01,2.476
Pine,Pine,148.8884,-20.3779,825,2016-02-16,1.009,1.993
Pine,Pine,148.8884,-20.3779,825,2016-02-17,0.857,1.65
Pine,Pine,148.8884,-20.3779,825,2016-02-18,0.858,1.623
Pine,Pine,148.8884,-20.3779,825,2016-02-19,0.858,1.687
Pine,Pine,148.8884,-20.3779,825,2016-02-20,0.855,1.76
Pine,Pine,148.8884,-20.3779,825,2016-02-21,0.851,3.623
Pine,Pine,148.8884,-20.3779,825,2016-02-22,0.862,5.151
Pine,Pine,148.8884,-20.3779,825,2016-02-23,0.857,5.493
Pine,Pine,148.8884,-20.3779,825,2016-02-24,0.824,5.08
Pine,Pine,148.8884,-20.3779,825,2016-02-25,0.808,3.412
Pine,Pine,148.8884,-20.3779,825,2016-02-26,0.84,2.954
Pine,Pine,148.8884,-20.3779,825,2016-02-27,0.894,2.309
Pine,Pine,148.8884,-20.3779,825,2016-02-28,0.896,1.607
Pine,Pine,148.8884,-20.3779,825,2016-02-29,0.849,1.03
Pine,Pine,148.8884,-20.3779,825,2016-03-01,0.727,1.571
Pine,Pine,148.8884,-20.3779,825,2016-03-02,0.733,1.671
Pine,Pine,148.8884,-20.3779,825,2016-03-03,0.71,1.47
Pine,Pine,148.8884,-20.3779,825,2016-03-04,0.8,1.869
Pine,Pine,148.8884,-20.3779,825,2016-03-05,0.769,2.581
Pine,Pine,148.8884,-20.3779,825,2016-03-06,0.737,3.539
Pine,Pine,148.8884,-20.3779,825,2016-03-07,0.739,5.041
Pine,Pine,148.8884,-20.3779,825,2016-03-08,0.85,8.441
Pine,Pine,148.8884,-20.3779,825,2016-03-09,0.908,10.721
Pine,Pine,148.8884,-20.3779,825,2016-03-10,0.912,9.991
Pine,Pine,148.8884,-20.3779,825,2016-03-11,0.923,11.268
Pine,Pine,148.8884,-20.3779,825,2016-03-12,0.971,11.635
Pine,Pine,148.8884,-20.3779,825,2016-03-13,0.945,7.344
Pine,Pine,148.8884,-20.3779,825,2016-03-14,0.974,4.18
Pine,Pine,148.8884,-20.3779,825,2016-03-15,1.096,2.195
Pine,Pine,148.8884,-20.3779,825,2016-03-16,1.038,2.042
Pine,Pine,148.8884,-20.3779,825,2016-03-17,0.991,2.079
Pine,Pine,148.8884,-20.3779,825,2016-03-18,0.943,2.383
Pine,Pine,148.8884,-20.3779,825,2016-03-19,1.024,2.578
Pine,Pine,148.8884,-20.3779,825,2016-03-20,1.095,2.756
Pine,Pine,148.8884,-20.3779,825,2016-03-21,1.085,3.044
Pine,Pine,148.8884,-20.3779,825,2016-03-22,1.039,3.133
Pine,Pine,148.8884,-20.3779,825,2016-03-23,0.994,3.044
Pine,Pine,148.8884,-20.3779,825,2016-03-24,1.015,3.571
Pine,Pine,148.8884,-20.3779,825,2016-03-25,0.971,3.224
Pine,Pine,148.8884,-20.3779,825,2016-03-26,0.944,2.904
Pine,Pine,148.8884,-20.3779,825,2016-03-27,0.935,2.354
Pine,Pine,148.8884,-20.3779,825,2016-03-28,0.977,2.044
Pine,Pine,148.8884,-20.3779,825,2016-03-29,1.11,5.109
Pine,Pine,148.8884,-20.3779,825,2016-03-30,0.96,1.121
Pine,Pine,148.8884,-20.3779,825,2016-03-31,0.832,0.916
Pine,Pine,148.8884,-20.3779,825,2016-04-01,0.65,0.702
Pine,Pine,148.8884,-20.3779,825,2016-04-02,0.61,0.816
Pine,Pine,148.8884,-20.3779,825,2016-04-03,0.686,1.492
Pine,Pine,148.8884,-20.3779,825,2016-04-04,0.78,3.213
Pine,Pine,148.8884,-20.3779,825,2016-04-05,0.833,4.298
Pine,Pine,148.8884,-20.3779,825,2016-04-06,0.9,6.419
Pine,Pine,148.8884,-20.3779,825,2016-04-07,0.928,7.789
Pine,Pine,148.8884,-20.3779,825,2016-04-08,0.968,9.476
Pine,Pine,148.8884,-20.3779,825,2016-04-09,0.98,11.022
Pine,Pine,148.8884,-20.3779,825,2016-04-10,0.929,9.695
Pine,Pine,148.8884,-20.3779,825,2016-04-11,0.87,6.775
Pine,Pine,148.8884,-20.3779,825,2016-04-12,0.859,5.907
Pine,Pine,148.8884,-20.3779,825,2016-04-13,0.883,5.081
Pine,Pine,148.8884,-20.3779,825,2016-04-14,0.792,3.117
Pine,Pine,148.8884,-20.3779,825,2016-04-15,0.755,2.883
Pine,Pine,148.8884,-20.3779,825,2016-04-16,0.837,2.335
Pine,Pine,148.8884,-20.3779,825,2016-04-17,0.857,2.475
Pine,Pine,148.8884,-20.3779,825,2016-04-18,0.904,2.881
Pine,Pine,148.8884,-20.3779,825,2016-04-19,0.899,3.529
Pine,Pine,148.8884,-20.3779,825,2016-04-20,0.925,3.907
Pine,Pine,148.8884,-20.3779,825,2016-04-21,0.895,4.468
Pine,Pine,148.8884,-20.3779,825,2016-04-22,0.878,4.076
Pine,Pine,148.8884,-20.3779,825,2016-04-23,0.883,3.771
Pine,Pine,148.8884,-20.3779,825,2016-04-24,0.91,4.883
Pine,Pine,148.8884,-20.3779,825,2016-04-25,0.913,6.651
Pine,Pine,148.8884,-20.3779,825,2016-04-26,0.861,4.977
Pine,Pine,148.8884,-20.3779,825,2016-04-27,0.832,2.177
Pine,Pine,148.8884,-20.3779,825,2016-04-28,0.816,1.116
Pine,Pine,148.8884,-20.3779,825,2016-04-29,0.779,0.969
Pine,Pine,148.8884,-20.3779,825,2016-04-30,0.726,0.88
Pine,Pine,148.8884,-20.3779,825,2016-05-01,0.759,0.899
Pine,Pine,148.8884,-20.3779,825,2016-05-02,0.79,0.971
Pine,Pine,148.8884,-20.3779,825,2016-05-03,0.779,1.33
Pine,Pine,148.8884,-20.3779,825,2016-05-04,0.81,1.901
Pine,Pine,148.8884,-20.3779,825,2016-05-05,0.864,2.666
Pine,Pine,148.8884,-20.3779,825,2016-05-06,0.903,3.792
Pine,Pine,148.8884,-20.3779,825,2016-05-07,0.921,4.916
Pine,Pine,148.8884,-20.3779,825,2016-05-08,0.938,4.777
Pine,Pine,148.8884,-20.3779,825,2016-05-09,0.933,3.953
Pine,Pine,148.8884,-20.3779,825,2016-05-10,0.924,3.244
Pine,Pine,148.8884,-20.3779,825,2016-05-11,0.964,4.501
Pine,Pine,148.8884,-20.3779,825,2016-05-12,0.903,3.578
Pine,Pine,148.8884,-20.3779,825,2016-05-13,0.908,2.292
Pine,Pine,148.8884,-20.3779,825,2016-05-14,0.917,2.192
Pine,Pine,148.8884,-20.3779,825,2016-05-15,0.932,1.767
Pine,Pine,148.8884,-20.3779,825,2016-05-16,0.929,1.849
Pine,Pine,148.8884,-20.3779,825,2016-05-17,0.89,1.771
Pine,Pine,148.8884,-20.3779,825,2016-05-18,0.929,1.919
Pine,Pine,148.8884,-20.3779,825,2016-05-19,0.908,2.285
Pine,Pine,148.8884,-20.3779,825,2016-05-20,0.913,3.397
Pine,Pine,148.8884,-20.3779,825,2016-05-21,0.885,3.192
Pine,Pine,148.8884,-20.3779,825,2016-05-22,0.865,2.408
Pine,Pine,148.8884,-20.3779,825,2016-05-23,0.88,2.486
Pine,Pine,148.8884,-20.3779,825,2016-05-24,0.884,2.305
Pine,Pine,148.8884,-20.3779,825,2016-05-25,0.918,1.917
Pine,Pine,148.8884,-20.3779,825,2016-05-26,0.96,1.839
Pine,Pine,148.8884,-20.3779,825,2016-05-27,0.993,1.653
Pine,Pine,148.8884,-20.3779,825,2016-05-28,0.905,1.181
Pine,Pine,148.8884,-20.3779,825,2016-05-29,0.893,1.497
Pine,Pine,148.8884,-20.3779,825,2016-05-30,0.896,1.031
Pine,Pine,148.8884,-20.3779,825,2016-05-31,0.966,1.325
Pine,Pine,148.8884,-20.3779,825,2016-06-01,0.961,2.287
Pine,Pine,148.8884,-20.3779,825,2016-06-02,0.886,3.258
Pine,Pine,148.8884,-20.3779,825,2016-06-03,0.887,3.112
Pine,Pine,148.8884,-20.3779,825,2016-06-04,0.957,3.626
Pine,Pine,148.8884,-20.3779,825,2016-06-05,0.988,3.578
Pine,Pine,148.8884,-20.3779,825,2016-06-06,0.942,3.65
Pine,Pine,148.8884,-20.3779,825,2016-06-07,0.929,3.537
Pine,Pine,148.8884,-20.3779,825,2016-06-08,0.919,3.002
Pine,Pine,148.8884,-20.3779,825,2016-06-09,0.93,2.372
Pine,Pine,148.8884,-20.3779,825,2016-06-10,0.956,1.699
Pine,Pine,148.8884,-20.3779,825,2016-06-11,1.012,3.458
Pine,Pine,148.8884,-20.3779,825,2016-06-12,0.948,2.655
Pine,Pine,148.8884,-20.3779,825,2016-06-13,0.939,2.248
Pine,Pine,148.8884,-20.3779,825,2016-06-14,0.862,3.266
Pine,Pine,148.8884,-20.3779,825,2016-06-15,0.905,3.712
Pine,Pine,148.8884,-20.3779,825,2016-06-16,0.982,3.049
Pine,Pine,148.8884,-20.3779,825,2016-06-17,1.023,2.779
Pine,Pine,148.8884,-20.3779,825,2016-06-18,0.989,2.595
Pine,Pine,148.8884,-20.3779,825,2016-06-19,0.93,2.761
Pine,Pine,148.8884,-20.3779,825,2016-06-20,0.868,2.418
Pine,Pine,148.8884,-20.3779,825,2016-06-21,0.916,2.01
Pine,Pine,148.8884,-20.3779,825,2016-06-22,0.983,2.017
Pine,Pine,148.8884,-20.3779,825,2016-06-23,1.031,1.726
Pine,Pine,148.8884,-20.3779,825,2016-06-24,1.012,1.72
Pine,Pine,148.8884,-20.3779,825,2016-06-25,0.982,2.563
Pine,Pine,148.8884,-20.3779,825,2016-06-26,0.936,1.328
Pine,Pine,148.8884,-20.3779,846,2016-06-27,0.721,0.966
Pine,Pine,148.8884,-20.3779,825,2016-06-27,0.884,1.195
Pine,Pine,148.8884,-20.3779,846,2016-06-28,0.636,1.732
Pine,Pine,148.8884,-20.3779,846,2016-06-29,0.601,1.447
Pine,Pine,148.8884,-20.3779,846,2016-06-30,0.594,1.153
Pine,Pine,148.8884,-20.3779,846,2016-07-01,0.604,1.199
Pine,Pine,148.8884,-20.3779,846,2016-07-02,0.629,2.274
Pine,Pine,148.8884,-20.3779,846,2016-07-03,0.621,2.318
Pine,Pine,148.8884,-20.3779,846,2016-07-04,0.596,2.247
Pine,Pine,148.8884,-20.3779,846,2016-07-05,0.632,2.359
Pine,Pine,148.8884,-20.3779,846,2016-07-06,0.662,2.533
Pine,Pine,148.8884,-20.3779,846,2016-07-07,0.678,1.95
Pine,Pine,148.8884,-20.3779,846,2016-07-08,0.688,1.496
Pine,Pine,148.8884,-20.3779,846,2016-07-09,0.703,1.538
Pine,Pine,148.8884,-20.3779,846,2016-07-10,0.698,1.138
Pine,Pine,148.8884,-20.3779,846,2016-07-11,0.66,0.756
Pine,Pine,148.8884,-20.3779,846,2016-07-12,0.591,0.608
Pine,Pine,148.8884,-20.3779,846,2016-07-13,0.44,0.802
Pine,Pine,148.8884,-20.3779,846,2016-07-14,0.414,1.096
Pine,Pine,148.8884,-20.3779,846,2016-07-15,0.499,1.465
Pine,Pine,148.8884,-20.3779,846,2016-07-16,0.47,1.251
Pine,Pine,148.8884,-20.3779,846,2016-07-17,0.506,1.652
Pine,Pine,148.8884,-20.3779,846,2016-07-18,0.544,2.408
Pine,Pine,148.8884,-20.3779,846,2016-07-19,0.555,2.25
Pine,Pine,148.8884,-20.3779,846,2016-07-20,0.586,2.451
Pine,Pine,148.8884,-20.3779,846,2016-07-21,0.628,2.341
Pine,Pine,148.8884,-20.3779,846,2016-07-22,0.641,2.08
Pine,Pine,148.8884,-20.3779,846,2016-07-23,0.594,1.843
Pine,Pine,148.8884,-20.3779,846,2016-07-24,0.559,1.293
Pine,Pine,148.8884,-20.3779,846,2016-07-25,0.54,1.006
Pine,Pine,148.8884,-20.3779,846,2016-07-26,0.563,0.861
Pine,Pine,148.8884,-20.3779,846,2016-07-27,0.583,0.854
Pine,Pine,148.8884,-20.3779,846,2016-07-28,0.621,1.849
Pine,Pine,148.8884,-20.3779,846,2016-07-29,0.551,1.274
Pine,Pine,148.8884,-20.3779,846,2016-07-30,0.544,1.378
Pine,Pine,148.8884,-20.3779,846,2016-07-31,0.566,1.409
Pine,Pine,148.8884,-20.3779,846,2016-08-01,0.547,1.595
Pine,Pine,148.8884,-20.3779,846,2016-08-02,0.507,1.813
Pine,Pine,148.8884,-20.3779,846,2016-08-03,0.521,2.055
Pine,Pine,148.8884,-20.3779,846,2016-08-04,0.516,2.256
Pine,Pine,148.8884,-20.3779,846,2016-08-05,0.56,3.034
Pine,Pine,148.8884,-20.3779,846,2016-08-06,0.589,3.521
Pine,Pine,148.8884,-20.3779,846,2016-08-07,0.55,2.686
Pine,Pine,148.8884,-20.3779,846,2016-08-08,0.501,1.795
Pine,Pine,148.8884,-20.3779,846,2016-08-09,0.504,1.269
Pine,Pine,148.8884,-20.3779,846,2016-08-10,0.57,0.897
Pine,Pine,148.8884,-20.3779,846,2016-08-11,0.57,0.75
Pine,Pine,148.8884,-20.3779,846,2016-08-12,0.405,0.597
Pine,Pine,148.8884,-20.3779,846,2016-08-13,0.312,0.523
Pine,Pine,148.8884,-20.3779,846,2016-08-14,0.327,0.779
Pine,Pine,148.8884,-20.3779,846,2016-08-15,0.445,1.505
Pine,Pine,148.8884,-20.3779,846,2016-08-16,0.462,2.852
Pine,Pine,148.8884,-20.3779,846,2016-08-17,0.476,3.797
Pine,Pine,148.8884,-20.3779,846,2016-08-18,0.498,4.467
Pine,Pine,148.8884,-20.3779,846,2016-08-19,0.534,5.463
Pine,Pine,148.8884,-20.3779,846,2016-08-20,0.543,5.167
Pine,Pine,148.8884,-20.3779,846,2016-08-21,0.569,4.122
Pine,Pine,148.8884,-20.3779,846,2016-08-22,0.554,3.204
Pine,Pine,148.8884,-20.3779,846,2016-08-23,0.564,2.389
Pine,Pine,148.8884,-20.3779,846,2016-08-24,0.588,1.795
Pine,Pine,148.8884,-20.3779,846,2016-08-25,0.533,1.668
Pine,Pine,148.8884,-20.3779,846,2016-08-26,0.467,1.149
Pine,Pine,148.8884,-20.3779,846,2016-08-27,0.541,1.71
Pine,Pine,148.8884,-20.3779,846,2016-08-28,0.59,1.36
Pine,Pine,148.8884,-20.3779,846,2016-08-29,0.629,1.665
Pine,Pine,148.8884,-20.3779,846,2016-08-30,0.628,2.084
Pine,Pine,148.8884,-20.3779,846,2016-08-31,0.595,2.022
Pine,Pine,148.8884,-20.3779,846,2016-09-01,0.558,2.063
Pine,Pine,148.8884,-20.3779,846,2016-09-02,0.534,2.098
Pine,Pine,148.8884,-20.3779,846,2016-09-03,0.505,1.674
Pine,Pine,148.8884,-20.3779,846,2016-09-04,0.509,2.524
Pine,Pine,148.8884,-20.3779,846,2016-09-05,0.537,1.516
Pine,Pine,148.8884,-20.3779,846,2016-09-06,0.567,1.896
Pine,Pine,148.8884,-20.3779,846,2016-09-07,0.513,2.006
Pine,Pine,148.8884,-20.3779,846,2016-09-08,0.52,1.547
Pine,Pine,148.8884,-20.3779,846,2016-09-09,0.542,1.32
Pine,Pine,148.8884,-20.3779,846,2016-09-10,0.472,1.072
Pine,Pine,148.8884,-20.3779,846,2016-09-11,0.579,0.976
Pine,Pine,148.8884,-20.3779,846,2016-09-12,0.58,1.007
Pine,Pine,148.8884,-20.3779,846,2016-09-13,0.522,1.036
Pine,Pine,148.8884,-20.3779,846,2016-09-14,0.494,1.306
Pine,Pine,148.8884,-20.3779,846,2016-09-15,0.486,1.716
Pine,Pine,148.8884,-20.3779,846,2016-09-16,0.495,2.441
Pine,Pine,148.8884,-20.3779,846,2016-09-17,0.513,2.546
Pine,Pine,148.8884,-20.3779,846,2016-09-18,0.537,3.13
Pine,Pine,148.8884,-20.3779,846,2016-09-19,0.563,3.457
Pine,Pine,148.8884,-20.3779,846,2016-09-20,0.541,2.537
Pine,Pine,148.8884,-20.3779,822,2016-09-20,0.756,2.352
Pine,Pine,148.8884,-20.3779,822,2016-09-21,0.723,1.99
Pine,Pine,148.8884,-20.3779,822,2016-09-22,0.741,1.525
Pine,Pine,148.8884,-20.3779,822,2016-09-23,0.689,1.154
Pine,Pine,148.8884,-20.3779,822,2016-09-24,0.608,1.059
Pine,Pine,148.8884,-20.3779,822,2016-09-25,0.51,1.317
Pine,Pine,148.8884,-20.3779,822,2016-09-26,0.439,0.991
Pine,Pine,148.8884,-20.3779,822,2016-09-27,0.489,1.108
Pine,Pine,148.8884,-20.3779,822,2016-09-28,0.584,1.347
Pine,Pine,148.8884,-20.3779,822,2016-09-29,0.693,1.718
Pine,Pine,148.8884,-20.3779,822,2016-09-30,0.65,1.779
Pine,Pine,148.8884,-20.3779,822,2016-10-01,0.645,1.529
Pine,Pine,148.8884,-20.3779,822,2016-10-02,0.724,1.549
Pine,Pine,148.8884,-20.3779,822,2016-10-03,0.723,1.415
Pine,Pine,148.8884,-20.3779,822,2016-10-04,0.752,2.147
Pine,Pine,148.8884,-20.3779,822,2016-10-05,0.689,1.005
Pine,Pine,148.8884,-20.3779,822,2016-10-06,0.692,1.037
Pine,Pine,148.8884,-20.3779,822,2016-10-07,0.617,0.802
Pine,Pine,148.8884,-20.3779,822,2016-10-08,0.512,0.63
Pine,Pine,148.8884,-20.3779,822,2016-10-09,0.439,0.589
Pine,Pine,148.8884,-20.3779,822,2016-10-10,0.463,0.591
Pine,Pine,148.8884,-20.3779,822,2016-10-11,0.491,0.662
Pine,Pine,148.8884,-20.3779,822,2016-10-12,0.574,0.847
Pine,Pine,148.8884,-20.3779,822,2016-10-13,0.562,0.972
Pine,Pine,148.8884,-20.3779,822,2016-10-14,0.682,1.862
Pine,Pine,148.8884,-20.3779,822,2016-10-15,0.743,3.707
Pine,Pine,148.8884,-20.3779,822,2016-10-16,0.756,3.827
Pine,Pine,148.8884,-20.3779,822,2016-10-17,0.773,3.975
Pine,Pine,148.8884,-20.3779,822,2016-10-18,0.763,4.004
Pine,Pine,148.8884,-20.3779,822,2016-10-19,0.721,3.276
Pine,Pine,148.8884,-20.3779,822,2016-10-20,0.694,2.573
Pine,Pine,148.8884,-20.3779,822,2016-10-21,0.703,2.164
Pine,Pine,148.8884,-20.3779,822,2016-10-22,0.711,1.573
Pine,Pine,148.8884,-20.3779,822,2016-10-23,0.763,2.615
Pine,Pine,148.8884,-20.3779,822,2016-10-24,0.731,2.118
Pine,Pine,148.8884,-20.3779,822,2016-10-25,0.825,1.575
Pine,Pine,148.8884,-20.3779,822,2016-10-26,0.848,1.874
Pine,Pine,148.8884,-20.3779,822,2016-10-27,0.803,1.878
Pine,Pine,148.8884,-20.3779,822,2016-10-28,0.758,1.939
Pine,Pine,148.8884,-20.3779,822,2016-10-29,0.678,1.923
Pine,Pine,148.8884,-20.3779,822,2016-10-30,0.693,1.989
Pine,Pine,148.8884,-20.3779,822,2016-10-31,0.68,1.908
Pine,Pine,148.8884,-20.3779,822,2016-11-01,0.705,1.82
Pine,Pine,148.8884,-20.3779,822,2016-11-02,0.661,1.578
Pine,Pine,148.8884,-20.3779,822,2016-11-03,0.597,1.27
Pine,Pine,148.8884,-20.3779,822,2016-11-04,0.62,1.739
Pine,Pine,148.8884,-20.3779,822,2016-11-05,0.613,1.012
Pine,Pine,148.8884,-20.3779,822,2016-11-06,0.644,0.84
Pine,Pine,148.8884,-20.3779,822,2016-11-07,0.583,0.77
Pine,Pine,148.8884,-20.3779,822,2016-11-08,0.469,0.63
Pine,Pine,148.8884,-20.3779,822,2016-11-09,0.409,0.599
Pine,Pine,148.8884,-20.3779,822,2016-11-10,0.578,0.764
Pine,Pine,148.8884,-20.3779,822,2016-11-11,0.74,1.096
Pine,Pine,148.8884,-20.3779,822,2016-11-12,0.663,1.538
Pine,Pine,148.8884,-20.3779,822,2016-11-13,0.675,2.05
Pine,Pine,148.8884,-20.3779,822,2016-11-14,0.671,2.367
Pine,Pine,148.8884,-20.3779,822,2016-11-15,0.727,3.603
Pine,Pine,148.8884,-20.3779,822,2016-11-16,0.753,3.175
Pine,Pine,148.8884,-20.3779,822,2016-11-17,0.814,3.66
Pine,Pine,148.8884,-20.3779,822,2016-11-18,0.831,3.366
Pine,Pine,148.8884,-20.3779,822,2016-11-19,0.802,2.827
Pine,Pine,148.8884,-20.3779,822,2016-11-20,0.827,2.358
Pine,Pine,148.8884,-20.3779,822,2016-11-21,0.732,1.714
Pine,Pine,148.8884,-20.3779,822,2016-11-22,0.647,1.536
Pine,Pine,148.8884,-20.3779,822,2016-11-23,0.605,1.199
Pine,Pine,148.8884,-20.3779,822,2016-11-24,0.713,1.399
Pine,Pine,148.8884,-20.3779,822,2016-11-25,0.69,1.293
Pine,Pine,148.8884,-20.3779,822,2016-11-26,0.651,1.287
Pine,Pine,148.8884,-20.3779,822,2016-11-27,0.673,1.618
Pine,Pine,148.8884,-20.3779,822,2016-11-28,0.698,1.406
Pine,Pine,148.8884,-20.3779,822,2016-11-29,0.69,1.547
Pine,Pine,148.8884,-20.3779,822,2016-11-30,0.684,1.382
Pine,Pine,148.8884,-20.3779,822,2016-12-01,0.647,1.16
Pine,Pine,148.8884,-20.3779,822,2016-12-02,0.567,0.971
Pine,Pine,148.8884,-20.3779,822,2016-12-03,0.479,0.708
Pine,Pine,148.8884,-20.3779,822,2016-12-04,0.465,0.591
Pine,Pine,148.8884,-20.3779,822,2016-12-05,0.553,0.502
Pine,Pine,148.8884,-20.3779,822,2016-12-06,0.642,0.482
Pine,Pine,148.8884,-20.3779,822,2016-12-07,0.602,0.484
Pine,Pine,148.8884,-20.3779,822,2016-12-08,0.617,0.523
Pine,Pine,148.8884,-20.3779,822,2016-12-09,0.684,0.617
Pine,Pine,148.8884,-20.3779,822,2016-12-10,0.747,0.744
Pine,Pine,148.8884,-20.3779,822,2016-12-11,0.878,1.961
Pine,Pine,148.8884,-20.3779,822,2016-12-12,0.871,2.45
Pine,Pine,148.8884,-20.3779,822,2016-12-13,0.83,2.368
Pine,Pine,148.8884,-20.3779,822,2016-12-14,0.808,2.602
Pine,Pine,148.8884,-20.3779,822,2016-12-15,0.822,2.681
Pine,Pine,148.8884,-20.3779,822,2016-12-16,0.834,2.589
Pine,Pine,148.8884,-20.3779,822,2016-12-17,0.801,2.271
Pine,Pine,148.8884,-20.3779,822,2016-12-18,0.755,1.843
Pine,Pine,148.8884,-20.3779,822,2016-12-19,0.835,1.549
Pine,Pine,148.8884,-20.3779,822,2016-12-20,0.82,1.232
Pine,Pine,148.8884,-20.3779,822,2016-12-21,0.764,1.036
Pine,Pine,148.8884,-20.3779,822,2016-12-22,0.641,0.94
Pine,Pine,148.8884,-20.3779,822,2016-12-23,0.598,1.118
Pine,Pine,148.8884,-20.3779,822,2016-12-24,0.629,0.963
Pine,Pine,148.8884,-20.3779,822,2016-12-25,0.737,1.011
Pine,Pine,148.8884,-20.3779,822,2016-12-26,0.773,1.29
Pine,Pine,148.8884,-20.3779,822,2016-12-27,0.753,1.512
Pine,Pine,148.8884,-20.3779,822,2016-12-28,0.718,1.861
Pine,Pine,148.8884,-20.3779,822,2016-12-29,0.742,1.933
Pine,Pine,148.8884,-20.3779,822,2016-12-30,0.756,1.656
Pine,Pine,148.8884,-20.3779,822,2016-12-31,0.753,1.601
Pine,Pine,148.8884,-20.3779,822,2017-01-01,0.741,1.236
Pine,Pine,148.8884,-20.3779,822,2017-01-02,0.783,1.011
Pine,Pine,148.8884,-20.3779,822,2017-01-03,0.825,0.898
Pine,Pine,148.8884,-20.3779,822,2017-01-04,0.813,0.893
Pine,Pine,148.8884,-20.3779,822,2017-01-05,0.903,1.312
Pine,Pine,148.8884,-20.3779,822,2017-01-06,0.993,1.449
Pine,Pine,148.8884,-20.3779,822,2017-01-07,1.008,2.496
Pine,Pine,148.8884,-20.3779,822,2017-01-08,0.961,3.561
Pine,Pine,148.8884,-20.3779,822,2017-01-09,0.877,4.621
Pine,Pine,148.8884,-20.3779,822,2017-01-10,0.913,5.628
Pine,Pine,148.8884,-20.3779,822,2017-01-11,0.945,6.707
Pine,Pine,148.8884,-20.3779,822,2017-01-12,0.905,5.678
Pine,Pine,148.8884,-20.3779,822,2017-01-13,0.916,5.509
Pine,Pine,148.8884,-20.3779,842,2017-01-13,0.887,5.311
Pine,Pine,148.8884,-20.3779,842,2017-01-14,0.788,4.76
Pine,Pine,148.8884,-20.3779,842,2017-01-15,0.831,3.97
Pine,Pine,148.8884,-20.3779,842,2017-01-16,0.861,2.532
Pine,Pine,148.8884,-20.3779,842,2017-01-17,0.945,1.896
Pine,Pine,148.8884,-20.3779,842,2017-01-18,0.999,1.258
Pine,Pine,148.8884,-20.3779,842,2017-01-19,0.908,1.017
Pine,Pine,148.8884,-20.3779,842,2017-01-20,0.708,0.786
Pine,Pine,148.8884,-20.3779,842,2017-01-21,0.594,0.723
Pine,Pine,148.8884,-20.3779,842,2017-01-22,0.631,0.726
Pine,Pine,148.8884,-20.3779,842,2017-01-23,0.694,0.888
Pine,Pine,148.8884,-20.3779,842,2017-01-24,0.67,1.187
Pine,Pine,148.8884,-20.3779,842,2017-01-25,0.71,1.098
Pine,Pine,148.8884,-20.3779,842,2017-01-26,0.734,1.286
Pine,Pine,148.8884,-20.3779,842,2017-01-27,0.717,1.442
Pine,Pine,148.8884,-20.3779,842,2017-01-28,0.654,1.775
Pine,Pine,148.8884,-20.3779,842,2017-01-29,0.668,2.602
Pine,Pine,148.8884,-20.3779,842,2017-01-30,0.656,3.613
Pine,Pine,148.8884,-20.3779,351,2017-07-05,0.866,3.788
Pine,Pine,148.8884,-20.3779,351,2017-07-06,0.858,4.016
Pine,Pine,148.8884,-20.3779,351,2017-07-07,0.79,3.888
Pine,Pine,148.8884,-20.3779,351,2017-07-08,0.721,3.526
Pine,Pine,148.8884,-20.3779,351,2017-07-09,0.65,3.045
Pine,Pine,148.8884,-20.3779,351,2017-07-10,0.613,2.682
Pine,Pine,148.8884,-20.3779,351,2017-07-11,0.679,3.001
Pine,Pine,148.8884,-20.3779,351,2017-07-12,0.709,3.905
Pine,Pine,148.8884,-20.3779,351,2017-07-13,0.757,7.015
Pine,Pine,148.8884,-20.3779,351,2017-07-14,0.699,3.231
Pine,Pine,148.8884,-20.3779,351,2017-07-15,0.684,3.135
Pine,Pine,148.8884,-20.3779,351,2017-07-16,0.678,1.657
Pine,Pine,148.8884,-20.3779,351,2017-07-17,0.666,1.357
Pine,Pine,148.8884,-20.3779,351,2017-07-18,0.616,1.245
Pine,Pine,148.8884,-20.3779,351,2017-07-19,0.576,1.466
Pine,Pine,148.8884,-20.3779,351,2017-07-20,0.595,3.11
Pine,Pine,148.8884,-20.3779,351,2017-07-21,0.568,2.803
Pine,Pine,148.8884,-20.3779,351,2017-07-22,0.614,5.434
Pine,Pine,148.8884,-20.3779,351,2017-07-23,0.626,6.622
Pine,Pine,148.8884,-20.3779,351,2017-07-24,0.633,7.351
Pine,Pine,148.8884,-20.3779,351,2017-07-25,0.65,7.924
Pine,Pine,148.8884,-20.3779,351,2017-07-26,0.662,9.378
Pine,Pine,148.8884,-20.3779,351,2017-07-27,0.636,6.108
Pine,Pine,148.8884,-20.3779,351,2017-07-28,0.634,4.19
Pine,Pine,148.8884,-20.3779,351,2017-07-29,0.662,2.62
Pine,Pine,148.8884,-20.3779,351,2017-07-30,0.638,1.7
Pine,Pine,148.8884,-20.3779,351,2017-07-31,0.617,1.167
Pine,Pine,148.8884,-20.3779,351,2017-08-01,0.546,0.891
Pine,Pine,148.8884,-20.3779,351,2017-08-02,0.486,0.828
Pine,Pine,148.8884,-20.3779,351,2017-08-03,0.504,0.833
Pine,Pine,148.8884,-20.3779,351,2017-08-04,0.538,1.036
Pine,Pine,148.8884,-20.3779,351,2017-08-05,0.587,1.229
Pine,Pine,148.8884,-20.3779,351,2017-08-06,0.604,1.528
Pine,Pine,148.8884,-20.3779,351,2017-08-07,0.598,1.772
Pine,Pine,148.8884,-20.3779,351,2017-08-08,0.607,2.626
Pine,Pine,148.8884,-20.3779,351,2017-08-09,0.637,2.715
Pine,Pine,148.8884,-20.3779,351,2017-08-10,0.626,2.42
Pine,Pine,148.8884,-20.3779,351,2017-08-11,0.563,2.178
Pine,Pine,148.8884,-20.3779,351,2017-08-12,0.538,1.871
Pine,Pine,148.8884,-20.3779,351,2017-08-13,0.527,1.529
Pine,Pine,148.8884,-20.3779,351,2017-08-14,0.559,1.275
Pine,Pine,148.8884,-20.3779,351,2017-08-15,0.566,1.056
Pine,Pine,148.8884,-20.3779,351,2017-08-16,0.535,1.032
Pine,Pine,148.8884,-20.3779,351,2017-08-17,0.505,1.137
Pine,Pine,148.8884,-20.3779,351,2017-08-18,0.493,1.374
Pine,Pine,148.8884,-20.3779,351,2017-08-19,0.532,4.123
Pine,Pine,148.8884,-20.3779,351,2017-08-20,0.541,5.107
Pine,Pine,148.8884,-20.3779,351,2017-08-21,0.531,4.977
Pine,Pine,148.8884,-20.3779,351,2017-08-22,0.572,6.079
Pine,Pine,148.8884,-20.3779,351,2017-08-23,0.632,6.871
Pine,Pine,148.8884,-20.3779,351,2017-08-24,0.631,5.837
Pine,Pine,148.8884,-20.3779,351,2017-08-25,0.657,5.93
Pine,Pine,148.8884,-20.3779,351,2017-08-26,0.636,4.515
Pine,Pine,148.8884,-20.3779,351,2017-08-27,0.619,2.858
Pine,Pine,148.8884,-20.3779,351,2017-08-28,0.632,1.951
Pine,Pine,148.8884,-20.3779,351,2017-08-29,0.663,1.347
Pine,Pine,148.8884,-20.3779,351,2017-08-30,0.527,0.977
Pine,Pine,148.8884,-20.3779,351,2017-08-31,0.412,0.859
Pine,Pine,148.8884,-20.3779,351,2017-09-01,0.37,0.903
Pine,Pine,148.8884,-20.3779,351,2017-09-02,0.401,1.138
Pine,Pine,148.8884,-20.3779,351,2017-09-03,0.422,1.402
Pine,Pine,148.8884,-20.3779,351,2017-09-04,0.449,1.966
Pine,Pine,148.8884,-20.3779,351,2017-09-05,0.441,2.861
Pine,Pine,148.8884,-20.3779,352,2017-09-06,0.563,3.312
Pine,Pine,148.8884,-20.3779,351,2017-09-06,0.44,3.352
Pine,Pine,148.8884,-20.3779,352,2017-09-07,0.526,3.398
Pine,Pine,148.8884,-20.3779,352,2017-09-08,0.551,3.332
Pine,Pine,148.8884,-20.3779,352,2017-09-09,0.593,3.877
Pine,Pine,148.8884,-20.3779,352,2017-09-10,0.617,2.996
Pine,Pine,148.8884,-20.3779,352,2017-09-11,0.644,2.845
Pine,Pine,148.8884,-20.3779,352,2017-09-12,0.681,2.039
Pine,Pine,148.8884,-20.3779,352,2017-09-13,0.641,1.593
Pine,Pine,148.8884,-20.3779,352,2017-09-14,0.566,1.35
Pine,Pine,148.8884,-20.3779,352,2017-09-15,0.563,3.088
Pine,Pine,148.8884,-20.3779,352,2017-09-16,0.528,1.841
Pine,Pine,148.8884,-20.3779,352,2017-09-17,0.604,2.742
Pine,Pine,148.8884,-20.3779,352,2017-09-18,0.652,4.191
Pine,Pine,148.8884,-20.3779,352,2017-09-19,0.675,4.83
Pine,Pine,148.8884,-20.3779,352,2017-09-20,0.642,5.129
Pine,Pine,148.8884,-20.3779,352,2017-09-21,0.639,5.201
Pine,Pine,148.8884,-20.3779,352,2017-09-22,0.667,5.019
Pine,Pine,148.8884,-20.3779,352,2017-09-23,0.651,4.052
Pine,Pine,148.8884,-20.3779,352,2017-09-24,0.65,2.894
Pine,Pine,148.8884,-20.3779,352,2017-09-25,0.637,2.152
Pine,Pine,148.8884,-20.3779,352,2017-09-26,0.591,1.644
Pine,Pine,148.8884,-20.3779,352,2017-09-27,0.633,1.413
Pine,Pine,148.8884,-20.3779,352,2017-09-28,0.671,1.265
Pine,Pine,148.8884,-20.3779,352,2017-09-29,0.59,1.062
Pine,Pine,148.8884,-20.3779,352,2017-09-30,0.501,1.042
Pine,Pine,148.8884,-20.3779,352,2017-10-01,0.461,1.105
Pine,Pine,148.8884,-20.3779,352,2017-10-02,0.512,1.391
Pine,Pine,148.8884,-20.3779,352,2017-10-03,0.562,1.857
Pine,Pine,148.8884,-20.3779,352,2017-10-04,0.597,2.355
Pine,Pine,148.8884,-20.3779,352,2017-10-05,0.595,2.996
Pine,Pine,148.8884,-20.3779,352,2017-10-06,0.598,3.825
Pine,Pine,148.8884,-20.3779,352,2017-10-07,0.6,4.538
Pine,Pine,148.8884,-20.3779,352,2017-10-08,0.617,4.907
Pine,Pine,148.8884,-20.3779,352,2017-10-09,0.628,4.455
Pine,Pine,148.8884,-20.3779,352,2017-10-10,0.673,3.856
Pine,Pine,148.8884,-20.3779,352,2017-10-11,0.696,2.807
Pine,Pine,148.8884,-20.3779,352,2017-10-12,0.699,2.154
Pine,Pine,148.8884,-20.3779,352,2017-10-13,0.652,1.747
Pine,Pine,148.8884,-20.3779,352,2017-10-14,0.637,1.882
Pine,Pine,148.8884,-20.3779,352,2017-10-15,0.628,1.916
Pine,Pine,148.8884,-20.3779,352,2017-10-16,0.693,3.614
Pine,Pine,148.8884,-20.3779,352,2017-10-17,0.661,3.669
Pine,Pine,148.8884,-20.3779,352,2017-10-18,0.702,5.572
Pine,Pine,148.8884,-20.3779,352,2017-10-19,0.743,6.797
Pine,Pine,148.8884,-20.3779,352,2017-10-20,0.737,6.818
Pine,Pine,148.8884,-20.3779,352,2017-10-21,0.727,5.718
Pine,Pine,148.8884,-20.3779,352,2017-10-22,0.673,4.554
Pine,Pine,148.8884,-20.3779,352,2017-10-23,0.697,3.817
Pine,Pine,148.8884,-20.3779,352,2017-10-24,0.705,2.844
Pine,Pine,148.8884,-20.3779,352,2017-10-25,0.799,2.62
Pine,Pine,148.8884,-20.3779,352,2017-10-26,0.827,2.507
Pine,Pine,148.8884,-20.3779,352,2017-10-27,0.761,1.905
Pine,Pine,148.8884,-20.3779,352,2017-10-28,0.701,1.998
Pine,Pine,148.8884,-20.3779,352,2017-10-29,0.712,1.647
Pine,Pine,148.8884,-20.3779,352,2017-10-30,0.736,2.032
Pine,Pine,148.8884,-20.3779,352,2017-10-31,0.762,2.479
Pine,Pine,148.8884,-20.3779,352,2017-11-01,0.763,2.978
Pine,Pine,148.8884,-20.3779,352,2017-11-02,0.697,2.544
Pine,Pine,148.8884,-20.3779,352,2017-11-03,0.676,3.482
Pine,Pine,148.8884,-20.3779,352,2017-11-04,0.73,5.115
Pine,Pine,148.8884,-20.3779,352,2017-11-05,0.736,5.78
Pine,Pine,148.8884,-20.3779,352,2017-11-06,0.733,5.69
Pine,Pine,148.8884,-20.3779,352,2017-11-07,0.72,4.471
Pine,Pine,148.8884,-20.3779,352,2017-11-08,0.775,3.723
Pine,Pine,148.8884,-20.3779,352,2017-11-09,0.869,5.465
Pine,Pine,148.8884,-20.3779,352,2017-11-10,0.771,4.9
Pine,Pine,148.8884,-20.3779,352,2017-11-11,0.721,4.555
Pine,Pine,148.8884,-20.3779,352,2017-11-12,0.739,6.183
Pine,Pine,148.8884,-20.3779,352,2017-11-13,0.743,7.004
Pine,Pine,148.8884,-20.3779,352,2017-11-14,0.791,7.289
Pine,Pine,148.8884,-20.3779,352,2017-11-15,0.797,7.732
Pine,Pine,148.8884,-20.3779,352,2017-11-16,0.839,8.138
Pine,Pine,148.8884,-20.3779,352,2017-11-17,0.833,7.807
Pine,Pine,148.8884,-20.3779,352,2017-11-18,0.806,6.464
Pine,Pine,148.8884,-20.3779,352,2017-11-19,0.81,6.221
Pine,Pine,148.8884,-20.3779,352,2017-11-20,0.857,7.095
Pine,Pine,148.8884,-20.3779,352,2017-11-21,0.825,5.759
Pine,Pine,148.8884,-20.3779,352,2017-11-22,0.824,5.449
Pine,Pine,148.8884,-20.3779,352,2017-11-23,0.793,4.603
Pine,Pine,148.8884,-20.3779,352,2017-11-24,0.775,3.255
Pine,Pine,148.8884,-20.3779,352,2017-11-25,0.823,2.386
Pine,Pine,148.8884,-20.3779,352,2017-11-26,0.821,1.773
Pine,Pine,148.8884,-20.3779,352,2017-11-27,0.682,1.799
Pine,Pine,148.8884,-20.3779,352,2017-11-28,0.545,1.658
Pine,Pine,148.8884,-20.3779,352,2017-11-29,0.51,1.713
Pine,Pine,148.8884,-20.3779,352,2017-11-30,0.608,2.366
Pine,Pine,148.8884,-20.3779,352,2017-12-01,0.76,3.018
Pine,Pine,148.8884,-20.3779,352,2017-12-02,0.807,4.005
Pine,Pine,148.8884,-20.3779,352,2017-12-03,0.8,4.927
Pine,Pine,148.8884,-20.3779,352,2017-12-04,0.759,5.507
Pine,Pine,148.8884,-20.3779,352,2017-12-05,0.745,5.553
Pine,Pine,148.8884,-20.3779,352,2017-12-06,0.771,4.967
Pine,Pine,148.8884,-20.3779,352,2017-12-07,0.753,4.035
Pine,Pine,148.8884,-20.3779,352,2017-12-08,0.745,2.726
Pine,Pine,148.8884,-20.3779,352,2017-12-09,0.709,2.071
Pine,Pine,148.8884,-20.3779,352,2017-12-10,0.741,2.226
Pine,Pine,148.8884,-20.3779,352,2017-12-11,0.676,1.712
Pine,Pine,148.8884,-20.3779,352,2017-12-12,0.686,1.909
Pine,Pine,148.8884,-20.3779,352,2017-12-13,0.706,2.689
Pine,Pine,148.8884,-20.3779,352,2017-12-14,0.678,1.847
Pine,Pine,148.8884,-20.3779,352,2017-12-15,0.618,1.721
Pine,Pine,148.8884,-20.3779,352,2017-12-16,0.61,1.778
Pine,Pine,148.8884,-20.3779,352,2017-12-17,0.63,2.052
Pine,Pine,148.8884,-20.3779,352,2017-12-18,0.66,2.08
Pine,Pine,148.8884,-20.3779,352,2017-12-19,0.668,1.877
Pine,Pine,148.8884,-20.3779,352,2017-12-20,0.689,1.67
Pine,Pine,148.8884,-20.3779,352,2017-12-21,0.661,1.442
Pine,Pine,148.8884,-20.3779,352,2017-12-22,0.662,1.312
Pine,Pine,148.8884,-20.3779,352,2017-12-23,0.61,1.176
Pine,Pine,148.8884,-20.3779,352,2017-12-24,0.56,1.007
Pine,Pine,148.8884,-20.3779,352,2017-12-25,0.557,0.936
Pine,Pine,148.8884,-20.3779,352,2017-12-26,0.58,0.874
Pine,Pine,148.8884,-20.3779,352,2017-12-27,0.564,0.816
Pine,Pine,148.8884,-20.3779,352,2017-12-28,0.529,0.872
Pine,Pine,148.8884,-20.3779,352,2017-12-29,0.535,1.066
Pine,Pine,148.8884,-20.3779,352,2017-12-30,0.591,1.457
Pine,Pine,148.8884,-20.3779,352,2017-12-31,0.646,2.089
Pine,Pine,148.8884,-20.3779,352,2018-01-01,0.663,3.326
Pine,Pine,148.8884,-20.3779,352,2018-01-02,0.646,4.369
Pine,Pine,148.8884,-20.3779,352,2018-01-03,0.632,4.656
Pine,Pine,148.8884,-20.3779,352,2018-01-04,0.648,4.894
Pine,Pine,148.8884,-20.3779,352,2018-01-05,0.653,4.45
Pine,Pine,148.8884,-20.3779,352,2018-01-06,0.665,3.824
Pine,Pine,148.8884,-20.3779,352,2018-01-07,0.74,4.069
Pine,Pine,148.8884,-20.3779,352,2018-01-08,0.83,3.352
Pine,Pine,148.8884,-20.3779,352,2018-01-09,0.902,2.458
Pine,Pine,148.8884,-20.3779,352,2018-01-10,0.853,1.982
Pine,Pine,148.8884,-20.3779,352,2018-01-11,0.738,1.774
Pine,Pine,148.8884,-20.3779,352,2018-01-12,0.711,1.515
Pine,Pine,148.8884,-20.3779,352,2018-01-13,0.673,1.447
Pine,Pine,148.8884,-20.3779,825,2018-01-13,0.767,1.769
Pine,Pine,148.8884,-20.3779,825,2018-01-14,0.686,1.911
Pine,Pine,148.8884,-20.3779,825,2018-01-15,0.645,2.848
Pine,Pine,148.8884,-20.3779,825,2018-01-16,0.64,3.143
Pine,Pine,148.8884,-20.3779,825,2018-01-17,0.653,3.749
Pine,Pine,148.8884,-20.3779,825,2018-01-18,0.695,4.326
Pine,Pine,148.8884,-20.3779,825,2018-01-19,0.746,4.302
Pine,Pine,148.8884,-20.3779,825,2018-01-20,0.778,3.554
Pine,Pine,148.8884,-20.3779,825,2018-01-21,0.761,3.195
Pine,Pine,148.8884,-20.3779,825,2018-01-22,0.692,2.34
Pine,Pine,148.8884,-20.3779,825,2018-01-23,0.698,1.882
Pine,Pine,148.8884,-20.3779,825,2018-01-24,0.76,1.766
Pine,Pine,148.8884,-20.3779,825,2018-01-25,0.775,1.36
Pine,Pine,148.8884,-20.3779,825,2018-01-26,0.675,1.429
Pine,Pine,148.8884,-20.3779,825,2018-01-27,0.52,1.571
Pine,Pine,148.8884,-20.3779,825,2018-01-28,0.611,1.991
Pine,Pine,148.8884,-20.3779,825,2018-01-29,0.672,2.58
Pine,Pine,148.8884,-20.3779,825,2018-01-30,0.662,3.449
Pine,Pine,148.8884,-20.3779,825,2018-01-31,0.653,4.049
Pine,Pine,148.8884,-20.3779,825,2018-02-01,0.678,3.853
Pine,Pine,148.8884,-20.3779,825,2018-02-02,0.688,4.183
Pine,Pine,148.8884,-20.3779,825,2018-02-03,0.726,4.135
Pine,Pine,148.8884,-20.3779,825,2018-02-04,0.846,8.891
Pine,Pine,148.8884,-20.3779,825,2018-02-05,0.787,6.987
Pine,Pine,148.8884,-20.3779,825,2018-02-06,0.707,5.333
Pine,Pine,148.8884,-20.3779,825,2018-02-07,0.73,4.105
Pine,Pine,148.8884,-20.3779,825,2018-02-08,0.743,2.706
Pine,Pine,148.8884,-20.3779,825,2018-02-09,0.738,2.134
Pine,Pine,148.8884,-20.3779,825,2018-02-10,0.725,2.047
Pine,Pine,148.8884,-20.3779,825,2018-02-11,0.771,2.43
Pine,Pine,148.8884,-20.3779,825,2018-02-12,0.682,2.391
Pine,Pine,148.8884,-20.3779,825,2018-02-13,0.595,2.164
Pine,Pine,148.8884,-20.3779,825,2018-02-14,0.624,2.299
Pine,Pine,148.8884,-20.3779,825,2018-02-15,0.621,2.135
Pine,Pine,148.8884,-20.3779,825,2018-02-16,0.633,2.39
Pine,Pine,148.8884,-20.3779,825,2018-02-17,0.644,2.642
Pine,Pine,148.8884,-20.3779,825,2018-02-18,0.681,2.292
Pine,Pine,148.8884,-20.3779,825,2018-02-19,0.711,2.338
Pine,Pine,148.8884,-20.3779,825,2018-02-20,0.716,2.006
Pine,Pine,148.8884,-20.3779,825,2018-02-21,0.69,1.72
Pine,Pine,148.8884,-20.3779,825,2018-02-22,0.706,1.357
Pine,Pine,148.8884,-20.3779,825,2018-02-23,0.635,1.135
Pine,Pine,148.8884,-20.3779,825,2018-02-24,0.657,1.102
Pine,Pine,148.8884,-20.3779,825,2018-02-25,0.824,1.404
Pine,Pine,148.8884,-20.3779,825,2018-02-26,0.859,1.342
Pine,Pine,148.8884,-20.3779,825,2018-02-27,0.783,1.688
Pine,Pine,148.8884,-20.3779,825,2018-02-28,0.678,2.421
Pine,Pine,148.8884,-20.3779,825,2018-03-01,0.627,3.688
Pine,Pine,148.8884,-20.3779,825,2018-03-02,0.637,4.41
Pine,Pine,148.8884,-20.3779,825,2018-03-03,0.67,5.268
Pine,Pine,148.8884,-20.3779,825,2018-03-04,0.719,5.248
Pine,Pine,148.8884,-20.3779,825,2018-03-05,0.759,4.776
Pine,Pine,148.8884,-20.3779,825,2018-03-06,0.788,4.168
Pine,Pine,148.8884,-20.3779,825,2018-03-07,0.853,4.296
Pine,Pine,148.8884,-20.3779,825,2018-03-08,0.899,3.452
Pine,Pine,148.8884,-20.3779,825,2018-03-09,0.817,5.711
Pine,Pine,148.8884,-20.3779,825,2018-03-10,0.85,4.878
Pine,Pine,148.8884,-20.3779,825,2018-03-11,0.835,4.692
Pine,Pine,148.8884,-20.3779,825,2018-03-12,0.751,3.552
Pine,Pine,148.8884,-20.3779,825,2018-03-13,0.715,3.976
Pine,Pine,148.8884,-20.3779,825,2018-03-14,0.745,6.108
Pine,Pine,148.8884,-20.3779,825,2018-03-15,0.766,6.345
Pine,Pine,148.8884,-20.3779,825,2018-03-16,0.777,6.792
Pine,Pine,148.8884,-20.3779,825,2018-03-17,0.804,8.076
Pine,Pine,148.8884,-20.3779,825,2018-03-18,0.778,7.901
Pine,Pine,148.8884,-20.3779,825,2018-03-19,0.75,7.912
Pine,Pine,148.8884,-20.3779,825,2018-03-20,0.707,7.051
Pine,Pine,148.8884,-20.3779,825,2018-03-21,0.734,9.3
Pine,Pine,148.8884,-20.3779,825,2018-03-22,0.715,8.158
Pine,Pine,148.8884,-20.3779,825,2018-03-23,0.689,5.043
Pine,Pine,148.8884,-20.3779,825,2018-03-24,0.685,4.017
Pine,Pine,148.8884,-20.3779,825,2018-03-25,0.646,2.864
Pine,Pine,148.8884,-20.3779,825,2018-03-26,0.648,3.473
Pine,Pine,148.8884,-20.3779,825,2018-03-27,0.565,4.138
Pine,Pine,148.8884,-20.3779,825,2018-03-28,0.599,6.267
Pine,Pine,148.8884,-20.3779,825,2018-03-29,0.666,7.348
Pine,Pine,148.8884,-20.3779,825,2018-03-30,0.768,11.072
Pine,Pine,148.8884,-20.3779,825,2018-03-31,0.848,14.111
Pine,Pine,148.8884,-20.3779,825,2018-04-01,0.81,12.049
Pine,Pine,148.8884,-20.3779,825,2018-04-02,0.794,11.942
Pine,Pine,148.8884,-20.3779,825,2018-04-03,0.761,14.375
Pine,Pine,148.8884,-20.3779,825,2018-04-04,0.846,16.903
Pine,Pine,148.8884,-20.3779,825,2018-04-05,0.731,6.384
Pine,Pine,148.8884,-20.3779,825,2018-04-06,0.7,6.542
Pine,Pine,148.8884,-20.3779,825,2018-04-07,0.752,5.334
Pine,Pine,148.8884,-20.3779,825,2018-04-08,0.79,5.054
Pine,Pine,148.8884,-20.3779,825,2018-04-09,0.929,4.503
Pine,Pine,148.8884,-20.3779,825,2018-04-10,0.998,3.419
Pine,Pine,148.8884,-20.3779,825,2018-04-11,0.991,5.035
Pine,Pine,148.8884,-20.3779,825,2018-04-12,0.879,6.388
Pine,Pine,148.8884,-20.3779,825,2018-04-13,0.795,7.536
Pine,Pine,148.8884,-20.3779,825,2018-04-14,0.773,8.863
Pine,Pine,148.8884,-20.3779,825,2018-04-15,0.735,8.635
Pine,Pine,148.8884,-20.3779,825,2018-04-16,0.762,9.317
Pine,Pine,148.8884,-20.3779,825,2018-04-17,0.757,8.768
Pine,Pine,148.8884,-20.3779,825,2018-04-18,0.921,8.687
Pine,Pine,148.8884,-20.3779,825,2018-04-19,0.892,7.788
Pine,Pine,148.8884,-20.3779,825,2018-04-20,0.873,7.643
Pine,Pine,148.8884,-20.3779,825,2018-04-21,0.849,5.109
Pine,Pine,148.8884,-20.3779,825,2018-04-22,0.887,3.827
Pine,Pine,148.8884,-20.3779,825,2018-04-23,0.844,3.99
Pine,Pine,148.8884,-20.3779,825,2018-04-24,0.686,4.141
Pine,Pine,148.8884,-20.3779,825,2018-04-25,0.825,4.919
Pine,Pine,148.8884,-20.3779,825,2018-04-26,0.839,4.911
Pine,Pine,148.8884,-20.3779,825,2018-04-27,0.85,5.642
Pine,Pine,148.8884,-20.3779,825,2018-04-28,0.894,9.248
Pine,Pine,148.8884,-20.3779,825,2018-04-29,0.916,11.906
Pine,Pine,148.8884,-20.3779,825,2018-04-30,0.907,11.405
Pine,Pine,148.8884,-20.3779,825,2018-05-01,0.894,11.405
Pine,Pine,148.8884,-20.3779,825,2018-05-02,0.823,8.144
Pine,Pine,148.8884,-20.3779,825,2018-05-03,0.779,5.221
Pine,Pine,148.8884,-20.3779,825,2018-05-04,0.747,3.672
Pine,Pine,148.8884,-20.3779,825,2018-05-05,0.792,3.626
Pine,Pine,148.8884,-20.3779,825,2018-05-06,0.86,2.977
Pine,Pine,148.8884,-20.3779,825,2018-05-07,0.851,2.735
Pine,Pine,148.8884,-20.3779,825,2018-05-08,0.749,1.506
Pine,Pine,148.8884,-20.3779,825,2018-05-09,0.684,1.106
Pine,Pine,148.8884,-20.3779,825,2018-05-10,0.719,1.418
Pine,Pine,148.8884,-20.3779,825,2018-05-11,0.823,1.992
Pine,Pine,148.8884,-20.3779,825,2018-05-12,0.898,3.539
Pine,Pine,148.8884,-20.3779,825,2018-05-13,0.906,4.074
Pine,Pine,148.8884,-20.3779,825,2018-05-14,0.883,4.577
Pine,Pine,148.8884,-20.3779,825,2018-05-15,0.871,4.864
Pine,Pine,148.8884,-20.3779,825,2018-05-16,0.899,8.101
Pine,Pine,148.8884,-20.3779,825,2018-05-17,0.873,8.279
Pine,Pine,148.8884,-20.3779,825,2018-05-18,0.828,6.981
Pine,Pine,148.8884,-20.3779,825,2018-05-19,0.792,4.747
Pine,Pine,148.8884,-20.3779,825,2018-05-20,0.801,3.454
Pine,Pine,148.8884,-20.3779,825,2018-05-21,0.825,2.914
Pine,Pine,148.8884,-20.3779,825,2018-05-22,0.812,2.555
Pine,Pine,148.8884,-20.3779,825,2018-05-23,0.892,2.604
Pine,Pine,148.8884,-20.3779,825,2018-05-24,0.92,2.722
Pine,Pine,148.8884,-20.3779,825,2018-05-25,0.932,3.709
Pine,Pine,148.8884,-20.3779,825,2018-05-26,0.889,3.41
Pine,Pine,148.8884,-20.3779,825,2018-05-27,0.863,2.955
Pine,Pine,148.8884,-20.3779,825,2018-05-28,0.86,2.802
Pine,Pine,148.8884,-20.3779,825,2018-05-29,0.868,2.56
Pine,Pine,148.8884,-20.3779,825,2018-05-30,0.881,2.253
Pine,Pine,148.8884,-20.3779,825,2018-05-31,0.914,2.774
Pine,Pine,148.8884,-20.3779,825,2018-06-01,0.923,2.383
Pine,Pine,148.8884,-20.3779,825,2018-06-02,0.924,1.759
Pine,Pine,148.8884,-20.3779,825,2018-06-03,0.904,1.474
Pine,Pine,148.8884,-20.3779,825,2018-06-04,0.854,1.081
Pine,Pine,148.8884,-20.3779,825,2018-06-05,0.813,0.904
Pine,Pine,148.8884,-20.3779,825,2018-06-06,0.624,0.847
Pine,Pine,148.8884,-20.3779,825,2018-06-07,0.562,0.776
Pine,Pine,148.8884,-20.3779,825,2018-06-08,0.551,0.652
Pine,Pine,148.8884,-20.3779,825,2018-06-09,0.603,0.834
Pine,Pine,148.8884,-20.3779,825,2018-06-10,0.699,1.033
Pine,Pine,148.8884,-20.3779,825,2018-06-11,0.825,1.422
Pine,Pine,148.8884,-20.3779,825,2018-06-12,0.839,1.85
Pine,Pine,148.8884,-20.3779,825,2018-06-13,0.798,2.273
Pine,Pine,148.8884,-20.3779,825,2018-06-14,0.791,2.505
Pine,Pine,148.8884,-20.3779,825,2018-06-15,0.801,2.666
Pine,Pine,148.8884,-20.3779,825,2018-06-16,0.794,2.576
Pine,Pine,148.8884,-20.3779,823,2018-06-16,0.668,2.132
Pine,Pine,148.8884,-20.3779,823,2018-06-17,0.664,2.619
Pine,Pine,148.8884,-20.3779,823,2018-06-18,0.672,2.513
Pine,Pine,148.8884,-20.3779,823,2018-06-19,0.688,2.171
Pine,Pine,148.8884,-20.3779,823,2018-06-20,0.711,2.02
Pine,Pine,148.8884,-20.3779,823,2018-06-21,0.745,1.621
Pine,Pine,148.8884,-20.3779,823,2018-06-22,0.695,1.706
Pine,Pine,148.8884,-20.3779,823,2018-06-23,0.499,1.424
Pine,Pine,148.8884,-20.3779,823,2018-06-24,0.428,1.332
Pine,Pine,148.8884,-20.3779,823,2018-06-25,0.46,1.491
Pine,Pine,148.8884,-20.3779,823,2018-06-26,0.485,1.676
Pine,Pine,148.8884,-20.3779,823,2018-06-27,0.492,1.571
Pine,Pine,148.8884,-20.3779,823,2018-06-28,0.522,1.96
Pine,Pine,148.8884,-20.3779,823,2018-06-29,0.591,1.55
Pine,Pine,148.8884,-20.3779,823,2018-06-30,0.671,1.535
Pine,Pine,148.8884,-20.3779,823,2018-07-01,0.739,1.351
Pine,Pine,148.8884,-20.3779,823,2018-07-02,0.758,1.217
Pine,Pine,148.8884,-20.3779,823,2018-07-03,0.738,1.253
Pine,Pine,148.8884,-20.3779,823,2018-07-04,0.741,0.976
Pine,Pine,148.8884,-20.3779,823,2018-07-05,0.71,0.732
Pine,Pine,148.8884,-20.3779,823,2018-07-06,0.688,0.641
Pine,Pine,148.8884,-20.3779,823,2018-07-07,0.586,0.595
Pine,Pine,148.8884,-20.3779,823,2018-07-08,0.54,1.632
Pine,Pine,148.8884,-20.3779,823,2018-07-09,0.569,1.08
Pine,Pine,148.8884,-20.3779,823,2018-07-10,0.604,1.181
Pine,Pine,148.8884,-20.3779,823,2018-07-11,0.652,1.743
Pine,Pine,148.8884,-20.3779,823,2018-07-12,0.678,2.11
Pine,Pine,148.8884,-20.3779,823,2018-07-13,0.687,2.772
Pine,Pine,148.8884,-20.3779,823,2018-07-14,0.684,3.672
Pine,Pine,148.8884,-20.3779,823,2018-07-15,0.674,3.389
Pine,Pine,148.8884,-20.3779,823,2018-07-16,0.682,2.728
Pine,Pine,148.8884,-20.3779,823,2018-07-17,0.659,2.153
Pine,Pine,148.8884,-20.3779,823,2018-07-18,0.662,1.656
Pine,Pine,148.8884,-20.3779,823,2018-07-19,0.671,1.145
Pine,Pine,148.8884,-20.3779,823,2018-07-20,0.563,0.891
Pine,Pine,148.8884,-20.3779,823,2018-07-21,0.482,1.632
Pine,Pine,148.8884,-20.3779,823,2018-07-22,0.412,0.706
Pine,Pine,148.8884,-20.3779,823,2018-07-23,0.469,0.728
Pine,Pine,148.8884,-20.3779,823,2018-07-24,0.482,0.69
Pine,Pine,148.8884,-20.3779,823,2018-07-25,0.445,0.805
Pine,Pine,148.8884,-20.3779,823,2018-07-26,0.439,0.888
Pine,Pine,148.8884,-20.3779,823,2018-07-27,0.454,0.943
Pine,Pine,148.8884,-20.3779,823,2018-07-28,0.466,1.003
Pine,Pine,148.8884,-20.3779,823,2018-07-29,0.465,0.937
Pine,Pine,148.8884,-20.3779,823,2018-07-30,0.444,0.962
Pine,Pine,148.8884,-20.3779,823,2018-07-31,0.437,0.917
Pine,Pine,148.8884,-20.3779,823,2018-08-01,0.424,0.706
Pine,Pine,148.8884,-20.3779,823,2018-08-02,0.402,0.662
Pine,Pine,148.8884,-20.3779,823,2018-08-03,0.382,0.52
Pine,Pine,148.8884,-20.3779,823,2018-08-04,0.363,0.476
Pine,Pine,148.8884,-20.3779,823,2018-08-05,0.301,0.449
Pine,Pine,148.8884,-20.3779,823,2018-08-06,0.225,0.45
Pine,Pine,148.8884,-20.3779,823,2018-08-07,0.299,0.55
Pine,Pine,148.8884,-20.3779,823,2018-08-08,0.316,0.987
Pine,Pine,148.8884,-20.3779,823,2018-08-09,0.411,1.246
Pine,Pine,148.8884,-20.3779,823,2018-08-10,0.479,1.823
Pine,Pine,148.8884,-20.3779,823,2018-08-11,0.501,2.604
Pine,Pine,148.8884,-20.3779,823,2018-08-12,0.51,3.601
Pine,Pine,148.8884,-20.3779,823,2018-08-13,0.56,5.741
Pine,Pine,148.8884,-20.3779,823,2018-08-14,0.533,4.971
Pine,Pine,148.8884,-20.3779,823,2018-08-15,0.505,3.174
Pine,Pine,148.8884,-20.3779,823,2018-08-16,0.513,2.47
Pine,Pine,148.8884,-20.3779,823,2018-08-17,0.548,2.04
Pine,Pine,148.8884,-20.3779,823,2018-08-18,0.444,1.02
Pine,Pine,148.8884,-20.3779,823,2018-08-19,0.318,0.617
Pine,Pine,148.8884,-20.3779,823,2018-08-20,0.304,1.745
Pine,Pine,148.8884,-20.3779,823,2018-08-21,0.402,0.988
Pine,Pine,148.8884,-20.3779,823,2018-08-22,0.467,0.795
Pine,Pine,148.8884,-20.3779,823,2018-08-23,0.45,0.836
Pine,Pine,148.8884,-20.3779,823,2018-08-24,0.383,0.924
Pine,Pine,148.8884,-20.3779,823,2018-08-25,0.382,1.203
Pine,Pine,148.8884,-20.3779,823,2018-08-26,0.415,1.451
Pine,Pine,148.8884,-20.3779,823,2018-08-27,0.413,1.946
Pine,Pine,148.8884,-20.3779,823,2018-08-28,0.446,1.489
Pine,Pine,148.8884,-20.3779,823,2018-08-29,0.456,1.32
Pine,Pine,148.8884,-20.3779,823,2018-08-30,0.415,1.185
Pine,Pine,148.8884,-20.3779,823,2018-08-31,0.408,1.048
Pine,Pine,148.8884,-20.3779,823,2018-09-01,0.328,0.86
Pine,Pine,148.8884,-20.3779,823,2018-09-02,0.269,0.634
Pine,Pine,148.8884,-20.3779,823,2018-09-03,0.229,0.526
Pine,Pine,148.8884,-20.3779,823,2018-09-04,0.213,0.507
Pine,Pine,148.8884,-20.3779,823,2018-09-05,0.293,0.592
Pine,Pine,148.8884,-20.3779,823,2018-09-06,0.279,0.86
Pine,Pine,148.8884,-20.3779,821,2018-09-07,0.334,1.426
Pine,Pine,148.8884,-20.3779,823,2018-09-07,0.284,1.174
Pine,Pine,148.8884,-20.3779,821,2018-09-08,0.329,1.901
Pine,Pine,148.8884,-20.3779,821,2018-09-09,0.365,2.708
Pine,Pine,148.8884,-20.3779,821,2018-09-10,0.401,3.793
Pine,Pine,148.8884,-20.3779,821,2018-09-11,0.413,3.668
Pine,Pine,148.8884,-20.3779,821,2018-09-12,0.417,3.168
Pine,Pine,148.8884,-20.3779,821,2018-09-13,0.433,2.522
Pine,Pine,148.8884,-20.3779,821,2018-09-14,0.481,1.865
Pine,Pine,148.8884,-20.3779,821,2018-09-15,0.522,1.438
Pine,Pine,148.8884,-20.3779,821,2018-09-16,0.515,0.946
Pine,Pine,148.8884,-20.3779,821,2018-09-17,0.484,1.696
Pine,Pine,148.8884,-20.3779,821,2018-09-18,0.414,0.594
Pine,Pine,148.8884,-20.3779,821,2018-09-19,0.437,0.608
Pine,Pine,148.8884,-20.3779,821,2018-09-20,0.506,0.713
Pine,Pine,148.8884,-20.3779,821,2018-09-21,0.608,2.61
Pine,Pine,148.8884,-20.3779,821,2018-09-22,0.936,2.426
Pine,Pine,148.8884,-20.3779,821,2018-09-23,0.74,3.165
Pine,Pine,148.8884,-20.3779,821,2018-09-24,0.778,3.117
Pine,Pine,148.8884,-20.3779,821,2018-09-25,0.787,3.494
Pine,Pine,148.8884,-20.3779,821,2018-09-26,0.744,3.137
Pine,Pine,148.8884,-20.3779,821,2018-09-27,0.708,2.748
Pine,Pine,148.8884,-20.3779,821,2018-09-28,0.67,1.962
Pine,Pine,148.8884,-20.3779,821,2018-09-29,0.673,1.591
Pine,Pine,148.8884,-20.3779,821,2018-09-30,0.686,1.294
Pine,Pine,148.8884,-20.3779,821,2018-10-01,0.67,1.203
Pine,Pine,148.8884,-20.3779,821,2018-10-02,0.624,0.98
Pine,Pine,148.8884,-20.3779,821,2018-10-03,0.648,1.216
Pine,Pine,148.8884,-20.3779,821,2018-10-04,0.654,1.275
Pine,Pine,148.8884,-20.3779,821,2018-10-05,0.68,1.534
Pine,Pine,148.8884,-20.3779,821,2018-10-06,0.669,1.942
Pine,Pine,148.8884,-20.3779,821,2018-10-07,0.699,2.527
Pine,Pine,148.8884,-20.3779,821,2018-10-08,0.713,3.224
Pine,Pine,148.8884,-20.3779,821,2018-10-09,0.734,3.458
Pine,Pine,148.8884,-20.3779,821,2018-10-10,0.76,3.655
Pine,Pine,148.8884,-20.3779,821,2018-10-11,0.788,2.975
Pine,Pine,148.8884,-20.3779,821,2018-10-12,0.787,2.267
Pine,Pine,148.8884,-20.3779,821,2018-10-13,0.81,1.812
Pine,Pine,148.8884,-20.3779,821,2018-10-14,0.86,1.952
Pine,Pine,148.8884,-20.3779,821,2018-10-15,0.864,1.241
Pine,Pine,148.8884,-20.3779,821,2018-10-16,0.801,0.952
Pine,Pine,148.8884,-20.3779,821,2018-10-17,0.766,0.786
Pine,Pine,148.8884,-20.3779,821,2018-10-18,0.763,0.907
Pine,Pine,148.8884,-20.3779,821,2018-10-19,0.776,0.862
Pine,Pine,148.8884,-20.3779,821,2018-10-20,0.858,1.562
Pine,Pine,148.8884,-20.3779,821,2018-10-21,0.803,1.146
Pine,Pine,148.8884,-20.3779,821,2018-10-22,0.769,1.13
Pine,Pine,148.8884,-20.3779,821,2018-10-23,0.784,1.215
Pine,Pine,148.8884,-20.3779,821,2018-10-24,0.831,1.464
Pine,Pine,148.8884,-20.3779,821,2018-10-25,0.881,1.637
Pine,Pine,148.8884,-20.3779,821,2018-10-26,0.911,1.621
Pine,Pine,148.8884,-20.3779,821,2018-10-27,0.939,1.751
Pine,Pine,148.8884,-20.3779,821,2018-10-28,0.943,1.799
Pine,Pine,148.8884,-20.3779,821,2018-10-29,0.931,1.401
Pine,Pine,148.8884,-20.3779,821,2018-10-30,0.914,0.99
Pine,Pine,148.8884,-20.3779,821,2018-10-31,0.868,0.746
Pine,Pine,148.8884,-20.3779,821,2018-11-01,0.844,0.736
Pine,Pine,148.8884,-20.3779,821,2018-11-02,0.836,1.006
Pine,Pine,148.8884,-20.3779,821,2018-11-03,0.919,0.878
Pine,Pine,148.8884,-20.3779,821,2018-11-04,0.96,1.019
Pine,Pine,148.8884,-20.3779,821,2018-11-05,0.985,1.416
Pine,Pine,148.8884,-20.3779,821,2018-11-06,0.992,1.709
Pine,Pine,148.8884,-20.3779,821,2018-11-07,1.034,2.077
Pine,Pine,148.8884,-20.3779,821,2018-11-08,1.006,1.779
Pine,Pine,148.8884,-20.3779,821,2018-11-09,1.007,2.552
Pine,Pine,148.8884,-20.3779,821,2018-11-10,1.021,2.312
Pine,Pine,148.8884,-20.3779,821,2018-11-11,1.047,1.637
Pine,Pine,148.8884,-20.3779,821,2018-11-12,1.026,1.498
Pine,Pine,148.8884,-20.3779,821,2018-11-13,0.922,0.913
Pine,Pine,148.8884,-20.3779,821,2018-11-14,0.836,1.106
Pine,Pine,148.8884,-20.3779,821,2018-11-15,0.865,0.636
Pine,Pine,148.8884,-20.3779,821,2018-11-16,0.842,0.445
Pine,Pine,148.8884,-20.3779,821,2018-11-17,0.802,0.469
Pine,Pine,148.8884,-20.3779,821,2018-11-18,0.765,0.587
Pine,Pine,148.8884,-20.3779,821,2018-11-19,0.764,0.666
Pine,Pine,148.8884,-20.3779,821,2018-11-20,0.817,0.829
Pine,Pine,148.8884,-20.3779,821,2018-11-21,0.864,1.144
Pine,Pine,148.8884,-20.3779,821,2018-11-22,0.869,1.62
Pine,Pine,148.8884,-20.3779,821,2018-11-23,0.856,1.786
Pine,Pine,148.8884,-20.3779,821,2018-11-24,0.875,1.867
Pine,Pine,148.8884,-20.3779,821,2018-11-25,0.901,2.185
Pine,Pine,148.8884,-20.3779,821,2018-11-26,0.901,1.653
Pine,Pine,148.8884,-20.3779,821,2018-11-27,0.927,1.325
Pine,Pine,148.8884,-20.3779,821,2018-11-28,0.923,1.133
Pine,Pine,148.8884,-20.3779,821,2018-11-29,0.89,0.856
Pine,Pine,148.8884,-20.3779,821,2018-11-30,0.857,0.722
Pine,Pine,148.8884,-20.3779,821,2018-12-01,0.865,0.743
Pine,Pine,148.8884,-20.3779,821,2018-12-02,0.872,0.928
Pine,Pine,148.8884,-20.3779,821,2018-12-03,0.862,0.982
Pine,Pine,148.8884,-20.3779,821,2018-12-04,0.966,1.252
Pine,Pine,148.8884,-20.3779,821,2018-12-05,0.895,1.941
Pine,Pine,148.8884,-20.3779,821,2018-12-06,0.919,2.746
Pine,Pine,148.8884,-20.3779,821,2018-12-07,0.864,3.895
Pine,Pine,148.8884,-20.3779,821,2018-12-08,0.885,7.483
Pine,Pine,148.8884,-20.3779,821,2018-12-09,0.914,10.636
Pine,Pine,148.8884,-20.3779,821,2018-12-10,0.878,7.173
Pine,Pine,148.8884,-20.3779,821,2018-12-11,0.885,5.415
Pine,Pine,148.8884,-20.3779,821,2018-12-12,0.886,4.043
Pine,Pine,148.8884,-20.3779,821,2018-12-13,0.927,2.988
Pine,Pine,148.8884,-20.3779,821,2018-12-14,0.951,2.094
Pine,Pine,148.8884,-20.3779,821,2018-12-15,0.968,1.463
Pine,Pine,148.8884,-20.3779,821,2018-12-16,0.899,1.399
Pine,Pine,148.8884,-20.3779,821,2018-12-17,0.972,1.838
Pine,Pine,148.8884,-20.3779,821,2018-12-18,1.05,1.462
Pine,Pine,148.8884,-20.3779,821,2018-12-19,1.123,2.193
Pine,Pine,148.8884,-20.3779,821,2018-12-20,1.066,3.037
Pine,Pine,148.8884,-20.3779,821,2018-12-21,0.998,3.589
Pine,Pine,148.8884,-20.3779,821,2018-12-22,0.945,3.731
Pine,Pine,148.8884,-20.3779,821,2018-12-23,0.931,5.439
Pine,Pine,148.8884,-20.3779,821,2018-12-24,1.015,10.613
Pine,Pine,148.8884,-20.3779,821,2018-12-25,1.034,12.179
Pine,Pine,148.8884,-20.3779,821,2018-12-26,1.014,11.338
Pine,Pine,148.8884,-20.3779,821,2018-12-27,0.972,9.065
Pine,Pine,148.8884,-20.3779,821,2018-12-28,0.947,6.674
Pine,Pine,148.8884,-20.3779,821,2018-12-29,0.962,5.626
Pine,Pine,148.8884,-20.3779,821,2018-12-30,1.008,4.807
Pine,Pine,148.8884,-20.3779,821,2018-12-31,1.06,4.462
Pine,Pine,148.8884,-20.3779,821,2019-01-01,1.071,4.208
Pine,Pine,148.8884,-20.3779,821,2019-01-02,1.051,4.409
Pine,Pine,148.8884,-20.3779,821,2019-01-03,1.057,4.56
Pine,Pine,148.8884,-20.3779,821,2019-01-04,1.054,5.512
Pine,Pine,148.8884,-20.3779,821,2019-01-05,1.068,5.158
Pine,Pine,148.8884,-20.3779,821,2019-01-06,1.09,5.613
Pine,Pine,148.8884,-20.3779,821,2019-01-07,1.148,6.868
Pine,Pine,148.8884,-20.3779,821,2019-01-08,1.223,8.821
Pine,Pine,148.8884,-20.3779,821,2019-01-09,1.005,5.784
Pine,Pine,148.8884,-20.3779,821,2019-01-10,0.93,4.268
Pine,Pine,148.8884,-20.3779,821,2019-01-11,0.915,3.531
Pine,Pine,148.8884,-20.3779,821,2019-01-12,0.944,3.059
Pine,Pine,148.8884,-20.3779,821,2019-01-13,1.013,2.258
Pine,Pine,148.8884,-20.3779,821,2019-01-14,0.972,1.617
Pine,Pine,148.8884,-20.3779,821,2019-01-15,0.948,1.337
Pine,Pine,148.8884,-20.3779,821,2019-01-16,0.962,1.373
Pine,Pine,148.8884,-20.3779,821,2019-01-17,0.946,1.521
Pine,Pine,148.8884,-20.3779,821,2019-01-18,0.96,1.864
Pine,Pine,148.8884,-20.3779,821,2019-01-19,0.975,2.667
Pine,Pine,148.8884,-20.3779,821,2019-01-20,0.978,4.058
Pine,Pine,148.8884,-20.3779,821,2019-01-21,1.003,5.746
Pine,Pine,148.8884,-20.3779,821,2019-01-22,1.02,6.356
Pine,Pine,148.8884,-20.3779,821,2019-01-23,1.006,5.839
Pine,Pine,148.8884,-20.3779,821,2019-01-24,1.002,5.29
Pine,Pine,148.8884,-20.3779,821,2019-01-25,0.994,4.365
Pine,Pine,148.8884,-20.3779,821,2019-01-26,1.023,3.774
Pine,Pine,148.8884,-20.3779,821,2019-01-27,0.999,3.333
Pine,Pine,148.8884,-20.3779,821,2019-01-28,0.92,2.484
Pine,Pine,148.8884,-20.3779,821,2019-01-29,0.899,2.123
Pine,Pine,148.8884,-20.3779,821,2019-01-30,0.953,2.19
Pine,Pine,148.8884,-20.3779,821,2019-01-31,0.968,2.23
Pine,Pine,148.8884,-20.3779,843,2019-02-01,0.819,2.995
Pine,Pine,148.8884,-20.3779,821,2019-02-01,0.925,2.263
Pine,Pine,148.8884,-20.3779,843,2019-02-02,0.744,2.906
Pine,Pine,148.8884,-20.3779,843,2019-02-03,0.743,2.927
Pine,Pine,148.8884,-20.3779,843,2019-02-04,0.724,3.438
Pine,Pine,148.8884,-20.3779,843,2019-02-05,0.699,3.888
Pine,Pine,148.8884,-20.3779,843,2019-02-06,0.701,4.322
Pine,Pine,148.8884,-20.3779,843,2019-02-07,0.793,5.847
Pine,Pine,148.8884,-20.3779,843,2019-02-08,0.889,5.016
Pine,Pine,148.8884,-20.3779,843,2019-02-09,1.005,3.538
Pine,Pine,148.8884,-20.3779,843,2019-02-10,1.177,2.908
Pine,Pine,148.8884,-20.3779,843,2019-02-11,1.51,2.604
Pine,Pine,148.8884,-20.3779,843,2019-02-12,1.202,2.252
Pine,Pine,148.8884,-20.3779,843,2019-02-13,0.983,1.299
Pine,Pine,148.8884,-20.3779,843,2019-02-14,1.055,1.112
Pine,Pine,148.8884,-20.3779,843,2019-02-15,1.086,1.567
Pine,Pine,148.8884,-20.3779,843,2019-02-16,1.237,2.294
Pine,Pine,148.8884,-20.3779,843,2019-02-17,1.146,3.986
Pine,Pine,148.8884,-20.3779,843,2019-02-18,1.051,6.285
Pine,Pine,148.8884,-20.3779,843,2019-02-19,0.937,9.118
Pine,Pine,148.8884,-20.3779,843,2019-02-20,0.854,9.481
Pine,Pine,148.8884,-20.3779,843,2019-02-21,0.805,8.846
Pine,Pine,148.8884,-20.3779,843,2019-02-22,0.78,9.046
Pine,Pine,148.8884,-20.3779,843,2019-02-23,0.78,8.47
Pine,Pine,148.8884,-20.3779,843,2019-02-24,0.812,6.761
Pine,Pine,148.8884,-20.3779,843,2019-02-25,0.93,6.71
Pine,Pine,148.8884,-20.3779,843,2019-02-26,0.829,3.645
Pine,Pine,148.8884,-20.3779,1091,2019-07-10,0.68,1.493
Pine,Pine,148.8884,-20.3779,1091,2019-07-11,0.682,1.34
Pine,Pine,148.8884,-20.3779,1091,2019-07-12,0.736,1.115
Pine,Pine,148.8884,-20.3779,1091,2019-07-13,0.749,1.052
Pine,Pine,148.8884,-20.3779,1091,2019-07-14,0.791,2.713
Pine,Pine,148.8884,-20.3779,1091,2019-07-15,0.787,2.147
Pine,Pine,148.8884,-20.3779,1091,2019-07-16,0.779,2.418
Pine,Pine,148.8884,-20.3779,1091,2019-07-17,0.755,2.397
Pine,Pine,148.8884,-20.3779,1091,2019-07-18,0.739,2.402
Pine,Pine,148.8884,-20.3779,1091,2019-07-19,0.741,1.905
Pine,Pine,148.8884,-20.3779,1091,2019-07-20,0.775,1.735
Pine,Pine,148.8884,-20.3779,1091,2019-07-21,0.773,1.591
Pine,Pine,148.8884,-20.3779,1091,2019-07-22,0.749,1.49
Pine,Pine,148.8884,-20.3779,1091,2019-07-23,0.821,1.125
Pine,Pine,148.8884,-20.3779,1091,2019-07-24,0.838,0.815
Pine,Pine,148.8884,-20.3779,1091,2019-07-25,0.712,0.571
Pine,Pine,148.8884,-20.3779,1091,2019-07-26,0.507,0.451
Pine,Pine,148.8884,-20.3779,1091,2019-07-27,0.419,0.42
Pine,Pine,148.8884,-20.3779,1091,2019-07-28,0.439,0.496
Pine,Pine,148.8884,-20.3779,1091,2019-07-29,0.473,0.623
Pine,Pine,148.8884,-20.3779,1091,2019-07-30,0.544,0.841
Pine,Pine,148.8884,-20.3779,1091,2019-07-31,0.604,1.329
Pine,Pine,148.8884,-20.3779,1091,2019-08-01,0.657,2.284
Pine,Pine,148.8884,-20.3779,1091,2019-08-02,0.718,4.371
Pine,Pine,148.8884,-20.3779,1091,2019-08-03,0.672,4.38
Pine,Pine,148.8884,-20.3779,1091,2019-08-04,0.639,3.975
Pine,Pine,148.8884,-20.3779,1091,2019-08-05,0.635,3.386
Pine,Pine,148.8884,-20.3779,1091,2019-08-06,0.634,2.944
Pine,Pine,148.8884,-20.3779,1091,2019-08-07,0.68,2.157
Pine,Pine,148.8884,-20.3779,1091,2019-08-08,0.72,1.601
Pine,Pine,148.8884,-20.3779,1091,2019-08-09,0.729,1.194
Pine,Pine,148.8884,-20.3779,1091,2019-08-10,0.565,0.852
Pine,Pine,148.8884,-20.3779,1091,2019-08-11,0.43,1.112
Pine,Pine,148.8884,-20.3779,1091,2019-08-12,0.4,0.842
Pine,Pine,148.8884,-20.3779,1091,2019-08-13,0.481,1.038
Pine,Pine,148.8884,-20.3779,1091,2019-08-14,0.584,1.42
Pine,Pine,148.8884,-20.3779,1091,2019-08-15,0.671,1.619
Pine,Pine,148.8884,-20.3779,1091,2019-08-16,0.693,1.605
Pine,Pine,148.8884,-20.3779,1091,2019-08-17,0.7,1.444
Pine,Pine,148.8884,-20.3779,1091,2019-08-18,0.64,1.246
Pine,Pine,148.8884,-20.3779,1091,2019-08-19,0.562,1.062
Pine,Pine,148.8884,-20.3779,1091,2019-08-20,0.519,2.215
Pine,Pine,148.8884,-20.3779,1091,2019-08-21,0.465,0.905
Pine,Pine,148.8884,-20.3779,1091,2019-08-22,0.459,0.688
Pine,Pine,148.8884,-20.3779,1091,2019-08-23,0.412,0.789
Pine,Pine,148.8884,-20.3779,1091,2019-08-24,0.343,0.507
Pine,Pine,148.8884,-20.3779,1091,2019-08-25,0.321,0.523
Pine,Pine,148.8884,-20.3779,1091,2019-08-26,0.364,0.797
Pine,Pine,148.8884,-20.3779,1091,2019-08-27,0.448,0.736
Pine,Pine,148.8884,-20.3779,1091,2019-08-28,0.546,1.255
Pine,Pine,148.8884,-20.3779,1091,2019-08-29,0.611,2.217
Pine,Pine,148.8884,-20.3779,1091,2019-08-30,0.648,3.308
Pine,Pine,148.8884,-20.3779,1091,2019-08-31,0.649,3.962
Pine,Pine,148.8884,-20.3779,1091,2019-09-01,0.618,3.948
Pine,Pine,148.8884,-20.3779,1091,2019-09-02,0.625,3.654
Pine,Pine,148.8884,-20.3779,1091,2019-09-03,0.602,3.314
Pine,Pine,148.8884,-20.3779,1091,2019-09-04,0.592,2.218
Pine,Pine,148.8884,-20.3779,1091,2019-09-05,0.581,1.578
Pine,Pine,148.8884,-20.3779,1091,2019-09-06,0.513,1.19
Pine,Pine,148.8884,-20.3779,1091,2019-09-07,0.465,1.266
Pine,Pine,148.8884,-20.3779,1091,2019-09-08,0.445,2.069
Pine,Pine,148.8884,-20.3779,1091,2019-09-09,0.386,0.917
Pine,Pine,148.8884,-20.3779,1091,2019-09-10,0.503,2.466
Pine,Pine,148.8884,-20.3779,1091,2019-09-11,0.516,1.789
Pine,Pine,148.8884,-20.3779,1091,2019-09-12,0.545,2.509
Pine,Pine,148.8884,-20.3779,1091,2019-09-13,0.541,2.37
Pine,Pine,148.8884,-20.3779,1091,2019-09-14,0.575,2.317
Pine,Pine,148.8884,-20.3779,1091,2019-09-15,0.631,2.194
Pine,Pine,148.8884,-20.3779,1091,2019-09-16,0.628,2.094
Pine,Pine,148.8884,-20.3779,1091,2019-09-17,0.563,1.643
Pine,Pine,148.8884,-20.3779,1091,2019-09-18,0.546,1.439
Pine,Pine,148.8884,-20.3779,827,2019-09-19,0.645,1.043
Pine,Pine,148.8884,-20.3779,1091,2019-09-19,0.439,1.099
Pine,Pine,148.8884,-20.3779,827,2019-09-20,0.557,0.923
Pine,Pine,148.8884,-20.3779,827,2019-09-21,0.636,0.701
Pine,Pine,148.8884,-20.3779,827,2019-09-22,0.548,0.62
Pine,Pine,148.8884,-20.3779,827,2019-09-23,0.56,0.648
Pine,Pine,148.8884,-20.3779,827,2019-09-24,0.566,0.753
Pine,Pine,148.8884,-20.3779,827,2019-09-25,0.601,1.068
Pine,Pine,148.8884,-20.3779,827,2019-09-26,0.675,1.702
Pine,Pine,148.8884,-20.3779,827,2019-09-27,0.763,2.391
Pine,Pine,148.8884,-20.3779,827,2019-09-28,0.796,3.441
Pine,Pine,148.8884,-20.3779,827,2019-09-29,0.819,3.644
Pine,Pine,148.8884,-20.3779,827,2019-09-30,0.814,4.167
Pine,Pine,148.8884,-20.3779,827,2019-10-01,0.822,3.832
Pine,Pine,148.8884,-20.3779,827,2019-10-02,0.913,6.224
Pine,Pine,148.8884,-20.3779,827,2019-10-03,0.886,4.535
Pine,Pine,148.8884,-20.3779,827,2019-10-04,0.854,3.295
Pine,Pine,148.8884,-20.3779,827,2019-10-05,0.884,1.733
Pine,Pine,148.8884,-20.3779,827,2019-10-06,0.887,1.469
Pine,Pine,148.8884,-20.3779,827,2019-10-07,0.735,1.362
Pine,Pine,148.8884,-20.3779,827,2019-10-08,0.653,1.345
Pine,Pine,148.8884,-20.3779,827,2019-10-09,0.671,1.351
Pine,Pine,148.8884,-20.3779,827,2019-10-10,0.726,1.485
Pine,Pine,148.8884,-20.3779,827,2019-10-11,0.842,1.752
Pine,Pine,148.8884,-20.3779,827,2019-10-12,0.934,2.296
Pine,Pine,148.8884,-20.3779,827,2019-10-13,0.9,2.255
Pine,Pine,148.8884,-20.3779,827,2019-10-14,0.887,2.249
Pine,Pine,148.8884,-20.3779,827,2019-10-15,0.848,2.519
Pine,Pine,148.8884,-20.3779,827,2019-10-16,0.84,2.174
Pine,Pine,148.8884,-20.3779,827,2019-10-17,0.799,1.669
Pine,Pine,148.8884,-20.3779,827,2019-10-18,0.8,1.489
Pine,Pine,148.8884,-20.3779,827,2019-10-19,0.741,1.199
Pine,Pine,148.8884,-20.3779,827,2019-10-20,0.709,0.873
Pine,Pine,148.8884,-20.3779,827,2019-10-21,0.624,1.217
Pine,Pine,148.8884,-20.3779,827,2019-10-22,0.591,1.084
Pine,Pine,148.8884,-20.3779,827,2019-10-23,0.603,1.563
Pine,Pine,148.8884,-20.3779,827,2019-10-24,0.707,1.815
Pine,Pine,148.8884,-20.3779,827,2019-10-25,0.804,2.424
Pine,Pine,148.8884,-20.3779,827,2019-10-26,0.818,2.849
Pine,Pine,148.8884,-20.3779,827,2019-10-27,0.781,3.822
Pine,Pine,148.8884,-20.3779,827,2019-10-28,0.751,4.472
Pine,Pine,148.8884,-20.3779,827,2019-10-29,0.74,5.063
Pine,Pine,148.8884,-20.3779,827,2019-10-30,0.725,4.392
Pine,Pine,148.8884,-20.3779,827,2019-10-31,0.759,3.571
Pine,Pine,148.8884,-20.3779,827,2019-11-01,0.852,2.87
Pine,Pine,148.8884,-20.3779,827,2019-11-02,0.918,1.972
Pine,Pine,148.8884,-20.3779,827,2019-11-03,0.986,1.459
Pine,Pine,148.8884,-20.3779,827,2019-11-04,0.809,1.064
Pine,Pine,148.8884,-20.3779,827,2019-11-05,0.655,0.832
Pine,Pine,148.8884,-20.3779,827,2019-11-06,0.679,2.051
Pine,Pine,148.8884,-20.3779,827,2019-11-07,0.628,0.728
Pine,Pine,148.8884,-20.3779,827,2019-11-08,0.622,0.928
Pine,Pine,148.8884,-20.3779,827,2019-11-09,0.609,1.062
Pine,Pine,148.8884,-20.3779,827,2019-11-10,0.661,1.657
Pine,Pine,148.8884,-20.3779,827,2019-11-11,0.713,1.441
Pine,Pine,148.8884,-20.3779,827,2019-11-12,0.783,1.522
Pine,Pine,148.8884,-20.3779,827,2019-11-13,0.859,1.661
Pine,Pine,148.8884,-20.3779,827,2019-11-14,0.882,1.524
Pine,Pine,148.8884,-20.3779,827,2019-11-15,0.863,1.415
Pine,Pine,148.8884,-20.3779,827,2019-11-16,0.859,1.268
Pine,Pine,148.8884,-20.3779,827,2019-11-17,0.808,1.051
Pine,Pine,148.8884,-20.3779,827,2019-11-18,0.777,0.874
Pine,Pine,148.8884,-20.3779,827,2019-11-19,0.674,0.639
Pine,Pine,148.8884,-20.3779,827,2019-11-20,0.654,0.596
Pine,Pine,148.8884,-20.3779,827,2019-11-21,0.746,0.702
Pine,Pine,148.8884,-20.3779,827,2019-11-22,0.754,0.958
Pine,Pine,148.8884,-20.3779,827,2019-11-23,0.768,1.176
Pine,Pine,148.8884,-20.3779,827,2019-11-24,0.794,1.478
Pine,Pine,148.8884,-20.3779,827,2019-11-25,0.816,2.039
Pine,Pine,148.8884,-20.3779,827,2019-11-26,0.847,2.028
Pine,Pine,148.8884,-20.3779,827,2019-11-27,0.882,1.856
Pine,Pine,148.8884,-20.3779,827,2019-11-28,0.933,1.681
Pine,Pine,148.8884,-20.3779,827,2019-11-29,0.92,1.314
Pine,Pine,148.8884,-20.3779,827,2019-11-30,0.91,1.03
Pine,Pine,148.8884,-20.3779,827,2019-12-01,0.859,0.933
Pine,Pine,148.8884,-20.3779,827,2019-12-02,0.766,0.78
Pine,Pine,148.8884,-20.3779,827,2019-12-03,0.722,0.544
Pine,Pine,148.8884,-20.3779,827,2019-12-04,0.691,0.496
Pine,Pine,148.8884,-20.3779,827,2019-12-05,0.675,0.49
Pine,Pine,148.8884,-20.3779,827,2019-12-06,0.635,0.565
Pine,Pine,148.8884,-20.3779,827,2019-12-07,0.572,0.62
Pine,Pine,148.8884,-20.3779,827,2019-12-08,0.62,0.602
Pine,Pine,148.8884,-20.3779,827,2019-12-09,0.617,0.783
Pine,Pine,148.8884,-20.3779,827,2019-12-10,0.739,0.861
Pine,Pine,148.8884,-20.3779,827,2019-12-11,0.806,0.824
Pine,Pine,148.8884,-20.3779,827,2019-12-12,0.892,0.875
Pine,Pine,148.8884,-20.3779,827,2019-12-13,0.891,0.871
Pine,Pine,148.8884,-20.3779,827,2019-12-14,0.865,0.833
Pine,Pine,148.8884,-20.3779,827,2019-12-15,0.819,0.827
Pine,Pine,148.8884,-20.3779,827,2019-12-16,0.805,0.736
Pine,Pine,148.8884,-20.3779,827,2019-12-17,0.8,0.566
Pine,Pine,148.8884,-20.3779,827,2019-12-18,0.756,1.261
Pine,Pine,148.8884,-20.3779,827,2019-12-19,0.635,0.706
Pine,Pine,148.8884,-20.3779,827,2019-12-20,0.621,0.657
Pine,Pine,148.8884,-20.3779,827,2019-12-21,0.664,0.765
Pine,Pine,148.8884,-20.3779,827,2019-12-22,0.713,0.642
Pine,Pine,148.8884,-20.3779,827,2019-12-23,0.745,0.775
Pine,Pine,148.8884,-20.3779,827,2019-12-24,0.735,0.858
Pine,Pine,148.8884,-20.3779,827,2019-12-25,0.774,0.978
Pine,Pine,148.8884,-20.3779,827,2019-12-26,0.755,1.059
Pine,Pine,148.8884,-20.3779,827,2019-12-27,0.828,2.249
Pine,Pine,148.8884,-20.3779,827,2019-12-28,0.808,1.841
Pine,Pine,148.8884,-20.3779,827,2019-12-29,0.807,2.25
Pine,Pine,148.8884,-20.3779,827,2019-12-30,0.832,1.505
Pine,Pine,148.8884,-20.3779,827,2019-12-31,0.922,1.135
Pine,Pine,148.8884,-20.3779,827,2020-01-01,0.812,0.733
Pine,Pine,148.8884,-20.3779,827,2020-01-02,0.659,0.513
Pine,Pine,148.8884,-20.3779,827,2020-01-03,0.618,0.49
Pine,Pine,148.8884,-20.3779,827,2020-01-04,0.66,0.542
Pine,Pine,148.8884,-20.3779,827,2020-01-05,0.665,0.506
Pine,Pine,148.8884,-20.3779,827,2020-01-06,0.731,0.536
Pine,Pine,148.8884,-20.3779,827,2020-01-07,0.746,0.614
Pine,Pine,148.8884,-20.3779,827,2020-01-08,0.781,0.735
Pine,Pine,148.8884,-20.3779,827,2020-01-09,0.842,0.908
Pine,Pine,148.8884,-20.3779,827,2020-01-10,0.873,1.085
Pine,Pine,148.8884,-20.3779,827,2020-01-11,0.903,1.204
Pine,Pine,148.8884,-20.3779,827,2020-01-12,0.956,1.292
Pine,Pine,148.8884,-20.3779,827,2020-01-13,0.955,1.359
Pine,Pine,148.8884,-20.3779,827,2020-01-14,0.994,1.289
Pine,Pine,148.8884,-20.3779,827,2020-01-15,0.996,0.924
Pine,Pine,148.8884,-20.3779,827,2020-01-16,0.974,0.727
Pine,Pine,148.8884,-20.3779,822,2020-01-17,0.906,1.037
Pine,Pine,148.8884,-20.3779,827,2020-01-17,0.843,0.632
Pine,Pine,148.8884,-20.3779,822,2020-01-18,0.7,0.773
Pine,Pine,148.8884,-20.3779,822,2020-01-19,0.653,0.855
Pine,Pine,148.8884,-20.3779,822,2020-01-20,0.607,0.873
Pine,Pine,148.8884,-20.3779,822,2020-01-21,0.593,0.909
Pine,Pine,148.8884,-20.3779,822,2020-01-22,0.62,0.938
Pine,Pine,148.8884,-20.3779,822,2020-01-23,0.677,1.115
Pine,Pine,148.8884,-20.3779,822,2020-01-24,0.722,1.168
Pine,Pine,148.8884,-20.3779,822,2020-01-25,0.782,1.267
Pine,Pine,148.8884,-20.3779,822,2020-01-26,0.761,1.267
Pine,Pine,148.8884,-20.3779,822,2020-01-27,0.78,1.318
Pine,Pine,148.8884,-20.3779,822,2020-01-28,0.815,1.315
Pine,Pine,148.8884,-20.3779,822,2020-01-29,0.893,1.211
Pine,Pine,148.8884,-20.3779,822,2020-01-30,1.021,1.074
Pine,Pine,148.8884,-20.3779,822,2020-01-31,1.039,0.898
Pine,Pine,148.8884,-20.3779,822,2020-02-01,0.877,0.712
Pine,Pine,148.8884,-20.3779,822,2020-02-02,0.668,0.589
Pine,Pine,148.8884,-20.3779,822,2020-02-03,0.569,0.549
Pine,Pine,148.8884,-20.3779,822,2020-02-04,0.625,0.613
Pine,Pine,148.8884,-20.3779,822,2020-02-05,0.707,0.612
Pine,Pine,148.8884,-20.3779,822,2020-02-06,0.798,0.727
Pine,Pine,148.8884,-20.3779,822,2020-02-07,0.781,0.95
Pine,Pine,148.8884,-20.3779,822,2020-02-08,0.822,1.325
Pine,Pine,148.8884,-20.3779,822,2020-02-09,0.788,1.896
Pine,Pine,148.8884,-20.3779,822,2020-02-10,0.761,2.48
Pine,Pine,148.8884,-20.3779,822,2020-02-11,0.743,2.861
Pine,Pine,148.8884,-20.3779,822,2020-02-12,0.735,3.062
Pine,Pine,148.8884,-20.3779,822,2020-02-13,0.761,2.513
Pine,Pine,148.8884,-20.3779,822,2020-02-14,0.852,2.172
Pine,Pine,148.8884,-20.3779,822,2020-02-15,0.894,1.533
Pine,Pine,148.8884,-20.3779,822,2020-02-16,0.89,1.246
Pine,Pine,148.8884,-20.3779,822,2020-02-17,0.872,1.038
Pine,Pine,148.8884,-20.3779,822,2020-02-18,0.799,0.947
Pine,Pine,148.8884,-20.3779,822,2020-02-19,0.842,1.03
Pine,Pine,148.8884,-20.3779,822,2020-02-20,0.777,1.064
Pine,Pine,148.8884,-20.3779,822,2020-02-21,0.726,1.08
Pine,Pine,148.8884,-20.3779,822,2020-02-22,0.751,1.415
Pine,Pine,148.8884,-20.3779,822,2020-02-23,0.746,2.614
Pine,Pine,148.8884,-20.3779,822,2020-02-24,0.666,2.305
Pine,Pine,148.8884,-20.3779,822,2020-02-25,0.741,2.056
Pine,Pine,148.8884,-20.3779,822,2020-02-26,0.82,1.81
Pine,Pine,148.8884,-20.3779,822,2020-02-27,0.842,1.601
Pine,Pine,148.8884,-20.3779,822,2020-02-28,0.878,1.225
Pine,Pine,148.8884,-20.3779,822,2020-02-29,0.802,0.881
Pine,Pine,148.8884,-20.3779,822,2020-03-01,0.82,0.96
Pine,Pine,148.8884,-20.3779,822,2020-03-02,0.756,0.525
Pine,Pine,148.8884,-20.3779,822,2020-03-03,0.714,0.47
Pine,Pine,148.8884,-20.3779,822,2020-03-04,0.596,0.467
Pine,Pine,148.8884,-20.3779,822,2020-03-05,0.633,0.492
Pine,Pine,148.8884,-20.3779,822,2020-03-06,0.784,0.728
Pine,Pine,148.8884,-20.3779,822,2020-03-07,0.797,0.976
Pine,Pine,148.8884,-20.3779,822,2020-03-08,0.816,1.358
Pine,Pine,148.8884,-20.3779,822,2020-03-09,0.882,2.175
Pine,Pine,148.8884,-20.3779,822,2020-03-10,0.885,4.365
Pine,Pine,148.8884,-20.3779,822,2020-03-11,0.876,7.252
Pine,Pine,148.8884,-20.3779,822,2020-03-12,0.949,11.708
Pine,Pine,148.8884,-20.3779,822,2020-03-13,1.035,11.904
Pine,Pine,148.8884,-20.3779,822,2020-03-14,0.985,6.045
Pine,Pine,148.8884,-20.3779,822,2020-03-15,0.917,3.7
Pine,Pine,148.8884,-20.3779,822,2020-03-16,0.882,2.794
Pine,Pine,148.8884,-20.3779,822,2020-03-17,1.186,3.063
Pine,Pine,148.8884,-20.3779,822,2020-03-18,1.285,3.066
Pine,Pine,148.8884,-20.3779,822,2020-03-19,1.057,3.256
Pine,Pine,148.8884,-20.3779,822,2020-03-20,0.952,3.844
Pine,Pine,148.8884,-20.3779,822,2020-03-21,0.934,4.637
Pine,Pine,148.8884,-20.3779,822,2020-03-22,0.967,6.228
Pine,Pine,148.8884,-20.3779,822,2020-03-23,0.979,6.221
Pine,Pine,148.8884,-20.3779,822,2020-03-24,0.974,7.299
Pine,Pine,148.8884,-20.3779,822,2020-03-25,0.969,8.192
Pine,Pine,148.8884,-20.3779,822,2020-03-26,0.895,7.168
Pine,Pine,148.8884,-20.3779,822,2020-03-27,0.857,7.128
Pine,Pine,148.8884,-20.3779,822,2020-03-28,0.847,6.449
Pine,Pine,148.8884,-20.3779,822,2020-03-29,0.824,5.112
Pine,Pine,148.8884,-20.3779,822,2020-03-30,0.797,3.248
Pine,Pine,148.8884,-20.3779,822,2020-03-31,0.884,2.439
Pine,Pine,148.8884,-20.3779,822,2020-04-01,0.83,1.46
Pine,Pine,148.8884,-20.3779,822,2020-04-02,0.762,1.267
Pine,Pine,148.8884,-20.3779,822,2020-04-03,0.805,1.46
Pine,Pine,148.8884,-20.3779,822,2020-04-04,0.917,2.202
Pine,Pine,148.8884,-20.3779,822,2020-04-05,1.011,3.322
Pine,Pine,148.8884,-20.3779,822,2020-04-06,1.029,5.339
Pine,Pine,148.8884,-20.3779,822,2020-04-07,1.032,8.25
Pine,Pine,148.8884,-20.3779,822,2020-04-08,1.016,10.161
Pine,Pine,148.8884,-20.3779,822,2020-04-09,0.962,9.329
Pine,Pine,148.8884,-20.3779,822,2020-04-10,0.901,8.114
Pine,Pine,148.8884,-20.3779,822,2020-04-11,0.868,5.857
Pine,Pine,148.8884,-20.3779,822,2020-04-12,0.87,3.915
Pine,Pine,148.8884,-20.3779,822,2020-04-13,0.901,2.983
Pine,Pine,148.8884,-20.3779,822,2020-04-14,0.935,2.728
Pine,Pine,148.8884,-20.3779,822,2020-04-15,0.915,1.914
Pine,Pine,148.8884,-20.3779,1729,2020-06-15,0.916,1.06
Pine,Pine,148.8884,-20.3779,1729,2020-06-16,0.737,1.228
Pine,Pine,148.8884,-20.3779,1729,2020-06-17,0.712,1.777
Pine,Pine,148.8884,-20.3779,1729,2020-06-18,0.86,1.774
Pine,Pine,148.8884,-20.3779,1729,2020-06-19,0.818,1.75
Pine,Pine,148.8884,-20.3779,1729,2020-06-20,0.86,2.421
Pine,Pine,148.8884,-20.3779,1729,2020-06-21,0.854,1.844
Pine,Pine,148.8884,-20.3779,1729,2020-06-22,0.779,1.762
Pine,Pine,148.8884,-20.3779,1729,2020-06-23,0.715,1.616
Pine,Pine,148.8884,-20.3779,1729,2020-06-24,0.651,1.393
Pine,Pine,148.8884,-20.3779,1729,2020-06-25,0.616,1.153
Pine,Pine,148.8884,-20.3779,1729,2020-06-26,0.566,1.058
Pine,Pine,148.8884,-20.3779,1729,2020-06-27,0.557,1.1
Pine,Pine,148.8884,-20.3779,1729,2020-06-28,0.554,1.463
Pine,Pine,148.8884,-20.3779,1729,2020-06-29,0.515,1.495
Pine,Pine,148.8884,-20.3779,1729,2020-06-30,0.387,1.438
Pine,Pine,148.8884,-20.3779,1729,2020-07-01,0.438,1.572
Pine,Pine,148.8884,-20.3779,1729,2020-07-02,0.564,1.518
Pine,Pine,148.8884,-20.3779,1729,2020-07-03,0.65,1.995
Pine,Pine,148.8884,-20.3779,1729,2020-07-04,0.623,1.929
Pine,Pine,148.8884,-20.3779,1729,2020-07-05,0.633,2.939
Pine,Pine,148.8884,-20.3779,1729,2020-07-06,0.635,2.613
Pine,Pine,148.8884,-20.3779,1729,2020-07-07,0.661,3.366
Pine,Pine,148.8884,-20.3779,1729,2020-07-08,0.698,3.72
Pine,Pine,148.8884,-20.3779,1729,2020-07-09,0.649,2.817
Pine,Pine,148.8884,-20.3779,1729,2020-07-10,0.611,1.895
Pine,Pine,148.8884,-20.3779,1729,2020-07-11,0.59,1.34
Pine,Pine,148.8884,-20.3779,1729,2020-07-12,0.654,1.089
Pine,Pine,148.8884,-20.3779,1729,2020-07-13,0.591,0.926
Pine,Pine,148.8884,-20.3779,1729,2020-07-14,0.476,0.955
Pine,Pine,148.8884,-20.3779,1729,2020-07-15,0.445,1.715
Pine,Pine,148.8884,-20.3779,1729,2020-07-16,0.439,1.051
Pine,Pine,148.8884,-20.3779,1729,2020-07-17,0.485,0.979
Pine,Pine,148.8884,-20.3779,1729,2020-07-18,0.586,0.947
Pine,Pine,148.8884,-20.3779,1729,2020-07-19,0.651,1.202
Pine,Pine,148.8884,-20.3779,1729,2020-07-20,0.698,1.489
Pine,Pine,148.8884,-20.3779,1729,2020-07-21,0.664,2.104
Pine,Pine,148.8884,-20.3779,1729,2020-07-22,0.626,2.919
Pine,Pine,148.8884,-20.3779,1729,2020-07-23,0.606,3.229
Pine,Pine,148.8884,-20.3779,1729,2020-07-24,0.628,3.369
Pine,Pine,148.8884,-20.3779,1729,2020-07-25,0.644,2.873
Pine,Pine,148.8884,-20.3779,1729,2020-07-26,0.675,2.255
Pine,Pine,148.8884,-20.3779,1729,2020-07-27,0.694,1.821
Pine,Pine,148.8884,-20.3779,1729,2020-07-28,0.663,1.291
Pine,Pine,148.8884,-20.3779,1729,2020-07-29,0.544,1.069
Pine,Pine,148.8884,-20.3779,1729,2020-07-30,0.513,1.748
Pine,Pine,148.8884,-20.3779,1729,2020-07-31,0.49,1.521
Pine,Pine,148.8884,-20.3779,1729,2020-08-01,0.555,2.425
Pine,Pine,148.8884,-20.3779,1729,2020-08-02,0.589,3.184
Pine,Pine,148.8884,-20.3779,1729,2020-08-03,0.579,3.056
Pine,Pine,148.8884,-20.3779,1729,2020-08-04,0.582,2.68
Pine,Pine,148.8884,-20.3779,1729,2020-08-05,0.622,2.421
Pine,Pine,148.8884,-20.3779,1729,2020-08-06,0.613,1.888
Pine,Pine,148.8884,-20.3779,1729,2020-08-07,0.565,1.503
Pine,Pine,148.8884,-20.3779,1729,2020-08-08,0.517,1.174
Pine,Pine,148.8884,-20.3779,1729,2020-08-09,0.546,0.942
Pine,Pine,148.8884,-20.3779,1729,2020-08-10,0.556,0.881
Pine,Pine,148.8884,-20.3779,1729,2020-08-11,0.496,0.631
Pine,Pine,148.8884,-20.3779,1729,2020-08-12,0.432,0.579
Pine,Pine,148.8884,-20.3779,1729,2020-08-13,0.368,0.597
Pine,Pine,148.8884,-20.3779,1729,2020-08-14,0.339,0.606
Pine,Pine,148.8884,-20.3779,1729,2020-08-15,0.32,0.726
Pine,Pine,148.8884,-20.3779,1729,2020-08-16,0.347,0.807
Pine,Pine,148.8884,-20.3779,1729,2020-08-17,0.376,1.011
Pine,Pine,148.8884,-20.3779,1729,2020-08-18,0.415,1.41
Pine,Pine,148.8884,-20.3779,1729,2020-08-19,0.462,2.387
Pine,Pine,148.8884,-20.3779,1729,2020-08-20,0.479,2.394
Pine,Pine,148.8884,-20.3779,1729,2020-08-21,0.49,2.646
Pine,Pine,148.8884,-20.3779,1729,2020-08-22,0.504,2.364
Pine,Pine,148.8884,-20.3779,1729,2020-08-23,0.559,2.76
Pine,Pine,148.8884,-20.3779,1729,2020-08-24,0.57,1.56
Pine,Pine,148.8884,-20.3779,1729,2020-08-25,0.565,1.235
Pine,Pine,148.8884,-20.3779,1729,2020-08-26,0.551,1.231
Pine,Pine,148.8884,-20.3779,1729,2020-08-27,0.492,1.518
Pine,Pine,148.8884,-20.3779,1729,2020-08-28,0.474,2.069
Pine,Pine,148.8884,-20.3779,1729,2020-08-29,0.531,3.068
Pine,Pine,148.8884,-20.3779,1729,2020-08-30,0.564,3.788
Pine,Pine,148.8884,-20.3779,1729,2020-08-31,0.605,3.508
Pine,Pine,148.8884,-20.3779,1729,2020-09-01,0.664,3.184
Pine,Pine,148.8884,-20.3779,1729,2020-09-02,0.684,2.938
Pine,Pine,148.8884,-20.3779,1729,2020-09-03,0.653,2.847
Pine,Pine,148.8884,-20.3779,1729,2020-09-04,0.635,2.87
Pine,Pine,148.8884,-20.3779,1729,2020-09-05,0.591,2.239
Pine,Pine,148.8884,-20.3779,1729,2020-09-06,0.603,1.917
Pine,Pine,148.8884,-20.3779,1729,2020-09-07,0.597,2.175
Pine,Pine,148.8884,-20.3779,1729,2020-09-08,0.627,2.286
Pine,Pine,148.8884,-20.3779,1729,2020-09-09,0.661,1.977
Pine,Pine,148.8884,-20.3779,1729,2020-09-10,0.691,1.475
Pine,Pine,148.8884,-20.3779,1729,2020-09-11,0.581,1.286
Pine,Pine,148.8884,-20.3779,1729,2020-09-12,0.673,2.107
Pine,Pine,148.8884,-20.3779,1729,2020-09-13,0.682,2.962
Pine,Pine,148.8884,-20.3779,1729,2020-09-14,0.613,3.236
Pine,Pine,148.8884,-20.3779,1729,2020-09-15,0.663,4.9
Pine,Pine,148.8884,-20.3779,1729,2020-09-16,0.743,6.7
Pine,Pine,148.8884,-20.3779,1729,2020-09-17,0.745,7.372
Pine,Pine,148.8884,-20.3779,1729,2020-09-18,0.783,8.653
Pine,Pine,148.8884,-20.3779,1729,2020-09-19,0.77,8.681
Pine,Pine,148.8884,-20.3779,1729,2020-09-20,0.748,7.809
Pine,Pine,148.8884,-20.3779,1729,2020-09-21,0.694,5.111
Pine,Pine,148.8884,-20.3779,1729,2020-09-22,0.692,3.816
Pine,Pine,148.8884,-20.3779,1729,2020-09-23,0.708,2.537
Pine,Pine,148.8884,-20.3779,1729,2020-09-24,0.691,1.526
Pine,Pine,148.8884,-20.3779,1729,2020-09-25,0.657,1.297
Pine,Pine,148.8884,-20.3779,1729,2020-09-26,0.538,1.199
Pine,Pine,148.8884,-20.3779,1729,2020-09-27,0.539,1.264
Pine,Pine,148.8884,-20.3779,1729,2020-09-28,0.622,1.531
Pine,Pine,148.8884,-20.3779,1729,2020-09-29,0.777,2.351
Pine,Pine,148.8884,-20.3779,1729,2020-09-30,0.842,2.514
Pine,Pine,148.8884,-20.3779,1729,2020-10-01,0.877,2.472
Pine,Pine,148.8884,-20.3779,1729,2020-10-02,0.822,2.477
Pine,Pine,148.8884,-20.3779,1729,2020-10-03,0.823,2.831
Pine,Pine,148.8884,-20.3779,1729,2020-10-04,0.795,2.65
Pine,Pine,148.8884,-20.3779,1729,2020-10-05,0.804,2.123
Pine,Pine,148.8884,-20.3779,1729,2020-10-06,0.783,1.632
Pine,Pine,148.8884,-20.3779,1729,2020-10-07,0.696,1.188
Pine,Pine,148.8884,-20.3779,1729,2020-10-08,0.549,0.91
Pine,Pine,148.8884,-20.3779,1043,2020-10-08,0.559,0.833
Pine,Pine,148.8884,-20.3779,1043,2020-10-09,0.41,0.744
Pine,Pine,148.8884,-20.3779,1043,2020-10-10,0.378,0.768
Pine,Pine,148.8884,-20.3779,1043,2020-10-11,0.354,0.668
Pine,Pine,148.8884,-20.3779,1043,2020-10-12,0.502,1.286
Pine,Pine,148.8884,-20.3779,1043,2020-10-13,0.604,1.37
Pine,Pine,148.8884,-20.3779,1043,2020-10-14,0.69,2.29
Pine,Pine,148.8884,-20.3779,1043,2020-10-15,0.763,4.434
Pine,Pine,148.8884,-20.3779,1043,2020-10-16,0.774,5.036
Pine,Pine,148.8884,-20.3779,1043,2020-10-17,0.77,5.013
Pine,Pine,148.8884,-20.3779,1043,2020-10-18,0.785,5.533
Pine,Pine,148.8884,-20.3779,1043,2020-10-19,0.796,4.92
Pine,Pine,148.8884,-20.3779,1043,2020-10-20,0.794,3.606
Pine,Pine,148.8884,-20.3779,1043,2020-10-21,0.796,2.478
Pine,Pine,148.8884,-20.3779,1043,2020-10-22,0.833,1.741
Pine,Pine,148.8884,-20.3779,1043,2020-10-23,0.759,1.233
Pine,Pine,148.8884,-20.3779,1043,2020-10-24,0.77,1.06
Pine,Pine,148.8884,-20.3779,1043,2020-10-25,0.739,1.22
Pine,Pine,148.8884,-20.3779,1043,2020-10-26,0.736,1.167
Pine,Pine,148.8884,-20.3779,1043,2020-10-27,0.789,1.234
Pine,Pine,148.8884,-20.3779,1043,2020-10-28,0.77,1.414
Pine,Pine,148.8884,-20.3779,1043,2020-10-29,0.783,1.595
Pine,Pine,148.8884,-20.3779,1043,2020-10-30,0.805,1.877
Pine,Pine,148.8884,-20.3779,1043,2020-10-31,0.853,2.105
Pine,Pine,148.8884,-20.3779,1043,2020-11-01,0.835,1.785
Pine,Pine,148.8884,-20.3779,1043,2020-11-02,0.832,1.615
Pine,Pine,148.8884,-20.3779,1043,2020-11-03,0.898,2.667
Pine,Pine,148.8884,-20.3779,1043,2020-11-04,0.899,1.451
Pine,Pine,148.8884,-20.3779,1043,2020-11-05,0.857,1.182
Pine,Pine,148.8884,-20.3779,1043,2020-11-06,0.769,1.013
Pine,Pine,148.8884,-20.3779,1043,2020-11-07,0.709,0.678
Pine,Pine,148.8884,-20.3779,1043,2020-11-08,0.744,1.127
Pine,Pine,148.8884,-20.3779,1043,2020-11-09,0.852,0.757
Pine,Pine,148.8884,-20.3779,1043,2020-11-10,0.937,1.187
Pine,Pine,148.8884,-20.3779,1043,2020-11-11,0.958,1.177
Pine,Pine,148.8884,-20.3779,1043,2020-11-12,0.953,1.618
Pine,Pine,148.8884,-20.3779,1043,2020-11-13,0.923,2.286
Pine,Pine,148.8884,-20.3779,1043,2020-11-14,0.856,2.792
Pine,Pine,148.8884,-20.3779,822,2021-02-07,0.645,1.034
Pine,Pine,148.8884,-20.3779,822,2021-02-08,0.565,1.137
Pine,Pine,148.8884,-20.3779,822,2021-02-09,0.523,1.554
Pine,Pine,148.8884,-20.3779,822,2021-02-10,0.548,2.148
Pine,Pine,148.8884,-20.3779,822,2021-02-11,0.559,2.374
Pine,Pine,148.8884,-20.3779,822,2021-02-12,0.586,2.804
Pine,Pine,148.8884,-20.3779,822,2021-02-13,0.631,2.887
Pine,Pine,148.8884,-20.3779,822,2021-02-14,0.647,2.78
Pine,Pine,148.8884,-20.3779,822,2021-02-15,0.614,2.195
Pine,Pine,148.8884,-20.3779,822,2021-02-16,0.63,2.295
Pine,Pine,148.8884,-20.3779,822,2021-02-17,0.685,1.945
Pine,Pine,148.8884,-20.3779,822,2021-02-18,0.741,1.702
Pine,Pine,148.8884,-20.3779,822,2021-02-19,0.673,0.971
Pine,Pine,148.8884,-20.3779,822,2021-02-20,0.557,0.847
Pine,Pine,148.8884,-20.3779,822,2021-02-21,0.641,0.978
Pine,Pine,148.8884,-20.3779,822,2021-02-22,0.574,1.111
Pine,Pine,148.8884,-20.3779,822,2021-02-23,0.531,0.952
Pine,Pine,148.8884,-20.3779,822,2021-02-24,0.522,1.099
Pine,Pine,148.8884,-20.3779,822,2021-02-25,0.559,1.333
Pine,Pine,148.8884,-20.3779,822,2021-02-26,0.567,2.066
Pine,Pine,148.8884,-20.3779,822,2021-02-27,0.524,3.107
Pine,Pine,148.8884,-20.3779,822,2021-02-28,0.539,4.626
Pine,Pine,148.8884,-20.3779,822,2021-03-01,0.535,5.63
Pine,Pine,148.8884,-20.3779,822,2021-03-02,0.565,6.808
Pine,Pine,148.8884,-20.3779,822,2021-03-03,0.556,5.819
Pine,Pine,148.8884,-20.3779,822,2021-03-04,0.596,5.035
Pine,Pine,148.8884,-20.3779,822,2021-03-05,0.671,4.163
Pine,Pine,148.8884,-20.3779,822,2021-03-06,0.703,3.15
Pine,Pine,148.8884,-20.3779,822,2021-03-07,0.778,2.433
Pine,Pine,148.8884,-20.3779,822,2021-03-08,0.643,1.936
Pine,Pine,148.8884,-20.3779,822,2021-03-09,0.583,1.988
Pine,Pine,148.8884,-20.3779,822,2021-03-10,0.718,2.088
Pine,Pine,148.8884,-20.3779,822,2021-03-11,0.764,2.306
Pine,Pine,148.8884,-20.3779,822,2021-03-12,0.781,2.907
Pine,Pine,148.8884,-20.3779,822,2021-03-13,0.702,2.702
Pine,Pine,148.8884,-20.3779,822,2021-03-14,0.659,2.681
Pine,Pine,148.8884,-20.3779,822,2021-03-15,0.633,2.404
Pine,Pine,148.8884,-20.3779,822,2021-03-16,0.631,1.916
Pine,Pine,148.8884,-20.3779,822,2021-03-17,0.659,1.492
Pine,Pine,148.8884,-20.3779,822,2021-03-18,0.682,1.073
Pine,Pine,148.8884,-20.3779,822,2021-03-19,0.666,0.886
Pine,Pine,148.8884,-20.3779,822,2021-03-20,0.508,1.024
Pine,Pine,148.8884,-20.3779,822,2021-03-21,0.53,0.713
Pine,Pine,148.8884,-20.3779,822,2021-03-22,0.52,0.603
Pine,Pine,148.8884,-20.3779,822,2021-03-23,0.593,0.769
Pine,Pine,148.8884,-20.3779,822,2021-03-24,0.686,0.744
Pine,Pine,148.8884,-20.3779,822,2021-03-25,0.645,0.82
Pine,Pine,148.8884,-20.3779,822,2021-03-26,0.658,1.113
Pine,Pine,148.8884,-20.3779,822,2021-03-27,0.732,1.597
Pine,Pine,148.8884,-20.3779,822,2021-03-28,0.738,2.39
Pine,Pine,148.8884,-20.3779,822,2021-03-29,0.747,3.396
Pine,Pine,148.8884,-20.3779,822,2021-03-30,0.794,6.76
Pine,Pine,148.8884,-20.3779,822,2021-03-31,0.753,7.707
Pine,Pine,148.8884,-20.3779,822,2021-04-01,0.746,8.077
Pine,Pine,148.8884,-20.3779,822,2021-04-02,0.7,5.713
Pine,Pine,148.8884,-20.3779,822,2021-04-03,0.683,4.13
Pine,Pine,148.8884,-20.3779,822,2021-04-04,0.72,2.458
Pine,Pine,148.8884,-20.3779,822,2021-04-05,0.767,2.184
Pine,Pine,148.8884,-20.3779,822,2021-04-06,0.663,2.248
Pine,Pine,148.8884,-20.3779,822,2021-04-07,0.708,3.026
Pine,Pine,148.8884,-20.3779,822,2021-04-08,0.756,3.9
Pine,Pine,148.8884,-20.3779,822,2021-04-09,0.767,4.811
Pine,Pine,148.8884,-20.3779,822,2021-04-10,0.735,4.892
Pine,Pine,148.8884,-20.3779,822,2021-04-11,0.689,4.76
Pine,Pine,148.8884,-20.3779,822,2021-04-12,0.724,6.038
Pine,Pine,148.8884,-20.3779,822,2021-04-13,0.687,4.868
Pine,Pine,148.8884,-20.3779,822,2021-04-14,0.752,5.793
Pine,Pine,148.8884,-20.3779,822,2021-04-15,0.692,4.061
Pine,Pine,148.8884,-20.3779,822,2021-04-16,0.632,3.178
Pine,Pine,148.8884,-20.3779,822,2021-04-17,0.61,2.566
Pine,Pine,148.8884,-20.3779,822,2021-04-18,0.636,2.183
Pine,Pine,148.8884,-20.3779,822,2021-04-19,0.657,1.471
Pine,Pine,148.8884,-20.3779,822,2021-04-20,0.719,1.047
Pine,Pine,148.8884,-20.3779,822,2021-04-21,0.671,1.087
Pine,Pine,148.8884,-20.3779,822,2021-04-22,0.612,1.451
Pine,Pine,148.8884,-20.3779,822,2021-04-23,0.605,3.189
Pine,Pine,148.8884,-20.3779,822,2021-04-24,0.592,3.945
Pine,Pine,148.8884,-20.3779,822,2021-04-25,0.661,5.749
Pine,Pine,148.8884,-20.3779,822,2021-04-26,0.727,7.482
Pine,Pine,148.8884,-20.3779,822,2021-04-27,0.763,8.421
Pine,Pine,148.8884,-20.3779,822,2021-04-28,0.797,8.991
Pine,Pine,148.8884,-20.3779,822,2021-04-29,0.792,7.987
Pine,Pine,148.8884,-20.3779,822,2021-04-30,0.797,7.845
Pine,Pine,148.8884,-20.3779,822,2021-05-01,0.731,5.804
Pine,Pine,148.8884,-20.3779,822,2021-05-02,0.756,3.152
Pine,Pine,148.8884,-20.3779,822,2021-05-03,0.769,1.739
Pine,Pine,148.8884,-20.3779,822,2021-05-04,0.695,0.931
Pine,Pine,148.8884,-20.3779,822,2021-05-05,0.748,0.983
Pine,Pine,148.8884,-20.3779,822,2021-05-06,0.859,1.276
Pine,Pine,148.8884,-20.3779,822,2021-05-07,0.865,1.236
Pine,Pine,148.8884,-20.3779,822,2021-05-08,0.89,1.23
Pine,Pine,148.8884,-20.3779,822,2021-05-09,0.925,1.415
Pine,Pine,148.8884,-20.3779,822,2021-05-10,0.856,1.472
Pine,Pine,148.8884,-20.3779,822,2021-05-11,0.779,1.348
Pine,Pine,148.8884,-20.3779,822,2021-05-12,0.749,1.39
Pine,Pine,148.8884,-20.3779,822,2021-05-13,0.724,1.44
Pine,Pine,148.8884,-20.3779,822,2021-05-14,0.729,1.912
Pine,Pine,148.8884,-20.3779,822,2021-05-15,0.742,1.026
Pine,Pine,148.8884,-20.3779,822,2021-05-16,0.729,1.184
Pine,Pine,148.8884,-20.3779,822,2021-05-17,0.633,0.867
Pine,Pine,148.8884,-20.3779,822,2021-05-18,0.548,0.896
Pine,Pine,148.8884,-20.3779,822,2021-05-19,0.482,1.095
Pine,Pine,148.8884,-20.3779,822,2021-05-20,0.564,1.196
Pine,Pine,148.8884,-20.3779,822,2021-05-21,0.607,1.433
Pine,Pine,148.8884,-20.3779,822,2021-05-22,0.658,1.477
Pine,Pine,148.8884,-20.3779,822,2021-05-23,0.694,2.041
Pine,Pine,148.8884,-20.3779,822,2021-05-24,0.754,3.407
Pine,Pine,148.8884,-20.3779,822,2021-05-25,0.796,3.975
Pine,Pine,148.8884,-20.3779,822,2021-05-26,0.838,4.561
Pine,Pine,148.8884,-20.3779,822,2021-05-27,0.825,3.866
Pine,Pine,148.8884,-20.3779,822,2021-05-28,0.885,4.728
Pine,Pine,148.8884,-20.3779,822,2021-05-29,0.833,4.862
Pine,Pine,148.8884,-20.3779,822,2021-05-30,0.838,4.522
Pine,Pine,148.8884,-20.3779,822,2021-05-31,0.74,1.972
Pine,Pine,148.8884,-20.3779,822,2021-06-01,0.664,1.177
Pine,Pine,148.8884,-20.3779,822,2021-06-02,0.661,0.96
Pine,Pine,148.8884,-20.3779,822,2021-06-03,0.672,0.915
Pine,Pine,148.8884,-20.3779,822,2021-06-04,0.775,0.88
Pine,Pine,148.8884,-20.3779,822,2021-06-05,0.725,1.267
Pine,Pine,148.8884,-20.3779,822,2021-06-06,0.751,1.376
Pine,Pine,148.8884,-20.3779,822,2021-06-07,0.766,1.416
Pine,Pine,148.8884,-20.3779,822,2021-06-08,0.826,1.336
Pine,Pine,148.8884,-20.3779,822,2021-06-09,0.939,1.316
Pine,Pine,148.8884,-20.3779,822,2021-06-10,1.004,1.128
Pine,Pine,148.8884,-20.3779,822,2021-06-11,0.963,0.917
Pine,Pine,148.8884,-20.3779,822,2021-06-12,0.843,0.892
Pine,Pine,148.8884,-20.3779,822,2021-06-13,0.794,0.799
Pine,Pine,148.8884,-20.3779,822,2021-06-14,0.744,0.734
Pine,Pine,148.8884,-20.3779,822,2021-06-15,0.764,0.669
Pine,Pine,148.8884,-20.3779,822,2021-06-16,0.708,0.578
Pine,Pine,148.8884,-20.3779,6720,2021-06-16,0.698,0.911
Pine,Pine,148.8884,-20.3779,6720,2021-06-17,0.593,0.838
Pine,Pine,148.8884,-20.3779,6720,2021-06-18,0.53,0.86
Pine,Pine,148.8884,-20.3779,6720,2021-06-19,0.551,1.302
Pine,Pine,148.8884,-20.3779,6720,2021-06-20,0.563,1.416
Pine,Pine,148.8884,-20.3779,6720,2021-06-21,0.545,1.214
Pine,Pine,148.8884,-20.3779,6720,2021-06-22,0.585,2.023
Pine,Pine,148.8884,-20.3779,6720,2021-06-23,0.618,2.455
Pine,Pine,148.8884,-20.3779,6720,2021-06-24,0.6,2.891
Pine,Pine,148.8884,-20.3779,6720,2021-06-25,0.621,2.876
Pine,Pine,148.8884,-20.3779,6720,2021-06-26,0.641,3.07
Pine,Pine,148.8884,-20.3779,6720,2021-06-27,0.656,4.097
Pine,Pine,148.8884,-20.3779,6720,2021-06-28,0.67,4.967
Pine,Pine,148.8884,-20.3779,6720,2021-06-29,0.662,4.112
Pine,Pine,148.8884,-20.3779,6720,2021-06-30,0.645,2.07
Pine,Pine,148.8884,-20.3779,6720,2021-07-01,0.595,1.378
Pine,Pine,148.8884,-20.3779,6720,2021-07-02,0.647,1.197
Pine,Pine,148.8884,-20.3779,6720,2021-07-03,0.687,1.055
Pine,Pine,148.8884,-20.3779,6720,2021-07-04,0.615,1.619
Pine,Pine,148.8884,-20.3779,6720,2021-07-05,0.586,1.167
Pine,Pine,148.8884,-20.3779,6720,2021-07-06,0.543,1.178
Pine,Pine,148.8884,-20.3779,6720,2021-07-07,0.538,1.37
Pine,Pine,148.8884,-20.3779,6720,2021-07-08,0.521,1.44
Pine,Pine,148.8884,-20.3779,6720,2021-07-09,0.545,1.401
Pine,Pine,148.8884,-20.3779,6720,2021-07-10,0.557,2.007
Pine,Pine,148.8884,-20.3779,6720,2021-07-11,0.566,1.759
Pine,Pine,148.8884,-20.3779,6720,2021-07-12,0.576,1.516
Pine,Pine,148.8884,-20.3779,6720,2021-07-13,0.57,1.593
Pine,Pine,148.8884,-20.3779,6720,2021-07-14,0.57,1.257
Pine,Pine,148.8884,-20.3779,6720,2021-07-15,0.582,1.23
Pine,Pine,148.8884,-20.3779,6720,2021-07-16,0.502,0.98
Pine,Pine,148.8884,-20.3779,6720,2021-07-17,0.367,0.822
Pine,Pine,148.8884,-20.3779,6720,2021-07-18,0.358,1.172
Pine,Pine,148.8884,-20.3779,6720,2021-07-19,0.394,0.694
Pine,Pine,148.8884,-20.3779,6720,2021-07-20,0.434,0.79
Pine,Pine,148.8884,-20.3779,6720,2021-07-21,0.473,1.172
Pine,Pine,148.8884,-20.3779,6720,2021-07-22,0.467,1.9
Pine,Pine,148.8884,-20.3779,6720,2021-07-23,0.488,1.689
Pine,Pine,148.8884,-20.3779,6720,2021-07-24,0.511,2.457
Pine,Pine,148.8884,-20.3779,6720,2021-07-25,0.471,2.515
Pine,Pine,148.8884,-20.3779,6720,2021-07-26,0.456,1.933
Pine,Pine,148.8884,-20.3779,6720,2021-07-27,0.5,1.862
Pine,Pine,148.8884,-20.3779,6720,2021-07-28,0.515,1.371
Pine,Pine,148.8884,-20.3779,6720,2021-07-29,0.508,1.101
Pine,Pine,148.8884,-20.3779,6720,2021-07-30,0.454,1.099
Pine,Pine,148.8884,-20.3779,6720,2021-07-31,0.399,0.689
Pine,Pine,148.8884,-20.3779,6720,2021-08-01,0.42,0.603
Pine,Pine,148.8884,-20.3779,6720,2021-08-02,0.378,0.621
Pine,Pine,148.8884,-20.3779,6720,2021-08-03,0.332,0.66
Pine,Pine,148.8884,-20.3779,6720,2021-08-04,0.351,0.749
Pine,Pine,148.8884,-20.3779,6720,2021-08-05,0.38,2.23
Pine,Pine,148.8884,-20.3779,6720,2021-08-06,0.455,1.401
Pine,Pine,148.8884,-20.3779,6720,2021-08-07,0.511,1.274
Pine,Pine,148.8884,-20.3779,6720,2021-08-08,0.53,1.46
Pine,Pine,148.8884,-20.3779,6720,2021-08-09,0.528,1.705
Pine,Pine,148.8884,-20.3779,6720,2021-08-10,0.537,2.192
Pine,Pine,148.8884,-20.3779,6720,2021-08-11,0.517,2.128
Pine,Pine,148.8884,-20.3779,6720,2021-08-12,0.521,2.322
Pine,Pine,148.8884,-20.3779,6720,2021-08-13,0.542,1.746
Pine,Pine,148.8884,-20.3779,6720,2021-08-14,0.567,1.567
Pine,Pine,148.8884,-20.3779,6720,2021-08-15,0.563,1.293
Pine,Pine,148.8884,-20.3779,6720,2021-08-16,0.531,1.017
Pine,Pine,148.8884,-20.3779,6720,2021-08-17,0.449,0.773
Pine,Pine,148.8884,-20.3779,6720,2021-08-18,0.348,0.932
Pine,Pine,148.8884,-20.3779,6720,2021-08-19,0.398,1.084
Pine,Pine,148.8884,-20.3779,6720,2021-08-20,0.46,2.128
Pine,Pine,148.8884,-20.3779,6720,2021-08-21,0.489,2.461
Pine,Pine,148.8884,-20.3779,6720,2021-08-22,0.537,2.672
Pine,Pine,148.8884,-20.3779,6720,2021-08-23,0.568,2.907
Pine,Pine,148.8884,-20.3779,6720,2021-08-24,0.574,2.797
Pine,Pine,148.8884,-20.3779,6720,2021-08-25,0.596,3.696
Pine,Pine,148.8884,-20.3779,6720,2021-08-26,0.568,2.022
Pine,Pine,148.8884,-20.3779,6720,2021-08-27,0.527,1.588
Pine,Pine,148.8884,-20.3779,6720,2021-08-28,0.508,1.141
Pine,Pine,148.8884,-20.3779,6720,2021-08-29,0.489,0.835
Pine,Pine,148.8884,-20.3779,6720,2021-08-30,0.465,0.775
Pine,Pine,148.8884,-20.3779,6720,2021-08-31,0.427,1.61
Pine,Pine,148.8884,-20.3779,6720,2021-09-01,0.33,1.076
Pine,Pine,148.8884,-20.3779,6720,2021-09-02,0.434,1.047
Pine,Pine,148.8884,-20.3779,6720,2021-09-03,0.535,1.185
Pine,Pine,148.8884,-20.3779,6720,2021-09-04,0.536,1.441
Pine,Pine,148.8884,-20.3779,6720,2021-09-05,0.551,1.705
Pine,Pine,148.8884,-20.3779,6720,2021-09-06,0.52,3.611
Pine,Pine,148.8884,-20.3779,6720,2021-09-07,0.516,4.601
Pine,Pine,148.8884,-20.3779,6720,2021-09-08,0.521,5.507
Pine,Pine,148.8884,-20.3779,6720,2021-09-09,0.525,5.803
Pine,Pine,148.8884,-20.3779,6720,2021-09-10,0.523,5.348
Pine,Pine,148.8884,-20.3779,6720,2021-09-11,0.528,3.541
Pine,Pine,148.8884,-20.3779,6720,2021-09-12,0.573,2.628
Pine,Pine,148.8884,-20.3779,6720,2021-09-13,0.566,1.928
Pine,Pine,148.8884,-20.3779,6720,2021-09-14,0.49,1.323
Pine,Pine,148.8884,-20.3779,6720,2021-09-15,0.409,1.616
Pine,Pine,148.8884,-20.3779,6720,2021-09-16,0.387,1.137
Pine,Pine,148.8884,-20.3779,6720,2021-09-17,0.405,1.426
Pine,Pine,148.8884,-20.3779,6720,2021-09-18,0.449,1.812
Pine,Pine,148.8884,-20.3779,6720,2021-09-19,0.477,2.37
Pine,Pine,148.8884,-20.3779,6720,2021-09-20,0.497,2.83
Pine,Pine,148.8884,-20.3779,6720,2021-09-21,0.507,3.011
Pine,Pine,148.8884,-20.3779,6720,2021-09-22,0.565,6.472
Pine,Pine,148.8884,-20.3779,6720,2021-09-23,0.56,4.177
Pine,Pine,148.8884,-20.3779,6720,2021-09-24,0.527,3.05
Pine,Pine,148.8884,-20.3779,6720,2021-09-25,0.536,2.299
Pine,Pine,148.8884,-20.3779,1043,2021-09-26,0.773,1.642
Pine,Pine,148.8884,-20.3779,6720,2021-09-26,0.489,1.838
Pine,Pine,148.8884,-20.3779,1043,2021-09-27,0.756,1.706
Pine,Pine,148.8884,-20.3779,1043,2021-09-28,0.629,0.999
Pine,Pine,148.8884,-20.3779,1043,2021-09-29,0.548,0.912
Pine,Pine,148.8884,-20.3779,1043,2021-09-30,0.506,0.852
Pine,Pine,148.8884,-20.3779,1043,2021-10-01,0.488,0.867
Pine,Pine,148.8884,-20.3779,1043,2021-10-02,0.499,1.095
Pine,Pine,148.8884,-20.3779,1043,2021-10-03,0.518,1.257
Pine,Pine,148.8884,-20.3779,1043,2021-10-04,0.551,1.622
Pine,Pine,148.8884,-20.3779,1043,2021-10-05,0.573,1.965
Pine,Pine,148.8884,-20.3779,1043,2021-10-06,0.647,2.506
Pine,Pine,148.8884,-20.3779,1043,2021-10-07,0.653,2.695
Pine,Pine,148.8884,-20.3779,1043,2021-10-08,0.682,2.921
Pine,Pine,148.8884,-20.3779,1043,2021-10-09,0.675,2.394
Pine,Pine,148.8884,-20.3779,1043,2021-10-10,0.689,2.087
Pine,Pine,148.8884,-20.3779,1043,2021-10-11,0.694,1.588
Pine,Pine,148.8884,-20.3779,1043,2021-10-12,0.695,1.255
Pine,Pine,148.8884,-20.3779,1043,2021-10-13,0.587,1.119
Pine,Pine,148.8884,-20.3779,1043,2021-10-14,0.499,0.942
Pine,Pine,148.8884,-20.3779,1043,2021-10-15,0.501,0.943
Pine,Pine,148.8884,-20.3779,1043,2021-10-16,0.572,0.983
Pine,Pine,148.8884,-20.3779,1043,2021-10-17,0.649,1.127
Pine,Pine,148.8884,-20.3779,1043,2021-10-18,0.695,1.468
Pine,Pine,148.8884,-20.3779,1043,2021-10-19,0.693,1.645
Pine,Pine,148.8884,-20.3779,1043,2021-10-20,0.686,1.687
Pine,Pine,148.8884,-20.3779,1043,2021-10-21,0.744,1.544
Pine,Pine,148.8884,-20.3779,1043,2021-10-22,0.759,1.446
Pine,Pine,148.8884,-20.3779,1043,2021-10-23,0.737,1.313
Pine,Pine,148.8884,-20.3779,1043,2021-10-24,0.625,0.966
Pine,Pine,148.8884,-20.3779,1043,2021-10-25,0.544,0.752
Pine,Pine,148.8884,-20.3779,1043,2021-10-26,0.526,0.594
Pine,Pine,148.8884,-20.3779,1043,2021-10-27,0.466,0.511
Pine,Pine,148.8884,-20.3779,1043,2021-10-28,0.509,0.463
Pine,Pine,148.8884,-20.3779,1043,2021-10-29,0.541,0.514
Pine,Pine,148.8884,-20.3779,1043,2021-10-30,0.586,0.65
Pine,Pine,148.8884,-20.3779,1043,2021-10-31,0.615,0.738
Pine,Pine,148.8884,-20.3779,1043,2021-11-01,0.663,1.924
Pine,Pine,148.8884,-20.3779,1043,2021-11-02,0.684,1.733
Pine,Pine,148.8884,-20.3779,1043,2021-11-03,0.758,2.188
Pine,Pine,148.8884,-20.3779,1043,2021-11-04,0.786,2.935
Pine,Pine,148.8884,-20.3779,1043,2021-11-05,0.772,3.089
Pine,Pine,148.8884,-20.3779,1043,2021-11-06,0.753,3.003
Pine,Pine,148.8884,-20.3779,1043,2021-11-07,0.707,2.683
Pine,Pine,148.8884,-20.3779,1043,2021-11-08,0.703,2.296
Pine,Pine,148.8884,-20.3779,1043,2021-11-09,0.679,1.646
Pine,Pine,148.8884,-20.3779,1043,2021-11-10,0.655,1.358
Pine,Pine,148.8884,-20.3779,1043,2021-11-11,0.668,1.185
Pine,Pine,148.8884,-20.3779,1043,2021-11-12,0.665,1.822
Pine,Pine,148.8884,-20.3779,1043,2021-11-13,0.635,1.029
Pine,Pine,148.8884,-20.3779,1043,2021-11-14,0.638,1.144
Pine,Pine,148.8884,-20.3779,1043,2021-11-15,0.669,1.202
Pine,Pine,148.8884,-20.3779,1043,2021-11-16,0.718,1.222
Pine,Pine,148.8884,-20.3779,1043,2021-11-17,0.683,1.617
Pine,Pine,148.8884,-20.3779,1043,2021-11-18,0.666,1.621
Pine,Pine,148.8884,-20.3779,1043,2021-11-19,0.784,1.764
Pine,Pine,148.8884,-20.3779,1043,2021-11-20,0.852,1.528
Pine,Pine,148.8884,-20.3779,1043,2021-11-21,0.801,1.264
Pine,Pine,148.8884,-20.3779,1043,2021-11-22,0.7,1.091
Pine,Pine,148.8884,-20.3779,1043,2021-11-23,0.579,0.792
Pine,Pine,148.8884,-20.3779,1043,2021-11-24,0.541,0.642
Pine,Pine,148.8884,-20.3779,1043,2021-11-25,0.624,0.554
Pine,Pine,148.8884,-20.3779,1043,2021-11-26,0.726,0.606
Pine,Pine,148.8884,-20.3779,1043,2021-11-27,0.886,0.586
Pine,Pine,148.8884,-20.3779,1043,2021-11-28,0.745,0.608
Pine,Pine,148.8884,-20.3779,1043,2021-11-29,0.722,0.691
Pine,Pine,148.8884,-20.3779,1043,2021-11-30,0.713,0.754
Pine,Pine,148.8884,-20.3779,1043,2021-12-01,0.765,0.907
Pine,Pine,148.8884,-20.3779,1043,2021-12-02,0.723,1.159
Pine,Pine,148.8884,-20.3779,1043,2021-12-03,0.743,1.524
Pine,Pine,148.8884,-20.3779,1043,2021-12-04,0.78,1.997
Pine,Pine,148.8884,-20.3779,1043,2021-12-05,0.805,2.044
Pine,Pine,148.8884,-20.3779,1043,2021-12-06,0.852,2.452
Pine,Pine,148.8884,-20.3779,1043,2021-12-07,0.888,2.104
Pine,Pine,148.8884,-20.3779,1043,2021-12-08,0.889,1.524
Pine,Pine,148.8884,-20.3779,1043,2021-12-09,0.873,1.27
Pine,Pine,148.8884,-20.3779,1043,2021-12-10,0.742,0.959
Pine,Pine,148.8884,-20.3779,1043,2021-12-11,0.631,0.812
Pine,Pine,148.8884,-20.3779,1043,2021-12-12,0.622,0.836
Pine,Pine,148.8884,-20.3779,1043,2021-12-13,0.633,0.777
Pine,Pine,148.8884,-20.3779,1043,2021-12-14,0.634,0.614
Pine,Pine,148.8884,-20.3779,1043,2021-12-15,0.693,0.554
Pine,Pine,148.8884,-20.3779,1043,2021-12-16,0.667,0.619
Pine,Pine,148.8884,-20.3779,1043,2021-12-17,0.687,0.743
Pine,Pine,148.8884,-20.3779,1043,2021-12-18,0.686,0.829
Pine,Pine,148.8884,-20.3779,1043,2021-12-19,0.723,0.643
Pine,Pine,148.8884,-20.3779,1043,2021-12-20,0.769,0.574
Pine,Pine,148.8884,-20.3779,1043,2021-12-21,0.796,0.575
Pine,Pine,148.8884,-20.3779,1043,2021-12-22,0.773,0.557
Pine,Pine,148.8884,-20.3779,1043,2021-12-23,0.775,0.535
Pine,Pine,148.8884,-20.3779,1043,2021-12-24,0.747,0.529
Pine,Pine,148.8884,-20.3779,1043,2021-12-25,0.716,0.457
Pine,Pine,148.8884,-20.3779,1043,2021-12-26,0.782,0.466
Pine,Pine,148.8884,-20.3779,1043,2021-12-27,0.825,0.527
Pine,Pine,148.8884,-20.3779,1043,2021-12-28,0.893,0.55
Pine,Pine,148.8884,-20.3779,1043,2021-12-29,0.889,0.984
Pine,Pine,148.8884,-20.3779,1043,2021-12-30,0.769,2.745
Pine,Pine,148.8884,-20.3779,1043,2021-12-31,0.74,6.045
Pine,Pine,148.8884,-20.3779,1043,2022-01-01,0.78,4.921
Pine,Pine,148.8884,-20.3779,1043,2022-01-02,0.859,5.621
Pine,Pine,148.8884,-20.3779,1043,2022-01-03,0.948,5.965
Pine,Pine,148.8884,-20.3779,1043,2022-01-04,0.977,5.801
Pine,Pine,148.8884,-20.3779,1043,2022-01-05,0.925,4.152
Pine,Pine,148.8884,-20.3779,1043,2022-01-06,0.902,4.056
Pine,Pine,148.8884,-20.3779,1043,2022-01-07,0.897,2.898
Pine,Pine,148.8884,-20.3779,1043,2022-01-08,0.933,2.002
Pine,Pine,148.8884,-20.3779,1043,2022-01-09,0.872,1.321
Pine,Pine,148.8884,-20.3779,1043,2022-01-10,0.817,1.418
Pine,Pine,148.8884,-20.3779,1043,2022-01-11,0.751,1.221
Pine,Pine,148.8884,-20.3779,1043,2022-01-12,0.714,1.127
Pine,Pine,148.8884,-20.3779,1043,2022-01-13,0.767,1.213
Pine,Pine,148.8884,-20.3779,1043,2022-01-14,0.798,1.06
Pine,Pine,148.8884,-20.3779,1043,2022-01-15,0.849,1.047
Pine,Pine,148.8884,-20.3779,1043,2022-01-16,0.806,1.001
Pine,Pine,148.8884,-20.3779,1043,2022-01-17,0.785,0.925
Pine,Pine,148.8884,-20.3779,1043,2022-01-18,0.788,0.898
Pine,Pine,148.8884,-20.3779,1043,2022-01-19,0.87,0.948
Pine,Pine,148.8884,-20.3779,1043,2022-01-20,0.962,1.127
Pine,Pine,148.8884,-20.3779,1043,2022-01-21,1.013,1.855
Pine,Pine,148.8884,-20.3779,1043,2022-01-22,1.074,2.206
Pine,Pine,148.8884,-20.3779,1043,2022-01-23,1.096,1.981
Pine,Pine,148.8884,-20.3779,1043,2022-01-24,1.145,1.157
Pine,Pine,148.8884,-20.3779,1043,2022-01-25,1.082,0.731
Pine,Pine,148.8884,-20.3779,1043,2022-01-26,0.956,0.541
Pine,Pine,148.8884,-20.3779,1043,2022-01-27,0.915,0.555
Pine,Pine,148.8884,-20.3779,1043,2022-01-28,0.964,0.824
Pine,Pine,148.8884,-20.3779,1043,2022-01-29,1.033,1.005
Pine,Pine,148.8884,-20.3779,1043,2022-01-30,1.021,1.393
Pine,Pine,148.8884,-20.3779,1043,2022-01-31,0.976,1.841
Pine,Pine,148.8884,-20.3779,1043,2022-02-01,0.932,2.419
Pine,Pine,148.8884,-20.3779,1043,2022-02-02,0.912,2.642
Pine,Pine,148.8884,-20.3779,1043,2022-02-03,0.908,2.404
Pine,Pine,148.8884,-20.3779,1043,2022-02-04,0.896,3.005
Pine,Pine,148.8884,-20.3779,1043,2022-02-05,0.969,5.737
Pine,Pine,148.8884,-20.3779,1043,2022-02-06,1.004,4.251
Pine,Pine,148.8884,-20.3779,1043,2022-02-07,1.025,3.578
Pine,Pine,148.8884,-20.3779,1043,2022-02-08,1.06,1.721
Pine,Pine,148.8884,-20.3779,1043,2022-02-09,0.983,1.043
Pine,Pine,148.8884,-20.3779,1043,2022-02-10,0.975,0.978
Pine,Pine,148.8884,-20.3779,1043,2022-02-11,0.924,0.975
Pine,Pine,148.8884,-20.3779,1043,2022-02-12,0.874,1.166
Pine,Pine,148.8884,-20.3779,1043,2022-02-13,0.981,2.252
Pine,Pine,148.8884,-20.3779,1043,2022-02-14,0.996,3.7
Pine,Pine,148.8884,-20.3779,1043,2022-02-15,0.978,4.221
Pine,Pine,148.8884,-20.3779,1043,2022-02-16,0.977,4.907
Pine,Pine,148.8884,-20.3779,1043,2022-02-17,0.923,5.394
Pine,Pine,148.8884,-20.3779,1043,2022-02-18,0.917,5.266
Pine,Pine,148.8884,-20.3779,1043,2022-02-19,0.927,5.026
Pine,Pine,148.8884,-20.3779,1043,2022-02-20,0.971,6.114
Pine,Pine,148.8884,-20.3779,1043,2022-02-21,0.952,4.367
Pine,Pine,148.8884,-20.3779,1043,2022-02-22,0.962,3.291
Pine,Pine,148.8884,-20.3779,1043,2022-02-23,0.994,2.163
Pine,Pine,148.8884,-20.3779,1043,2022-02-24,0.999,1.491
Pine,Pine,148.8884,-20.3779,1043,2022-02-25,0.918,1.108
Pine,Pine,148.8884,-20.3779,1043,2022-02-26,1.086,1.18
Pine,Pine,148.8884,-20.3779,1043,2022-02-27,1.182,1.182
Pine,Pine,148.8884,-20.3779,1043,2022-02-28,1.12,1.691
Pine,Pine,148.8884,-20.3779,1043,2022-03-01,1.004,2.355
Pine,Pine,148.8884,-20.3779,1043,2022-03-02,0.98,2.813
Pine,Pine,148.8884,-20.3779,1043,2022-03-03,1.019,3.962
Pine,Pine,148.8884,-20.3779,1043,2022-03-04,1.037,3.637
Pine,Pine,148.8884,-20.3779,1043,2022-03-05,1.017,2.899
Pine,Pine,148.8884,-20.3779,1043,2022-03-06,1.003,2.41
Pine,Pine,148.8884,-20.3779,1043,2022-03-07,1.006,1.846
Pine,Pine,148.8884,-20.3779,1043,2022-03-08,0.942,1.083
Pine,Pine,148.8884,-20.3779,1043,2022-03-09,1.012,0.786
Pine,Pine,148.8884,-20.3779,816,2022-03-10,1.441,2.305
Pine,Pine,148.8884,-20.3779,1043,2022-03-10,0.959,0.641
Pine,Pine,148.8884,-20.3779,816,2022-03-11,1.105,1.783
Pine,Pine,148.8884,-20.3779,816,2022-03-12,0.834,1.938
Pine,Pine,148.8884,-20.3779,816,2022-03-13,1.004,2.391
Pine,Pine,148.8884,-20.3779,816,2022-03-14,1.007,3.166
Pine,Pine,148.8884,-20.3779,816,2022-03-15,1.065,4.612
Pine,Pine,148.8884,-20.3779,816,2022-03-16,1.071,5.647
Pine,Pine,148.8884,-20.3779,816,2022-03-17,1.102,8.965
Pine,Pine,148.8884,-20.3779,816,2022-03-18,1.132,11.671
Pine,Pine,148.8884,-20.3779,816,2022-03-19,1.052,10.997
Pine,Pine,148.8884,-20.3779,816,2022-03-20,0.999,10.732
Pine,Pine,148.8884,-20.3779,816,2022-03-21,1.009,9.597
Pine,Pine,148.8884,-20.3779,816,2022-03-22,0.93,5.87
Pine,Pine,148.8884,-20.3779,816,2022-03-23,0.946,4.006
Pine,Pine,148.8884,-20.3779,816,2022-03-24,0.966,2.347
Pine,Pine,148.8884,-20.3779,816,2022-03-25,0.955,1.53
Pine,Pine,148.8884,-20.3779,816,2022-03-26,0.927,1.492
Pine,Pine,148.8884,-20.3779,816,2022-03-27,0.935,1.634
Pine,Pine,148.8884,-20.3779,816,2022-03-28,0.929,1.885
Pine,Pine,148.8884,-20.3779,816,2022-03-29,0.819,2.498
Pine,Pine,148.8884,-20.3779,816,2022-03-30,0.765,3.109
Pine,Pine,148.8884,-20.3779,816,2022-03-31,0.729,3.258
Pine,Pine,148.8884,-20.3779,816,2022-04-01,0.761,3.709
Pine,Pine,148.8884,-20.3779,816,2022-04-02,0.81,4.09
Pine,Pine,148.8884,-20.3779,816,2022-04-03,0.841,4.284
Pine,Pine,148.8884,-20.3779,816,2022-04-04,0.823,3.523
Pine,Pine,148.8884,-20.3779,816,2022-04-05,0.86,3.439
Pine,Pine,148.8884,-20.3779,816,2022-04-06,0.856,2.696
Pine,Pine,148.8884,-20.3779,816,2022-04-07,0.893,2.058
Pine,Pine,148.8884,-20.3779,816,2022-04-08,0.837,2.194
Pine,Pine,148.8884,-20.3779,816,2022-04-09,0.822,2.308
Pine,Pine,148.8884,-20.3779,816,2022-04-10,0.892,1.778
Pine,Pine,148.8884,-20.3779,816,2022-04-11,0.938,1.682
Pine,Pine,148.8884,-20.3779,816,2022-04-12,0.899,1.831
Pine,Pine,148.8884,-20.3779,816,2022-04-13,0.967,2.113
Pine,Pine,148.8884,-20.3779,816,2022-04-14,1.04,2.728
Pine,Pine,148.8884,-20.3779,816,2022-04-15,1.06,4.244
Pine,Pine,148.8884,-20.3779,816,2022-04-16,1.015,5.042
Pine,Pine,148.8884,-20.3779,816,2022-04-17,0.959,5.235
Pine,Pine,148.8884,-20.3779,816,2022-04-18,0.949,5.464
Pine,Pine,148.8884,-20.3779,816,2022-04-19,0.944,5.323
Pine,Pine,148.8884,-20.3779,816,2022-04-20,0.92,5.006
Pine,Pine,148.8884,-20.3779,816,2022-04-21,0.901,5.215
Pine,Pine,148.8884,-20.3779,816,2022-04-22,0.812,3.082
Pine,Pine,148.8884,-20.3779,816,2022-04-23,0.836,3.063
Pine,Pine,148.8884,-20.3779,816,2022-04-24,0.945,2.758
Pine,Pine,148.8884,-20.3779,816,2022-04-25,1.007,3.227
Pine,Pine,148.8884,-20.3779,816,2022-04-26,0.917,4.03
Pine,Pine,148.8884,-20.3779,816,2022-04-27,0.822,4.93
Pine,Pine,148.8884,-20.3779,816,2022-04-28,0.89,6.978
Pine,Pine,148.8884,-20.3779,816,2022-04-29,0.975,8.228
Pine,Pine,148.8884,-20.3779,816,2022-04-30,0.982,7.461
Pine,Pine,148.8884,-20.3779,816,2022-05-01,0.977,6.088
Pine,Pine,148.8884,-20.3779,816,2022-05-02,0.969,5.924
Pine,Pine,148.8884,-20.3779,816,2022-05-03,0.987,5.79
Pine,Pine,148.8884,-20.3779,816,2022-05-04,0.978,8.297
Pine,Pine,148.8884,-20.3779,816,2022-05-05,0.973,2.756
Pine,Pine,148.8884,-20.3779,816,2022-05-06,1.017,1.976
Pine,Pine,148.8884,-20.3779,816,2022-05-07,0.864,1.574
Pine,Pine,148.8884,-20.3779,816,2022-05-08,0.81,2.231
Pine,Pine,148.8884,-20.3779,816,2022-05-09,0.847,1.329
Pine,Pine,148.8884,-20.3779,816,2022-05-10,0.912,1.31
Pine,Pine,148.8884,-20.3779,816,2022-05-11,0.911,1.854
Pine,Pine,148.8884,-20.3779,816,2022-05-12,0.838,2.427
Pine,Pine,148.8884,-20.3779,816,2022-05-13,0.917,2.4
Pine,Pine,148.8884,-20.3779,816,2022-05-14,1.008,2.869
Pine,Pine,148.8884,-20.3779,816,2022-05-15,1.024,3.236
Pine,Pine,148.8884,-20.3779,816,2022-05-16,1.037,3.594
Pine,Pine,148.8884,-20.3779,816,2022-05-17,1.039,3.656
Pine,Pine,148.8884,-20.3779,816,2022-05-18,1.02,4.115
Pine,Pine,148.8884,-20.3779,816,2022-05-19,1.04,4.834
Pine,Pine,148.8884,-20.3779,816,2022-05-20,1.068,6.466
Pine,Pine,148.8884,-20.3779,816,2022-05-21,1.019,5.549
Pine,Pine,148.8884,-20.3779,816,2022-05-22,1.003,2.691
Pine,Pine,148.8884,-20.3779,816,2022-05-23,1.037,3.101
Pine,Pine,148.8884,-20.3779,816,2022-05-24,1.075,2.743
Pine,Pine,148.8884,-20.3779,816,2022-05-25,1.091,3.647
Pine,Pine,148.8884,-20.3779,816,2022-05-26,1.111,3.483
Pine,Pine,148.8884,-20.3779,816,2022-05-27,1.142,3.793
Pine,Pine,148.8884,-20.3779,816,2022-05-28,1.193,3.405
Pine,Pine,148.8884,-20.3779,816,2022-05-29,1.191,2.8
Pine,Pine,148.8884,-20.3779,816,2022-05-30,1.083,2.44
Pine,Pine,148.8884,-20.3779,816,2022-05-31,0.937,1.703
Pine,Pine,148.8884,-20.3779,816,2022-06-01,0.871,1.406
Pine,Pine,148.8884,-20.3779,816,2022-06-02,0.887,1.337
Pine,Pine,148.8884,-20.3779,1043,2022-06-02,0.865,1.194
Pine,Pine,148.8884,-20.3779,1043,2022-06-03,0.873,0.926
Pine,Pine,148.8884,-20.3779,1043,2022-06-04,0.9,0.859
Pine,Pine,148.8884,-20.3779,1043,2022-06-05,0.835,0.767
Pine,Pine,148.8884,-20.3779,1043,2022-06-06,0.785,0.775
Pine,Pine,148.8884,-20.3779,1043,2022-06-07,0.777,0.989
Pine,Pine,148.8884,-20.3779,1043,2022-06-08,0.735,1.317
Pine,Pine,148.8884,-20.3779,1043,2022-06-09,0.805,2.059
Pine,Pine,148.8884,-20.3779,1043,2022-06-10,0.864,1.325
Pine,Pine,148.8884,-20.3779,1043,2022-06-11,0.948,1.479
Pine,Pine,148.8884,-20.3779,1043,2022-06-12,0.949,1.675
Pine,Pine,148.8884,-20.3779,1043,2022-06-13,0.941,2.156
Pine,Pine,148.8884,-20.3779,1043,2022-06-14,0.923,2.588
Pine,Pine,148.8884,-20.3779,1043,2022-06-15,0.884,3.282
Pine,Pine,148.8884,-20.3779,1043,2022-06-16,0.873,3.562
Pine,Pine,148.8884,-20.3779,1043,2022-06-17,0.832,3.011
Pine,Pine,148.8884,-20.3779,1043,2022-06-18,0.82,3.077
Pine,Pine,148.8884,-20.3779,1043,2022-06-19,0.819,2.97
Pine,Pine,148.8884,-20.3779,1043,2022-06-20,0.803,2.887
Pine,Pine,148.8884,-20.3779,1043,2022-06-21,0.816,2.889
Pine,Pine,148.8884,-20.3779,1043,2022-06-22,0.804,1.834
Pine,Pine,148.8884,-20.3779,1043,2022-06-23,0.79,1.511
Pine,Pine,148.8884,-20.3779,1043,2022-06-24,0.758,1.434
Pine,Pine,148.8884,-20.3779,1043,2022-06-25,0.767,1.385
Pine,Pine,148.8884,-20.3779,1043,2022-06-26,0.767,1.604
Pine,Pine,148.8884,-20.3779,1043,2022-06-27,0.78,1.808
Pine,Pine,148.8884,-20.3779,1043,2022-06-28,0.818,2.607
Pine,Pine,148.8884,-20.3779,1043,2022-06-29,0.839,2.014
Pine,Pine,148.8884,-20.3779,1043,2022-06-30,0.771,1.376
Pine,Pine,148.8884,-20.3779,1043,2022-07-01,0.76,1.437
Pine,Pine,148.8884,-20.3779,1043,2022-07-02,0.774,1.394
Pine,Pine,148.8884,-20.3779,1043,2022-07-03,0.768,1.106
Pine,Pine,148.8884,-20.3779,1043,2022-07-04,0.737,1.805
Pine,Pine,148.8884,-20.3779,1043,2022-07-05,0.655,0.965
Pine,Pine,148.8884,-20.3779,1043,2022-07-06,0.648,0.791
Pine,Pine,148.8884,-20.3779,1043,2022-07-07,0.846,0.692
Pine,Pine,148.8884,-20.3779,1043,2022-07-08,0.973,0.7
Pine,Pine,148.8884,-20.3779,1043,2022-07-09,1.09,0.972
Pine,Pine,148.8884,-20.3779,1043,2022-07-10,1.044,1.234
Pine,Pine,148.8884,-20.3779,1043,2022-07-11,0.982,1.148
Pine,Pine,148.8884,-20.3779,1043,2022-07-12,0.939,1.522
Pine,Pine,148.8884,-20.3779,1043,2022-07-13,0.914,2.046
Pine,Pine,148.8884,-20.3779,1043,2022-07-14,0.916,2.897
Pine,Pine,148.8884,-20.3779,1043,2022-07-15,0.963,4.087
Pine,Pine,148.8884,-20.3779,1043,2022-07-16,1.025,4.15
Pine,Pine,148.8884,-20.3779,1043,2022-07-17,1.01,3.452
Pine,Pine,148.8884,-20.3779,1043,2022-07-18,0.932,2.403
Pine,Pine,148.8884,-20.3779,1043,2022-07-19,0.905,1.967
Pine,Pine,148.8884,-20.3779,1043,2022-07-20,0.892,1.697
Pine,Pine,148.8884,-20.3779,1043,2022-07-21,0.96,1.193
Pine,Pine,148.8884,-20.3779,1043,2022-07-22,0.886,0.901
Pine,Pine,148.8884,-20.3779,1043,2022-07-23,0.867,0.829
Pine,Pine,148.8884,-20.3779,1043,2022-07-24,0.824,0.867
Pine,Pine,148.8884,-20.3779,1043,2022-07-25,0.822,0.93
Pine,Pine,148.8884,-20.3779,1043,2022-07-26,0.857,0.998
Pine,Pine,148.8884,-20.3779,1043,2022-07-27,0.872,1.812
Pine,Pine,148.8884,-20.3779,1043,2022-07-28,0.801,1.878
Pine,Pine,148.8884,-20.3779,1043,2022-07-29,0.778,1.347
Pine,Pine,148.8884,-20.3779,1043,2022-07-30,0.788,1.42
Pine,Pine,148.8884,-20.3779,1043,2022-07-31,0.819,1.584
Pine,Pine,148.8884,-20.3779,1043,2022-08-01,0.817,1.34
Pine,Pine,148.8884,-20.3779,1043,2022-08-02,0.799,1.121
Pine,Pine,148.8884,-20.3779,1043,2022-08-03,0.818,0.983
Pine,Pine,148.8884,-20.3779,1043,2022-08-04,0.845,0.849
Pine,Pine,148.8884,-20.3779,1043,2022-08-05,0.708,0.7
Pine,Pine,148.8884,-20.3779,1043,2022-08-06,0.593,0.633
Pine,Pine,148.8884,-20.3779,1043,2022-08-07,0.519,0.626
Pine,Pine,148.8884,-20.3779,1043,2022-08-08,0.562,0.776
Pine,Pine,148.8884,-20.3779,1043,2022-08-09,0.653,1.027
Pine,Pine,148.8884,-20.3779,1043,2022-08-10,0.721,1.405
Pine,Pine,148.8884,-20.3779,1043,2022-08-11,0.763,2.009
Pine,Pine,148.8884,-20.3779,1043,2022-08-12,0.793,2.885
Pine,Pine,148.8884,-20.3779,1043,2022-08-13,0.789,2.939
Pine,Pine,148.8884,-20.3779,1043,2022-08-14,0.812,2.865
Pine,Pine,148.8884,-20.3779,1043,2022-08-15,0.793,2.524
Pine,Pine,148.8884,-20.3779,1043,2022-08-16,0.793,1.968
Pine,Pine,148.8884,-20.3779,1043,2022-08-17,0.797,1.992
Pine,Pine,148.8884,-20.3779,1043,2022-08-18,0.75,0.958
Pine,Pine,148.8884,-20.3779,1043,2022-08-19,0.728,0.774
Pine,Pine,148.8884,-20.3779,1043,2022-08-20,0.594,0.643
Pine,Pine,148.8884,-20.3779,1043,2022-08-21,0.504,0.835
Pine,Pine,148.8884,-20.3779,1043,2022-08-22,0.536,0.851
Pine,Pine,148.8884,-20.3779,1043,2022-08-23,0.541,0.684
Pine,Pine,148.8884,-20.3779,1043,2022-08-24,0.655,1.866
Pine,Pine,148.8884,-20.3779,1043,2022-08-25,0.697,2.019
Pine,Pine,148.8884,-20.3779,1043,2022-08-26,0.77,1.57
Pine,Pine,148.8884,-20.3779,1043,2022-08-27,0.798,1.899
Pine,Pine,148.8884,-20.3779,1043,2022-08-28,0.805,2.551
Pine,Pine,148.8884,-20.3779,1043,2022-08-29,0.805,2.851
Pine,Pine,148.8884,-20.3779,1043,2022-08-30,0.793,3.071
Pine,Pine,148.8884,-20.3779,1043,2022-08-31,0.763,2.599
Pine,Pine,148.8884,-20.3779,1043,2022-09-01,0.773,1.968
Pine,Pine,148.8884,-20.3779,1043,2022-09-02,0.795,1.648
Pine,Pine,148.8884,-20.3779,1043,2022-09-03,0.806,1.313
Pine,Pine,148.8884,-20.3779,1043,2022-09-04,0.751,0.967
Pine,Pine,148.8884,-20.3779,1043,2022-09-05,0.74,0.923
Pine,Pine,148.8884,-20.3779,1043,2022-09-06,0.781,1.27
Pine,Pine,148.8884,-20.3779,1043,2022-09-07,0.755,1.71
Pine,Pine,148.8884,-20.3779,1043,2022-09-08,0.7,2.076
Pine,Pine,148.8884,-20.3779,1043,2022-09-09,0.708,2.58
Pine,Pine,148.8884,-20.3779,1043,2022-09-10,0.731,3.064
Pine,Pine,148.8884,-20.3779,1043,2022-09-11,0.768,3.014
Pine,Pine,148.8884,-20.3779,1043,2022-09-12,0.812,2.91
Pine,Pine,148.8884,-20.3779,1043,2022-09-13,0.827,2.73
Pine,Pine,148.8884,-20.3779,1043,2022-09-14,0.846,2.111
Pine,Pine,148.8884,-20.3779,1043,2022-09-15,0.878,1.54
Pine,Pine,148.8884,-20.3779,1043,2022-09-16,0.844,1.124
Pine,Pine,148.8884,-20.3779,1043,2022-09-17,0.726,0.793
Pine,Pine,148.8884,-20.3779,1043,2022-09-18,0.646,0.705
Pine,Pine,148.8884,-20.3779,1043,2022-09-19,0.602,0.724
Pine,Pine,148.8884,-20.3779,1043,2022-09-20,0.648,0.713
Pine,Pine,148.8884,-20.3779,1043,2022-09-21,0.682,0.756
Pine,Pine,148.8884,-20.3779,1043,2022-09-22,0.71,0.924
Pine,Pine,148.8884,-20.3779,1043,2022-09-23,0.714,0.979
Pine,Pine,148.8884,-20.3779,1043,2022-09-24,0.704,1.045
Pine,Pine,148.8884,-20.3779,1043,2022-09-25,0.741,1.176
Pine,Pine,148.8884,-20.3779,1043,2022-09-26,0.756,1.417
Pine,Pine,148.8884,-20.3779,1043,2022-09-27,0.732,1.434
Pine,Pine,148.8884,-20.3779,1043,2022-09-28,0.714,1.317
Pine,Pine,148.8884,-20.3779,1043,2022-09-29,0.737,1.589
Pine,Pine,148.8884,-20.3779,1043,2022-09-30,0.714,1.069
Pine,Pine,148.8884,-20.3779,1043,2022-10-01,0.748,0.795
Pine,Pine,148.8884,-20.3779,1043,2022-10-02,0.678,0.684
Pine,Pine,148.8884,-20.3779,1043,2022-10-03,0.64,0.807
Pine,Pine,148.8884,-20.3779,1043,2022-10-04,0.527,0.861
Pine,Pine,148.8884,-20.3779,1043,2022-10-05,0.664,0.913
Pine,Pine,148.8884,-20.3779,1043,2022-10-06,0.863,1.383
Pine,Pine,148.8884,-20.3779,1043,2022-10-07,0.98,1.551
Pine,Pine,148.8884,-20.3779,1043,2022-10-08,0.982,2.015
Pine,Pine,148.8884,-20.3779,1043,2022-10-09,0.929,2.398
Pine,Pine,148.8884,-20.3779,1043,2022-10-10,0.933,3.461
Pine,Pine,148.8884,-20.3779,1043,2022-10-11,0.928,4.423
Pine,Pine,148.8884,-20.3779,1043,2022-10-12,0.924,4.11
Pine,Pine,148.8884,-20.3779,1043,2022-10-13,0.924,3.02
Pine,Pine,148.8884,-20.3779,1043,2022-10-14,0.866,2.229
Pine,Pine,148.8884,-20.3779,1043,2022-10-15,0.905,1.573
Pine,Pine,148.8884,-20.3779,1043,2022-10-16,0.864,1.061
Pine,Pine,148.8884,-20.3779,1043,2022-10-17,0.615,0.777
Pine,Pine,148.8884,-20.3779,1043,2022-10-18,0.552,0.731
Pine,Pine,148.8884,-20.3779,1043,2022-10-19,0.616,0.721
Pine,Pine,148.8884,-20.3779,1043,2022-10-20,0.733,1.311
Pine,Pine,148.8884,-20.3779,1043,2022-10-21,0.693,0.995
Pine,Pine,148.8884,-20.3779,1043,2022-10-22,0.708,1.296
Pine,Pine,148.8884,-20.3779,1043,2022-10-23,0.796,1.608
Pine,Pine,148.8884,-20.3779,1043,2022-10-24,0.809,1.986
Pine,Pine,148.8884,-20.3779,1043,2022-10-25,0.733,2.214
Pine,Pine,148.8884,-20.3779,6666,2023-02-17,0.623,2.208
Pine,Pine,148.8884,-20.3779,6666,2023-02-18,0.597,2.738
Pine,Pine,148.8884,-20.3779,6666,2023-02-19,0.57,4.469
Pine,Pine,148.8884,-20.3779,6666,2023-02-20,0.561,6.943
Pine,Pine,148.8884,-20.3779,6666,2023-02-21,0.535,8.709
Pine,Pine,148.8884,-20.3779,6666,2023-02-22,0.483,8.463
Pine,Pine,148.8884,-20.3779,6666,2023-02-23,0.488,10.044
Pine,Pine,148.8884,-20.3779,6666,2023-02-24,0.482,9.814
Pine,Pine,148.8884,-20.3779,6666,2023-02-25,0.506,6.268
Pine,Pine,148.8884,-20.3779,6666,2023-02-26,0.611,3.052
Pine,Pine,148.8884,-20.3779,6666,2023-02-27,0.733,1.862
Pine,Pine,148.8884,-20.3779,6666,2023-02-28,0.69,1.422
Pine,Pine,148.8884,-20.3779,6666,2023-03-01,0.677,1.438
Pine,Pine,148.8884,-20.3779,6666,2023-03-02,0.597,1.631
Pine,Pine,148.8884,-20.3779,6666,2023-03-03,0.537,1.928
Pine,Pine,148.8884,-20.3779,6666,2023-03-04,0.602,2.014
Pine,Pine,148.8884,-20.3779,6666,2023-03-05,0.688,2.476
Pine,Pine,148.8884,-20.3779,6666,2023-03-06,0.739,2.674
Pine,Pine,148.8884,-20.3779,6666,2023-03-07,0.731,2.717
Pine,Pine,148.8884,-20.3779,6666,2023-03-08,0.672,2.776
Pine,Pine,148.8884,-20.3779,6666,2023-03-09,0.617,2.464
Pine,Pine,148.8884,-20.3779,6666,2023-03-10,0.577,2.209
Pine,Pine,148.8884,-20.3779,6666,2023-03-11,0.596,1.757
Pine,Pine,148.8884,-20.3779,6666,2023-03-12,0.612,1.361
Pine,Pine,148.8884,-20.3779,6666,2023-03-13,0.608,1.046
Pine,Pine,148.8884,-20.3779,6666,2023-03-14,0.553,0.745
Pine,Pine,148.8884,-20.3779,6666,2023-03-15,0.498,0.612
Pine,Pine,148.8884,-20.3779,6666,2023-03-16,0.464,0.549
Pine,Pine,148.8884,-20.3779,6666,2023-03-17,0.511,0.616
Pine,Pine,148.8884,-20.3779,6666,2023-03-18,0.537,1.494
Pine,Pine,148.8884,-20.3779,6666,2023-03-19,0.555,2.041
Pine,Pine,148.8884,-20.3779,6666,2023-03-20,0.527,2.743
Pine,Pine,148.8884,-20.3779,6666,2023-03-21,0.515,5.017
Pine,Pine,148.8884,-20.3779,6666,2023-03-22,0.522,6.398
Pine,Pine,148.8884,-20.3779,6666,2023-03-23,0.52,5.937
Pine,Pine,148.8884,-20.3779,6666,2023-03-24,0.547,6.337
Pine,Pine,148.8884,-20.3779,6666,2023-03-25,0.573,5.473
Pine,Pine,148.8884,-20.3779,6666,2023-03-26,0.566,3.188
Pine,Pine,148.8884,-20.3779,6666,2023-03-27,0.631,2.247
Pine,Pine,148.8884,-20.3779,6666,2023-03-28,0.643,1.457
Pine,Pine,148.8884,-20.3779,6666,2023-03-29,0.565,1.264
Pine,Pine,148.8884,-20.3779,6666,2023-03-30,0.51,1.007
Pine,Pine,148.8884,-20.3779,6666,2023-03-31,0.523,0.925
Pine,Pine,148.8884,-20.3779,6666,2023-04-01,0.513,1.027
Pine,Pine,148.8884,-20.3779,6666,2023-04-02,0.509,2.606
Pine,Pine,148.8884,-20.3779,6666,2023-04-03,0.466,1.851
Pine,Pine,148.8884,-20.3779,6666,2023-04-04,0.481,1.992
Pine,Pine,148.8884,-20.3779,6666,2023-04-05,0.53,2.27
Pine,Pine,148.8884,-20.3779,6666,2023-04-06,0.569,2.468
Pine,Pine,148.8884,-20.3779,6666,2023-04-07,0.585,2.778
Pine,Pine,148.8884,-20.3779,6666,2023-04-08,0.568,2.883
Pine,Pine,148.8884,-20.3779,6666,2023-04-09,0.57,2.072
Pine,Pine,148.8884,-20.3779,6666,2023-04-10,0.593,1.648
Pine,Pine,148.8884,-20.3779,6666,2023-04-11,0.634,1.265
Pine,Pine,148.8884,-20.3779,6666,2023-04-12,0.63,0.915
Pine,Pine,148.8884,-20.3779,6666,2023-04-13,0.566,0.823
Pine,Pine,148.8884,-20.3779,6666,2023-04-14,0.554,0.807
Pine,Pine,148.8884,-20.3779,6666,2023-04-15,0.499,0.715
Pine,Pine,148.8884,-20.3779,6666,2023-04-16,0.609,0.964
Pine,Pine,148.8884,-20.3779,6666,2023-04-17,0.635,1.817
Pine,Pine,148.8884,-20.3779,6666,2023-04-18,0.589,3.652
Pine,Pine,148.8884,-20.3779,6666,2023-04-19,0.504,3.324
Pine,Pine,148.8884,-20.3779,6666,2023-04-20,0.543,3.951
Pine,Pine,148.8884,-20.3779,6666,2023-04-21,0.591,5.482
Pine,Pine,148.8884,-20.3779,6666,2023-04-22,0.641,6.727
Pine,Pine,148.8884,-20.3779,6666,2023-04-23,0.69,5.017
Pine,Pine,148.8884,-20.3779,6666,2023-04-24,0.711,3.655
Pine,Pine,148.8884,-20.3779,6666,2023-04-25,0.703,4.074
Pine,Pine,148.8884,-20.3779,6666,2023-04-26,0.748,3.741
Pine,Pine,148.8884,-20.3779,6666,2023-04-27,0.725,3.019
Pine,Pine,148.8884,-20.3779,6666,2023-04-28,0.662,2.2
Pine,Pine,148.8884,-20.3779,6666,2023-04-29,0.614,1.765
Pine,Pine,148.8884,-20.3779,6666,2023-04-30,0.574,2.047
Pine,Pine,148.8884,-20.3779,6666,2023-05-01,0.613,2.572
Pine,Pine,148.8884,-20.3779,6666,2023-05-02,0.625,3.225
Pine,Pine,148.8884,-20.3779,6666,2023-05-03,0.645,3.753
Pine,Pine,148.8884,-20.3779,6666,2023-05-04,0.648,4.464
Pine,Pine,148.8884,-20.3779,6666,2023-05-05,0.642,5.731
Pine,Pine,148.8884,-20.3779,6666,2023-05-06,0.624,5.298
Pine,Pine,148.8884,-20.3779,6666,2023-05-07,0.6,4.532
Pine,Pine,148.8884,-20.3779,6666,2023-05-08,0.628,5.524
Pine,Pine,148.8884,-20.3779,6666,2023-05-09,0.595,4.65
Pine,Pine,148.8884,-20.3779,6666,2023-05-10,0.597,5.002
Pine,Pine,148.8884,-20.3779,6666,2023-05-11,0.591,3.514
Pine,Pine,148.8884,-20.3779,6666,2023-05-12,0.554,2.333
Pine,Pine,148.8884,-20.3779,6666,2023-05-13,0.498,2.178
Pine,Pine,148.8884,-20.3779,6666,2023-05-14,0.523,3.038
Pine,Pine,148.8884,-20.3779,6666,2023-05-15,0.542,3.002
Pine,Pine,148.8884,-20.3779,6666,2023-05-16,0.59,3.331
Pine,Pine,148.8884,-20.3779,6666,2023-05-17,0.656,4.263
Pine,Pine,148.8884,-20.3779,6666,2023-05-18,0.648,3.403
Pine,Pine,148.8884,-20.3779,6666,2023-05-19,0.623,3.271
Pine,Pine,148.8884,-20.3779,6666,2023-05-20,0.635,2.856
Pine,Pine,148.8884,-20.3779,6666,2023-05-21,0.67,2.663
Pine,Pine,148.8884,-20.3779,6666,2023-05-22,0.712,3.226
Pine,Pine,148.8884,-20.3779,6666,2023-05-23,0.711,2.953
Pine,Pine,148.8884,-20.3779,6666,2023-05-24,0.646,2.177
Pine,Pine,148.8884,-20.3779,6666,2023-05-25,0.54,1.271
Pine,Pine,148.8884,-20.3779,6666,2023-05-26,0.456,0.769
Pine,Pine,148.8884,-20.3779,6666,2023-05-27,0.516,0.941
Pine,Pine,148.8884,-20.3779,6666,2023-05-28,0.505,0.544
Pine,Pine,148.8884,-20.3779,6666,2023-05-29,0.516,0.605
Pine,Pine,148.8884,-20.3779,6666,2023-05-30,0.579,1.367
Pine,Pine,148.8884,-20.3779,6666,2023-05-31,0.569,1.156
Pine,Pine,148.8884,-20.3779,6666,2023-06-01,0.63,1.227
Pine,Pine,148.8884,-20.3779,6666,2023-06-02,0.697,1.412
Pine,Pine,148.8884,-20.3779,6666,2023-06-03,0.682,1.642
Pine,Pine,148.8884,-20.3779,6666,2023-06-04,0.662,2.031
Pine,Pine,148.8884,-20.3779,6666,2023-06-05,0.642,2.5
Pine,Pine,148.8884,-20.3779,6666,2023-06-06,0.607,2.96
Pine,Pine,148.8884,-20.3779,6666,2023-06-07,0.595,2.494
Pine,Pine,148.8884,-20.3779,6666,2023-06-08,0.576,1.746
Pine,Pine,148.8884,-20.3779,6666,2023-06-09,0.623,1.358
Pine,Pine,148.8884,-20.3779,6666,2023-06-10,0.66,1.441
Pine,Pine,148.8884,-20.3779,6666,2023-06-11,0.652,1.544
Pine,Pine,148.8884,-20.3779,6666,2023-06-12,0.618,1.169
Pine,Pine,148.8884,-20.3779,6666,2023-06-13,0.568,1.034
Pine,Pine,148.8884,-20.3779,842,2023-06-13,0.714,1.086
Pine,Pine,148.8884,-20.3779,842,2023-06-14,0.578,1.048
Pine,Pine,148.8884,-20.3779,842,2023-06-15,0.555,1.097
Pine,Pine,148.8884,-20.3779,842,2023-06-16,0.55,1.128
Pine,Pine,148.8884,-20.3779,842,2023-06-17,0.586,1.335
Pine,Pine,148.8884,-20.3779,842,2023-06-18,0.586,1.284
Pine,Pine,148.8884,-20.3779,842,2023-06-19,0.569,1.232
Pine,Pine,148.8884,-20.3779,842,2023-06-20,0.545,1.146
Pine,Pine,148.8884,-20.3779,842,2023-06-21,0.555,1.077
Pine,Pine,148.8884,-20.3779,842,2023-06-22,0.537,0.954
Pine,Pine,148.8884,-20.3779,842,2023-06-23,0.533,0.865
Pine,Pine,148.8884,-20.3779,842,2023-06-24,0.45,0.726
Pine,Pine,148.8884,-20.3779,842,2023-06-25,0.364,0.671
Pine,Pine,148.8884,-20.3779,842,2023-06-26,0.337,0.65
Pine,Pine,148.8884,-20.3779,842,2023-06-27,0.349,0.669
Pine,Pine,148.8884,-20.3779,842,2023-06-28,0.374,0.702
Pine,Pine,148.8884,-20.3779,842,2023-06-29,0.371,0.703
Pine,Pine,148.8884,-20.3779,842,2023-06-30,0.453,2.321
Pine,Pine,148.8884,-20.3779,842,2023-07-01,0.435,1.321
Pine,Pine,148.8884,-20.3779,842,2023-07-02,0.502,1.887
Pine,Pine,148.8884,-20.3779,842,2023-07-03,0.513,2.091
Pine,Pine,148.8884,-20.3779,842,2023-07-04,0.465,2.17
Pine,Pine,148.8884,-20.3779,842,2023-07-05,0.424,2.574
Pine,Pine,148.8884,-20.3779,842,2023-07-06,0.423,2.522
Pine,Pine,148.8884,-20.3779,842,2023-07-07,0.454,2.626
Pine,Pine,148.8884,-20.3779,842,2023-07-08,0.473,2.157
Pine,Pine,148.8884,-20.3779,842,2023-07-09,0.517,2.214
Pine,Pine,148.8884,-20.3779,842,2023-07-10,0.566,1.851
Pine,Pine,148.8884,-20.3779,842,2023-07-11,0.605,1.721
Pine,Pine,148.8884,-20.3779,842,2023-07-12,0.618,1.528
Pine,Pine,148.8884,-20.3779,842,2023-07-13,0.553,2.216
Pine,Pine,148.8884,-20.3779,842,2023-07-14,0.431,1.943
Pine,Pine,148.8884,-20.3779,842,2023-07-15,0.355,1.849
Pine,Pine,148.8884,-20.3779,842,2023-07-16,0.396,2.447
Pine,Pine,148.8884,-20.3779,842,2023-07-17,0.438,3.036
Pine,Pine,148.8884,-20.3779,842,2023-07-18,0.463,3.186
Pine,Pine,148.8884,-20.3779,842,2023-07-19,0.48,2.838
Pine,Pine,148.8884,-20.3779,842,2023-07-20,0.547,2.512
Pine,Pine,148.8884,-20.3779,842,2023-07-21,0.591,2.17
Pine,Pine,148.8884,-20.3779,842,2023-07-22,0.58,1.636
Pine,Pine,148.8884,-20.3779,842,2023-07-23,0.523,1.296
Pine,Pine,148.8884,-20.3779,842,2023-07-24,0.503,0.993
Pine,Pine,148.8884,-20.3779,842,2023-07-25,0.518,1.232
Pine,Pine,148.8884,-20.3779,842,2023-07-26,0.567,1.991
Pine,Pine,148.8884,-20.3779,842,2023-07-27,0.506,1.452
Pine,Pine,148.8884,-20.3779,842,2023-07-28,0.484,1.267
Pine,Pine,148.8884,-20.3779,842,2023-07-29,0.51,1.437
Pine,Pine,148.8884,-20.3779,842,2023-07-30,0.595,1.822
Pine,Pine,148.8884,-20.3779,842,2023-07-31,0.626,2.273
Pine,Pine,148.8884,-20.3779,842,2023-08-01,0.602,2.905
Pine,Pine,148.8884,-20.3779,842,2023-08-02,0.587,4.591
Pine,Pine,148.8884,-20.3779,842,2023-08-03,0.601,7.477
Pine,Pine,148.8884,-20.3779,842,2023-08-04,0.586,8.629
Pine,Pine,148.8884,-20.3779,842,2023-08-05,0.545,7.861
Pine,Pine,148.8884,-20.3779,842,2023-08-06,0.514,7.551
Pine,Pine,148.8884,-20.3779,842,2023-08-07,0.481,5.383
Pine,Pine,148.8884,-20.3779,842,2023-08-08,0.489,3.348
Pine,Pine,148.8884,-20.3779,842,2023-08-09,0.517,2.478
Pine,Pine,148.8884,-20.3779,842,2023-08-10,0.634,1.526
Pine,Pine,148.8884,-20.3779,842,2023-08-11,0.657,1.511
Pine,Pine,148.8884,-20.3779,842,2023-08-12,0.716,1.871
Pine,Pine,148.8884,-20.3779,842,2023-08-13,0.618,1.856
Pine,Pine,148.8884,-20.3779,842,2023-08-14,0.497,1.779
Pine,Pine,148.8884,-20.3779,842,2023-08-15,0.387,1.484
Pine,Pine,148.8884,-20.3779,842,2023-08-16,0.396,1.486
Pine,Pine,148.8884,-20.3779,842,2023-08-17,0.452,1.599
Pine,Pine,148.8884,-20.3779,842,2023-08-18,0.511,1.538
Pine,Pine,148.8884,-20.3779,842,2023-08-19,0.489,1.641
Pine,Pine,148.8884,-20.3779,842,2023-08-20,0.502,1.472
Pine,Pine,148.8884,-20.3779,842,2023-08-21,0.498,1.093
Pine,Pine,148.8884,-20.3779,842,2023-08-22,0.475,0.938
Pine,Pine,148.8884,-20.3779,842,2023-08-23,0.443,0.758
Pine,Pine,148.8884,-20.3779,842,2023-08-24,0.385,0.787
Pine,Pine,148.8884,-20.3779,842,2023-08-25,0.322,0.641
Pine,Pine,148.8884,-20.3779,842,2023-08-26,0.282,0.96
Pine,Pine,148.8884,-20.3779,842,2023-08-27,0.281,1.138
Pine,Pine,148.8884,-20.3779,842,2023-08-28,0.364,1.315
Pine,Pine,148.8884,-20.3779,842,2023-08-29,0.436,1.466
Pine,Pine,148.8884,-20.3779,842,2023-08-30,0.463,2.169
Pine,Pine,148.8884,-20.3779,842,2023-08-31,0.471,3.273
Pine,Pine,148.8884,-20.3779,842,2023-09-01,0.455,4.114
Pine,Pine,148.8884,-20.3779,842,2023-09-02,0.449,3.61
Pine,Pine,148.8884,-20.3779,842,2023-09-03,0.438,2.99
Pine,Pine,148.8884,-20.3779,842,2023-09-04,0.441,2.02
Pine,Pine,148.8884,-20.3779,842,2023-09-05,0.47,1.364
Pine,Pine,148.8884,-20.3779,842,2023-09-06,0.46,1.035
Pine,Pine,148.8884,-20.3779,842,2023-09-07,0.437,1.172
Pine,Pine,148.8884,-20.3779,842,2023-09-08,0.417,0.861
Pine,Pine,148.8884,-20.3779,842,2023-09-09,0.358,0.886
Pine,Pine,148.8884,-20.3779,842,2023-09-10,0.311,1.084
Pine,Pine,148.8884,-20.3779,842,2023-09-11,0.321,2.15
Pine,Pine,148.8884,-20.3779,842,2023-09-12,0.43,3.555
Pine,Pine,148.8884,-20.3779,842,2023-09-13,0.465,4.229
Pine,Pine,148.8884,-20.3779,842,2023-09-14,0.495,4.118
Pine,Pine,148.8884,-20.3779,842,2023-09-15,0.529,4.875
Pine,Pine,148.8884,-20.3779,842,2023-09-16,0.542,6.888
Pine,Pine,148.8884,-20.3779,842,2023-09-17,0.524,6.203
Pine,Pine,148.8884,-20.3779,842,2023-09-18,0.512,4.844
Pine,Pine,148.8884,-20.3779,842,2023-09-19,0.494,3.517
Pine,Pine,148.8884,-20.3779,842,2023-09-20,0.513,2.382
Pine,Pine,148.8884,-20.3779,842,2023-09-21,0.489,1.456
Pine,Pine,148.8884,-20.3779,842,2023-09-22,0.437,1.351
Pine,Pine,148.8884,-20.3779,842,2023-09-23,0.3,1.453
Pine,Pine,148.8884,-20.3779,842,2023-09-24,0.415,1.649
Pine,Pine,148.8884,-20.3779,842,2023-09-25,0.396,2.457
Pine,Pine,148.8884,-20.3779,842,2023-09-26,0.403,2.937
Pine,Pine,148.8884,-20.3779,842,2023-09-27,0.465,3.85
Pine,Pine,148.8884,-20.3779,842,2023-09-28,0.554,4.435
Pine,Pine,148.8884,-20.3779,842,2023-09-29,0.594,5.637
Pine,Pine,148.8884,-20.3779,842,2023-09-30,0.588,5.844
Pine,Pine,148.8884,-20.3779,842,2023-10-01,0.559,4.914
Pine,Pine,148.8884,-20.3779,842,2023-10-02,0.542,4.667
Pine,Pine,148.8884,-20.3779,842,2023-10-03,0.512,3.486
Pine,Pine,148.8884,-20.3779,842,2023-10-04,0.558,2.609
Pine,Pine,148.8884,-20.3779,842,2023-10-05,0.607,1.754
Pine,Pine,148.8884,-20.3779,842,2023-10-06,0.523,1.378
Pine,Pine,148.8884,-20.3779,842,2023-10-07,0.487,2.916
Pine,Pine,148.8884,-20.3779,842,2023-10-08,0.413,1.89
Pine,Pine,148.8884,-20.3779,842,2023-10-09,0.425,2.695
Pine,Pine,148.8884,-20.3779,842,2023-10-10,0.441,2.296
Pine,Pine,148.8884,-20.3779,842,2023-10-11,0.526,2.437
Pine,Pine,148.8884,-20.3779,842,2023-10-12,0.588,2.782
Pine,Pine,148.8884,-20.3779,842,2023-10-13,0.595,2.76
Pine,Pine,148.8884,-20.3779,842,2023-10-14,0.567,2.596
Pine,Pine,148.8884,-20.3779,842,2023-10-15,0.539,2.272
Pine,Pine,148.8884,-20.3779,842,2023-10-16,0.528,2.174
Pine,Pine,148.8884,-20.3779,842,2023-10-17,0.564,1.972
Pine,Pine,148.8884,-20.3779,842,2023-10-18,0.653,3.005
Pine,Pine,148.8884,-20.3779,842,2023-10-19,0.644,1.945
